[09Dec2025 04:11:18.987] [main/INFO] [cpw.mods.modlauncher.Launcher/MODLAUNCHER]: ModLauncher running: args [--launchTarget, forgeserver, --fml.forgeVersion, 47.3.7, --fml.mcVersion, 1.20.1, --fml.forgeGroup, net.minecraftforge, --fml.mcpVersion, 20230612.114412, nogui]
[09Dec2025 04:11:18.993] [main/INFO] [cpw.mods.modlauncher.Launcher/MODLAUNCHER]: ModLauncher 10.0.9+10.0.9+main.dcd20f30 starting: java version 17.0.16 by Ubuntu; OS Linux arch amd64 version 6.8.0-1030-azure
[09Dec2025 04:11:19.028] [main/DEBUG] [cpw.mods.modlauncher.LaunchServiceHandler/MODLAUNCHER]: Found launch services [fmlclientdev,forgeclient,minecraft,forgegametestserverdev,fmlserveruserdev,fmlclient,fmldatauserdev,forgeserverdev,forgeserveruserdev,forgeclientdev,forgeclientuserdev,forgeserver,forgedatadev,fmlserver,fmlclientuserdev,fmlserverdev,forgedatauserdev,testharness,forgegametestserveruserdev]
[09Dec2025 04:11:19.047] [main/DEBUG] [cpw.mods.modlauncher.NameMappingServiceHandler/MODLAUNCHER]: Found naming services : [srgtomcp]
[09Dec2025 04:11:19.065] [main/DEBUG] [cpw.mods.modlauncher.LaunchPluginHandler/MODLAUNCHER]: Found launch plugins: [mixin,eventbus,slf4jfixer,object_holder_definalize,runtime_enum_extender,capability_token_subclass,accesstransformer,runtimedistcleaner]
[09Dec2025 04:11:19.076] [main/DEBUG] [cpw.mods.modlauncher.TransformationServicesHandler/MODLAUNCHER]: Discovering transformation services
[09Dec2025 04:11:19.082] [main/DEBUG] [net.minecraftforge.fml.loading.FMLPaths/CORE]: Path GAMEDIR is /workspaces/jhf/servidor_minecraft
[09Dec2025 04:11:19.082] [main/DEBUG] [net.minecraftforge.fml.loading.FMLPaths/CORE]: Path MODSDIR is /workspaces/jhf/servidor_minecraft/mods
[09Dec2025 04:11:19.083] [main/DEBUG] [net.minecraftforge.fml.loading.FMLPaths/CORE]: Path CONFIGDIR is /workspaces/jhf/servidor_minecraft/config
[09Dec2025 04:11:19.083] [main/DEBUG] [net.minecraftforge.fml.loading.FMLPaths/CORE]: Path FMLCONFIG is /workspaces/jhf/servidor_minecraft/config/fml.toml
[09Dec2025 04:11:19.659] [main/DEBUG] [cpw.mods.modlauncher.TransformationServicesHandler/MODLAUNCHER]: Found additional transformation services from discovery services: 
[09Dec2025 04:11:19.665] [main/INFO] [net.minecraftforge.fml.loading.ImmediateWindowHandler/]: ImmediateWindowProvider not loading because launch target is forgeserver
[09Dec2025 04:11:19.674] [main/DEBUG] [cpw.mods.modlauncher.TransformationServicesHandler/MODLAUNCHER]: Found transformer services : [mixin,fml]
[09Dec2025 04:11:19.674] [main/DEBUG] [cpw.mods.modlauncher.TransformationServicesHandler/MODLAUNCHER]: Transformation services loading
[09Dec2025 04:11:19.675] [main/DEBUG] [cpw.mods.modlauncher.TransformationServiceDecorator/MODLAUNCHER]: Loading service mixin
[09Dec2025 04:11:19.677] [main/DEBUG] [cpw.mods.modlauncher.TransformationServiceDecorator/MODLAUNCHER]: Loaded service mixin
[09Dec2025 04:11:19.677] [main/DEBUG] [cpw.mods.modlauncher.TransformationServiceDecorator/MODLAUNCHER]: Loading service fml
[09Dec2025 04:11:19.678] [main/DEBUG] [net.minecraftforge.fml.loading.LauncherVersion/CORE]: Found FMLLauncher version 1.0
[09Dec2025 04:11:19.678] [main/DEBUG] [net.minecraftforge.fml.loading.FMLLoader/CORE]: FML 1.0 loading
[09Dec2025 04:11:19.679] [main/DEBUG] [net.minecraftforge.fml.loading.FMLLoader/CORE]: FML found ModLauncher version : 10.0.9+10.0.9+main.dcd20f30
[09Dec2025 04:11:19.679] [main/DEBUG] [net.minecraftforge.fml.loading.FMLLoader/CORE]: FML found AccessTransformer version : 8.0.4+66+master.c09db6d7
[09Dec2025 04:11:19.680] [main/DEBUG] [net.minecraftforge.fml.loading.FMLLoader/CORE]: FML found EventBus version : 6.0.5+6.0.5+master.eb8e549b
[09Dec2025 04:11:19.680] [main/DEBUG] [net.minecraftforge.fml.loading.FMLLoader/CORE]: Found Runtime Dist Cleaner
[09Dec2025 04:11:19.681] [main/DEBUG] [net.minecraftforge.fml.loading.FMLLoader/CORE]: FML found CoreMod version : 5.1.6
[09Dec2025 04:11:19.682] [main/DEBUG] [net.minecraftforge.fml.loading.FMLLoader/CORE]: Found ForgeSPI package implementation version 7.0.1+7.0.1+master.d2b38bf6
[09Dec2025 04:11:19.682] [main/DEBUG] [net.minecraftforge.fml.loading.FMLLoader/CORE]: Found ForgeSPI package specification 5
[09Dec2025 04:11:19.682] [main/DEBUG] [cpw.mods.modlauncher.TransformationServiceDecorator/MODLAUNCHER]: Loaded service fml
[09Dec2025 04:11:19.683] [main/DEBUG] [cpw.mods.modlauncher.TransformationServicesHandler/MODLAUNCHER]: Configuring option handling for services
[09Dec2025 04:11:19.693] [main/DEBUG] [cpw.mods.modlauncher.TransformationServicesHandler/MODLAUNCHER]: Transformation services initializing
[09Dec2025 04:11:19.694] [main/DEBUG] [cpw.mods.modlauncher.TransformationServiceDecorator/MODLAUNCHER]: Initializing transformation service mixin
[09Dec2025 04:11:19.712] [main/DEBUG] [mixin/]: MixinService [ModLauncher] was successfully booted in cpw.mods.cl.ModuleClassLoader@44c8afef
[09Dec2025 04:11:19.738] [main/INFO] [mixin/]: SpongePowered MIXIN Subsystem Version=0.8.5 Source=union:/workspaces/jhf/servidor_minecraft/libraries/org/spongepowered/mixin/0.8.5/mixin-0.8.5.jar%2363!/ Service=ModLauncher Env=SERVER
[09Dec2025 04:11:19.742] [main/DEBUG] [mixin/]: Initialising Mixin Platform Manager
[09Dec2025 04:11:19.743] [main/DEBUG] [mixin/]: Adding mixin platform agents for container ModLauncher Root Container(ModLauncher:4f56a0a2)
[09Dec2025 04:11:19.744] [main/DEBUG] [mixin/]: Instancing new MixinPlatformAgentMinecraftForge for ModLauncher Root Container(ModLauncher:4f56a0a2)
[09Dec2025 04:11:19.747] [main/DEBUG] [mixin/]: MixinPlatformAgentMinecraftForge rejected container ModLauncher Root Container(ModLauncher:4f56a0a2)
[09Dec2025 04:11:19.749] [main/DEBUG] [mixin/]: Instancing new MixinPlatformAgentDefault for ModLauncher Root Container(ModLauncher:4f56a0a2)
[09Dec2025 04:11:19.749] [main/DEBUG] [mixin/]: MixinPlatformAgentDefault accepted container ModLauncher Root Container(ModLauncher:4f56a0a2)
[09Dec2025 04:11:19.753] [main/DEBUG] [cpw.mods.modlauncher.TransformationServiceDecorator/MODLAUNCHER]: Initialized transformation service mixin
[09Dec2025 04:11:19.753] [main/DEBUG] [cpw.mods.modlauncher.TransformationServiceDecorator/MODLAUNCHER]: Initializing transformation service fml
[09Dec2025 04:11:19.753] [main/DEBUG] [net.minecraftforge.fml.loading.FMLServiceProvider/CORE]: Setting up basic FML game directories
[09Dec2025 04:11:19.754] [main/DEBUG] [net.minecraftforge.fml.loading.FMLPaths/CORE]: Path GAMEDIR is /workspaces/jhf/servidor_minecraft
[09Dec2025 04:11:19.756] [main/DEBUG] [net.minecraftforge.fml.loading.FMLPaths/CORE]: Path MODSDIR is /workspaces/jhf/servidor_minecraft/mods
[09Dec2025 04:11:19.758] [main/DEBUG] [net.minecraftforge.fml.loading.FMLPaths/CORE]: Path CONFIGDIR is /workspaces/jhf/servidor_minecraft/config
[09Dec2025 04:11:19.758] [main/DEBUG] [net.minecraftforge.fml.loading.FMLPaths/CORE]: Path FMLCONFIG is /workspaces/jhf/servidor_minecraft/config/fml.toml
[09Dec2025 04:11:19.758] [main/DEBUG] [net.minecraftforge.fml.loading.FMLServiceProvider/CORE]: Loading configuration
[09Dec2025 04:11:19.762] [main/DEBUG] [net.minecraftforge.fml.loading.FMLServiceProvider/CORE]: Preparing ModFile
[09Dec2025 04:11:19.765] [main/DEBUG] [net.minecraftforge.fml.loading.FMLServiceProvider/CORE]: Preparing launch handler
[09Dec2025 04:11:19.765] [main/DEBUG] [net.minecraftforge.fml.loading.FMLLoader/CORE]: Using forgeserver as launch service
[09Dec2025 04:11:19.784] [main/DEBUG] [net.minecraftforge.fml.loading.FMLLoader/CORE]: Received command line version data  : VersionInfo[forgeVersion=47.3.7, mcVersion=1.20.1, mcpVersion=20230612.114412, forgeGroup=net.minecraftforge]
[09Dec2025 04:11:19.788] [main/DEBUG] [cpw.mods.modlauncher.TransformationServiceDecorator/MODLAUNCHER]: Initialized transformation service fml
[09Dec2025 04:11:19.788] [main/DEBUG] [cpw.mods.modlauncher.NameMappingServiceHandler/MODLAUNCHER]: Current naming domain is 'srg'
[09Dec2025 04:11:19.790] [main/DEBUG] [cpw.mods.modlauncher.NameMappingServiceHandler/MODLAUNCHER]: Identified name mapping providers {}
[09Dec2025 04:11:19.790] [main/DEBUG] [cpw.mods.modlauncher.TransformationServicesHandler/MODLAUNCHER]: Transformation services begin scanning
[09Dec2025 04:11:19.791] [main/DEBUG] [cpw.mods.modlauncher.TransformationServiceDecorator/MODLAUNCHER]: Beginning scan trigger - transformation service mixin
[09Dec2025 04:11:19.791] [main/DEBUG] [cpw.mods.modlauncher.TransformationServiceDecorator/MODLAUNCHER]: End scan trigger - transformation service mixin
[09Dec2025 04:11:19.792] [main/DEBUG] [cpw.mods.modlauncher.TransformationServiceDecorator/MODLAUNCHER]: Beginning scan trigger - transformation service fml
[09Dec2025 04:11:19.792] [main/DEBUG] [net.minecraftforge.fml.loading.FMLServiceProvider/CORE]: Initiating mod scan
[09Dec2025 04:11:19.805] [main/DEBUG] [net.minecraftforge.fml.loading.moddiscovery.ModListHandler/CORE]: Found mod coordinates from lists: []
[09Dec2025 04:11:19.811] [main/DEBUG] [net.minecraftforge.fml.loading.moddiscovery.ModDiscoverer/CORE]: Found Mod Locators : (mods folder:null),(maven libs:null),(exploded directory:null),(minecraft:null),(userdev classpath:null)
[09Dec2025 04:11:19.812] [main/DEBUG] [net.minecraftforge.fml.loading.moddiscovery.ModDiscoverer/CORE]: Found Dependency Locators : (JarInJar:null)
[09Dec2025 04:11:19.821] [main/DEBUG] [net.minecraftforge.fml.loading.moddiscovery.ModFileParser/LOADING]: Considering mod file candidate /workspaces/jhf/servidor_minecraft/mods/Apotheosis-1.20.1-7.4.8.jar
[09Dec2025 04:11:19.878] [main/DEBUG] [net.minecraftforge.fml.loading.moddiscovery.ModFileInfo/LOADING]: Found valid mod file Apotheosis-1.20.1-7.4.8.jar with {apotheosis} mods - versions {7.4.8}
[09Dec2025 04:11:19.881] [main/DEBUG] [net.minecraftforge.fml.loading.moddiscovery.ModFileParser/LOADING]: Considering mod file candidate /workspaces/jhf/servidor_minecraft/mods/ApothicAttributes-1.20.1-1.3.7.jar
[09Dec2025 04:11:19.882] [main/DEBUG] [net.minecraftforge.fml.loading.moddiscovery.ModFileInfo/LOADING]: Found valid mod file ApothicAttributes-1.20.1-1.3.7.jar with {attributeslib} mods - versions {1.3.7}
[09Dec2025 04:11:19.883] [main/DEBUG] [net.minecraftforge.fml.loading.moddiscovery.ModFileParser/LOADING]: Considering mod file candidate /workspaces/jhf/servidor_minecraft/mods/CullLessLeaves-Reforged-1.20.1-1.0.5.jar
[09Dec2025 04:11:19.889] [main/DEBUG] [net.minecraftforge.fml.loading.moddiscovery.ModFileInfo/LOADING]: Found valid mod file CullLessLeaves-Reforged-1.20.1-1.0.5.jar with {culllessleaves} mods - versions {1.20.1-1.0.5}
[09Dec2025 04:11:19.890] [main/DEBUG] [net.minecraftforge.fml.loading.moddiscovery.ModFileParser/LOADING]: Considering mod file candidate /workspaces/jhf/servidor_minecraft/mods/embeddium-0.3.31+mc1.20.1.jar
[09Dec2025 04:11:19.893] [main/DEBUG] [net.minecraftforge.fml.loading.moddiscovery.ModFileInfo/LOADING]: Found valid mod file embeddium-0.3.31+mc1.20.1.jar with {embeddium,rubidium} mods - versions {0.3.31+mc1.20.1,0.7.1}
[09Dec2025 04:11:19.898] [main/DEBUG] [net.minecraftforge.fml.loading.moddiscovery.ModFileParser/LOADING]: Considering mod file candidate /workspaces/jhf/servidor_minecraft/mods/ferritecore-6.0.1-forge.jar
[09Dec2025 04:11:19.899] [main/DEBUG] [net.minecraftforge.fml.loading.moddiscovery.ModFileInfo/LOADING]: Found valid mod file ferritecore-6.0.1-forge.jar with {ferritecore} mods - versions {6.0.1}
[09Dec2025 04:11:19.900] [main/DEBUG] [net.minecraftforge.fml.loading.moddiscovery.ModFileParser/LOADING]: Considering mod file candidate /workspaces/jhf/servidor_minecraft/mods/geckolib-forge-1.20.1-4.8.2.jar
[09Dec2025 04:11:19.904] [main/DEBUG] [net.minecraftforge.fml.loading.moddiscovery.ModFileInfo/LOADING]: Found valid mod file geckolib-forge-1.20.1-4.8.2.jar with {geckolib} mods - versions {4.8.2}
[09Dec2025 04:11:19.905] [main/DEBUG] [net.minecraftforge.fml.loading.moddiscovery.ModFileParser/LOADING]: Considering mod file candidate /workspaces/jhf/servidor_minecraft/mods/ImmediatelyFast-Forge-1.5.2+1.20.4.jar
[09Dec2025 04:11:19.909] [main/DEBUG] [net.minecraftforge.fml.loading.moddiscovery.ModFileInfo/LOADING]: Found valid mod file ImmediatelyFast-Forge-1.5.2+1.20.4.jar with {immediatelyfast} mods - versions {1.5.2+1.20.4}
[09Dec2025 04:11:19.910] [main/DEBUG] [net.minecraftforge.fml.loading.moddiscovery.ModFileParser/LOADING]: Considering mod file candidate /workspaces/jhf/servidor_minecraft/mods/jei-1.20.1-forge-15.20.0.116.jar
[09Dec2025 04:11:19.915] [main/DEBUG] [net.minecraftforge.fml.loading.moddiscovery.ModFileInfo/LOADING]: Found valid mod file jei-1.20.1-forge-15.20.0.116.jar with {jei} mods - versions {15.20.0.116}
[09Dec2025 04:11:19.915] [main/DEBUG] [net.minecraftforge.fml.loading.moddiscovery.ModFileParser/LOADING]: Considering mod file candidate /workspaces/jhf/servidor_minecraft/mods/Ksyxis-1.3.4.jar
[09Dec2025 04:11:19.917] [main/DEBUG] [net.minecraftforge.fml.loading.moddiscovery.ModFileInfo/LOADING]: Found valid mod file Ksyxis-1.3.4.jar with {ksyxis} mods - versions {1.3.4}
[09Dec2025 04:11:19.918] [main/DEBUG] [net.minecraftforge.fml.loading.moddiscovery.ModFileParser/LOADING]: Considering mod file candidate /workspaces/jhf/servidor_minecraft/mods/modernfix-forge-5.24.4+mc1.20.1.jar
[09Dec2025 04:11:19.921] [main/DEBUG] [net.minecraftforge.fml.loading.moddiscovery.ModFileInfo/LOADING]: Found valid mod file modernfix-forge-5.24.4+mc1.20.1.jar with {modernfix} mods - versions {5.24.4+mc1.20.1}
[09Dec2025 04:11:19.923] [main/DEBUG] [net.minecraftforge.fml.loading.moddiscovery.ModFileParser/LOADING]: Considering mod file candidate /workspaces/jhf/servidor_minecraft/mods/mowziesmobs-1.7.3.jar
[09Dec2025 04:11:19.926] [main/DEBUG] [net.minecraftforge.fml.loading.moddiscovery.ModFileInfo/LOADING]: Found valid mod file mowziesmobs-1.7.3.jar with {mowziesmobs} mods - versions {1.7.3}
[09Dec2025 04:11:19.929] [main/DEBUG] [net.minecraftforge.fml.loading.moddiscovery.ModFileParser/LOADING]: Considering mod file candidate /workspaces/jhf/servidor_minecraft/mods/Placebo-1.20.1-8.6.3.jar
[09Dec2025 04:11:19.930] [main/DEBUG] [net.minecraftforge.fml.loading.moddiscovery.ModFileInfo/LOADING]: Found valid mod file Placebo-1.20.1-8.6.3.jar with {placebo} mods - versions {8.6.3}
[09Dec2025 04:11:19.933] [main/DEBUG] [net.minecraftforge.fml.loading.moddiscovery.ModFileParser/LOADING]: Considering mod file candidate /workspaces/jhf/servidor_minecraft/mods/radium-mc1.20.1-0.12.4+git.26c9d8e.jar
[09Dec2025 04:11:19.934] [main/DEBUG] [net.minecraftforge.fml.loading.moddiscovery.ModFileInfo/LOADING]: Found valid mod file radium-mc1.20.1-0.12.4+git.26c9d8e.jar with {radium} mods - versions {0.12.4+git.26c9d8e}
[09Dec2025 04:11:19.934] [main/DEBUG] [net.minecraftforge.fml.loading.moddiscovery.ModFileParser/LOADING]: Considering mod file candidate /workspaces/jhf/servidor_minecraft/mods/SHW 1.1.0 [FORGE] 1.20.1.jar
[09Dec2025 04:11:19.936] [main/DEBUG] [net.minecraftforge.fml.loading.moddiscovery.ModFileInfo/LOADING]: Found valid mod file SHW 1.1.0 [FORGE] 1.20.1.jar with {shw} mods - versions {1.1.0}
[09Dec2025 04:11:19.939] [main/DEBUG] [net.minecraftforge.fml.loading.moddiscovery.ModFileParser/LOADING]: Considering mod file candidate /workspaces/jhf/servidor_minecraft/mods/spark-1.10.53-forge.jar
[09Dec2025 04:11:19.942] [main/DEBUG] [net.minecraftforge.fml.loading.moddiscovery.ModFileInfo/LOADING]: Found valid mod file spark-1.10.53-forge.jar with {spark} mods - versions {1.10.53}
[09Dec2025 04:11:19.946] [main/DEBUG] [net.minecraftforge.fml.loading.moddiscovery.ModFileParser/LOADING]: Considering mod file candidate /workspaces/jhf/servidor_minecraft/mods/Vampirism-1.20.1-1.10.13.jar
[09Dec2025 04:11:19.948] [main/DEBUG] [net.minecraftforge.fml.loading.moddiscovery.ModFileInfo/LOADING]: Found valid mod file Vampirism-1.20.1-1.10.13.jar with {vampirism,teamlapenlib} mods - versions {1.10.13,1.10.13}
[09Dec2025 04:11:20.126] [main/DEBUG] [net.minecraftforge.fml.loading.moddiscovery.ModFileInfo/LOADING]: Found valid mod file server-1.20.1-20230612.114412-srg.jar with {minecraft} mods - versions {1.20.1}
[09Dec2025 04:11:20.131] [main/DEBUG] [net.minecraftforge.fml.loading.moddiscovery.ModFileParser/LOADING]: Considering mod file candidate /workspaces/jhf/servidor_minecraft/libraries/net/minecraftforge/fmlcore/1.20.1-47.3.7/fmlcore-1.20.1-47.3.7.jar
[09Dec2025 04:11:20.132] [main/WARN] [net.minecraftforge.fml.loading.moddiscovery.ModFileParser/LOADING]: Mod file /workspaces/jhf/servidor_minecraft/libraries/net/minecraftforge/fmlcore/1.20.1-47.3.7/fmlcore-1.20.1-47.3.7.jar is missing mods.toml file
[09Dec2025 04:11:20.134] [main/DEBUG] [net.minecraftforge.fml.loading.moddiscovery.ModFileParser/LOADING]: Considering mod file candidate /workspaces/jhf/servidor_minecraft/libraries/net/minecraftforge/javafmllanguage/1.20.1-47.3.7/javafmllanguage-1.20.1-47.3.7.jar
[09Dec2025 04:11:20.134] [main/WARN] [net.minecraftforge.fml.loading.moddiscovery.ModFileParser/LOADING]: Mod file /workspaces/jhf/servidor_minecraft/libraries/net/minecraftforge/javafmllanguage/1.20.1-47.3.7/javafmllanguage-1.20.1-47.3.7.jar is missing mods.toml file
[09Dec2025 04:11:20.136] [main/DEBUG] [net.minecraftforge.fml.loading.moddiscovery.ModFileParser/LOADING]: Considering mod file candidate /workspaces/jhf/servidor_minecraft/libraries/net/minecraftforge/lowcodelanguage/1.20.1-47.3.7/lowcodelanguage-1.20.1-47.3.7.jar
[09Dec2025 04:11:20.136] [main/WARN] [net.minecraftforge.fml.loading.moddiscovery.ModFileParser/LOADING]: Mod file /workspaces/jhf/servidor_minecraft/libraries/net/minecraftforge/lowcodelanguage/1.20.1-47.3.7/lowcodelanguage-1.20.1-47.3.7.jar is missing mods.toml file
[09Dec2025 04:11:20.138] [main/DEBUG] [net.minecraftforge.fml.loading.moddiscovery.ModFileParser/LOADING]: Considering mod file candidate /workspaces/jhf/servidor_minecraft/libraries/net/minecraftforge/mclanguage/1.20.1-47.3.7/mclanguage-1.20.1-47.3.7.jar
[09Dec2025 04:11:20.138] [main/WARN] [net.minecraftforge.fml.loading.moddiscovery.ModFileParser/LOADING]: Mod file /workspaces/jhf/servidor_minecraft/libraries/net/minecraftforge/mclanguage/1.20.1-47.3.7/mclanguage-1.20.1-47.3.7.jar is missing mods.toml file
[09Dec2025 04:11:20.204] [main/DEBUG] [net.minecraftforge.fml.loading.moddiscovery.ModFileParser/LOADING]: Considering mod file candidate /workspaces/jhf/servidor_minecraft/libraries/net/minecraftforge/forge/1.20.1-47.3.7/forge-1.20.1-47.3.7-universal.jar
[09Dec2025 04:11:20.206] [main/DEBUG] [net.minecraftforge.fml.loading.moddiscovery.ModFileInfo/LOADING]: Found valid mod file forge-1.20.1-47.3.7-universal.jar with {forge} mods - versions {47.3.7}
[09Dec2025 04:11:20.221] [main/DEBUG] [net.minecraftforge.fml.loading.moddiscovery.AbstractJarFileDependencyLocator/]: Failed to load resource META-INF/jarjar/metadata.json from server-1.20.1-20230612.114412-srg.jar, it does not contain dependency information.
[09Dec2025 04:11:20.222] [main/DEBUG] [net.minecraftforge.fml.loading.moddiscovery.AbstractJarFileDependencyLocator/]: Failed to load resource META-INF/jarjar/metadata.json from ApothicAttributes-1.20.1-1.3.7.jar, it does not contain dependency information.
[09Dec2025 04:11:20.222] [main/DEBUG] [net.minecraftforge.fml.loading.moddiscovery.AbstractJarFileDependencyLocator/]: Failed to load resource META-INF/jarjar/metadata.json from SHW 1.1.0 [FORGE] 1.20.1.jar, it does not contain dependency information.
[09Dec2025 04:11:20.222] [main/DEBUG] [net.minecraftforge.fml.loading.moddiscovery.AbstractJarFileDependencyLocator/]: Failed to load resource META-INF/jarjar/metadata.json from mowziesmobs-1.7.3.jar, it does not contain dependency information.
[09Dec2025 04:11:20.224] [main/DEBUG] [net.minecraftforge.fml.loading.moddiscovery.AbstractJarFileDependencyLocator/]: Failed to load resource META-INF/jarjar/metadata.json from Apotheosis-1.20.1-7.4.8.jar, it does not contain dependency information.
[09Dec2025 04:11:20.224] [main/DEBUG] [net.minecraftforge.fml.loading.moddiscovery.AbstractJarFileDependencyLocator/]: Failed to load resource META-INF/jarjar/metadata.json from Vampirism-1.20.1-1.10.13.jar, it does not contain dependency information.
[09Dec2025 04:11:20.224] [main/DEBUG] [net.minecraftforge.fml.loading.moddiscovery.AbstractJarFileDependencyLocator/]: Failed to load resource META-INF/jarjar/metadata.json from ferritecore-6.0.1-forge.jar, it does not contain dependency information.
[09Dec2025 04:11:20.224] [main/DEBUG] [net.minecraftforge.fml.loading.moddiscovery.AbstractJarFileDependencyLocator/]: Failed to load resource META-INF/jarjar/metadata.json from CullLessLeaves-Reforged-1.20.1-1.0.5.jar, it does not contain dependency information.
[09Dec2025 04:11:20.224] [main/DEBUG] [net.minecraftforge.fml.loading.moddiscovery.AbstractJarFileDependencyLocator/]: Failed to load resource META-INF/jarjar/metadata.json from jei-1.20.1-forge-15.20.0.116.jar, it does not contain dependency information.
[09Dec2025 04:11:20.225] [main/DEBUG] [net.minecraftforge.fml.loading.moddiscovery.AbstractJarFileDependencyLocator/]: Failed to load resource META-INF/jarjar/metadata.json from Ksyxis-1.3.4.jar, it does not contain dependency information.
[09Dec2025 04:11:20.225] [main/DEBUG] [net.minecraftforge.fml.loading.moddiscovery.AbstractJarFileDependencyLocator/]: Failed to load resource META-INF/jarjar/metadata.json from spark-1.10.53-forge.jar, it does not contain dependency information.
[09Dec2025 04:11:20.225] [main/DEBUG] [net.minecraftforge.fml.loading.moddiscovery.AbstractJarFileDependencyLocator/]: Failed to load resource META-INF/jarjar/metadata.json from forge-1.20.1-47.3.7-universal.jar, it does not contain dependency information.
[09Dec2025 04:11:20.225] [main/DEBUG] [net.minecraftforge.fml.loading.moddiscovery.AbstractJarFileDependencyLocator/]: Failed to load resource META-INF/jarjar/metadata.json from Placebo-1.20.1-8.6.3.jar, it does not contain dependency information.
[09Dec2025 04:11:20.226] [main/DEBUG] [net.minecraftforge.fml.loading.moddiscovery.AbstractJarFileDependencyLocator/]: Failed to load resource META-INF/jarjar/metadata.json from mclanguage-1.20.1-47.3.7.jar, it does not contain dependency information.
[09Dec2025 04:11:20.226] [main/DEBUG] [net.minecraftforge.fml.loading.moddiscovery.AbstractJarFileDependencyLocator/]: Failed to load resource META-INF/jarjar/metadata.json from javafmllanguage-1.20.1-47.3.7.jar, it does not contain dependency information.
[09Dec2025 04:11:20.226] [main/DEBUG] [net.minecraftforge.fml.loading.moddiscovery.AbstractJarFileDependencyLocator/]: Failed to load resource META-INF/jarjar/metadata.json from fmlcore-1.20.1-47.3.7.jar, it does not contain dependency information.
[09Dec2025 04:11:20.226] [main/DEBUG] [net.minecraftforge.fml.loading.moddiscovery.AbstractJarFileDependencyLocator/]: Failed to load resource META-INF/jarjar/metadata.json from lowcodelanguage-1.20.1-47.3.7.jar, it does not contain dependency information.
[09Dec2025 04:11:20.301] [main/DEBUG] [net.minecraftforge.fml.loading.moddiscovery.ModFileParser/LOADING]: Considering mod file candidate 
[09Dec2025 04:11:20.303] [main/DEBUG] [net.minecraftforge.fml.loading.moddiscovery.ModFileInfo/LOADING]: Found valid mod file mixinextras-forge-0.4.1.jar with {mixinextras} mods - versions {0.4.1}
[09Dec2025 04:11:20.322] [main/DEBUG] [net.minecraftforge.fml.loading.moddiscovery.ModFileParser/LOADING]: Considering mod file candidate 
[09Dec2025 04:11:20.323] [main/DEBUG] [net.minecraftforge.fml.loading.moddiscovery.ModFileInfo/LOADING]: Found valid mod file mixinextras-forge-0.3.6.jar with {mixinextras} mods - versions {0.3.6}
[09Dec2025 04:11:20.335] [main/DEBUG] [net.minecraftforge.fml.loading.moddiscovery.ModFileParser/LOADING]: Considering mod file candidate 
[09Dec2025 04:11:20.336] [main/DEBUG] [net.minecraftforge.fml.loading.moddiscovery.ModFileInfo/LOADING]: Found valid mod file mixinextras-forge-0.3.5.jar with {mixinextras} mods - versions {0.3.5}
[09Dec2025 04:11:20.344] [main/DEBUG] [net.minecraftforge.fml.loading.moddiscovery.AbstractJarFileDependencyLocator/]: Failed to load resource META-INF/jarjar/metadata.json from NanoLiveConfig-1.2.1.jar, it does not contain dependency information.
[09Dec2025 04:11:20.345] [main/DEBUG] [net.minecraftforge.fml.loading.moddiscovery.AbstractJarFileDependencyLocator/]: Failed to load resource META-INF/jarjar/metadata.json from mclib-20.jar, it does not contain dependency information.
[09Dec2025 04:11:20.350] [main/DEBUG] [net.minecraftforge.fml.loading.moddiscovery.AbstractJarFileDependencyLocator/]: Failed to load resource META-INF/jarjar/metadata.json from Reflect-1.3.4.jar, it does not contain dependency information.
[09Dec2025 04:11:20.356] [main/DEBUG] [net.minecraftforge.fml.loading.moddiscovery.AbstractJarFileDependencyLocator/]: Failed to load resource META-INF/jarjar/metadata.json from MixinExtras-0.4.1.jar, it does not contain dependency information.
[09Dec2025 04:11:20.357] [main/DEBUG] [net.minecraftforge.fml.loading.moddiscovery.AbstractJarFileDependencyLocator/]: Failed to load resource META-INF/jarjar/metadata.json from MixinExtras-0.3.6.jar, it does not contain dependency information.
[09Dec2025 04:11:20.357] [main/DEBUG] [net.minecraftforge.fml.loading.moddiscovery.AbstractJarFileDependencyLocator/]: Failed to load resource META-INF/jarjar/metadata.json from MixinExtras-0.3.5.jar, it does not contain dependency information.
[09Dec2025 04:11:20.393] [main/DEBUG] [net.minecraftforge.fml.loading.moddiscovery.ModFileParser/LOADING]: Considering mod file candidate 
[09Dec2025 04:11:20.393] [main/DEBUG] [net.minecraftforge.fml.loading.moddiscovery.ModFileInfo/LOADING]: Found valid mod file mixinextras-forge-0.4.1.jar with {mixinextras} mods - versions {0.4.1}
[09Dec2025 04:11:20.403] [main/INFO] [net.minecraftforge.fml.loading.moddiscovery.JarInJarDependencyLocator/]: Found 5 dependencies adding them to mods collection
[09Dec2025 04:11:20.405] [main/DEBUG] [net.minecraftforge.fml.loading.moddiscovery.ModFileParser/LOADING]: Considering mod file candidate /workspaces/jhf/servidor_minecraft/mods/ApothicAttributes-1.20.1-1.3.7.jar
[09Dec2025 04:11:20.407] [main/DEBUG] [net.minecraftforge.fml.loading.moddiscovery.ModFileInfo/LOADING]: Found valid mod file ApothicAttributes-1.20.1-1.3.7.jar with {attributeslib} mods - versions {1.3.7}
[09Dec2025 04:11:20.413] [main/DEBUG] [net.minecraftforge.fml.loading.moddiscovery.ModFile/LOADING]: Loading mod file /workspaces/jhf/servidor_minecraft/mods/ApothicAttributes-1.20.1-1.3.7.jar with languages [LanguageSpec[languageName=javafml, acceptedVersions=[32,)]]
[09Dec2025 04:11:20.416] [main/DEBUG] [net.minecraftforge.fml.loading.moddiscovery.ModFileParser/LOADING]: Found coremod attributeslib_potion_gui_tooltips with Javascript path coremods/potion_gui_tooltips.js
[09Dec2025 04:11:20.417] [main/DEBUG] [net.minecraftforge.fml.loading.moddiscovery.ModFile/LOADING]: Found coremod coremods/potion_gui_tooltips.js
[09Dec2025 04:11:20.417] [main/DEBUG] [net.minecraftforge.fml.loading.moddiscovery.ModFileInfo/LOADING]: Found valid mod file server-1.20.1-20230612.114412-srg.jar with {minecraft} mods - versions {1.20.1}
[09Dec2025 04:11:20.418] [main/DEBUG] [net.minecraftforge.fml.loading.moddiscovery.ModFile/LOADING]: Loading mod file /workspaces/jhf/servidor_minecraft/libraries/net/minecraft/server/1.20.1-20230612.114412/server-1.20.1-20230612.114412-srg.jar with languages [LanguageSpec[languageName=minecraft, acceptedVersions=1]]
[09Dec2025 04:11:20.419] [main/DEBUG] [net.minecraftforge.fml.loading.moddiscovery.ModFileParser/LOADING]: Considering mod file candidate /workspaces/jhf/servidor_minecraft/mods/radium-mc1.20.1-0.12.4+git.26c9d8e.jar
[09Dec2025 04:11:20.420] [main/DEBUG] [net.minecraftforge.fml.loading.moddiscovery.ModFileInfo/LOADING]: Found valid mod file radium-mc1.20.1-0.12.4+git.26c9d8e.jar with {radium} mods - versions {0.12.4+git.26c9d8e}
[09Dec2025 04:11:20.420] [main/DEBUG] [net.minecraftforge.fml.loading.moddiscovery.ModFile/LOADING]: Loading mod file /workspaces/jhf/servidor_minecraft/mods/radium-mc1.20.1-0.12.4+git.26c9d8e.jar with languages [LanguageSpec[languageName=javafml, acceptedVersions=*]]
[09Dec2025 04:11:20.420] [main/DEBUG] [net.minecraftforge.fml.loading.moddiscovery.ModFileParser/LOADING]: Considering mod file candidate /workspaces/jhf/servidor_minecraft/mods/mowziesmobs-1.7.3.jar
[09Dec2025 04:11:20.421] [main/DEBUG] [net.minecraftforge.fml.loading.moddiscovery.ModFileInfo/LOADING]: Found valid mod file mowziesmobs-1.7.3.jar with {mowziesmobs} mods - versions {1.7.3}
[09Dec2025 04:11:20.422] [main/DEBUG] [net.minecraftforge.fml.loading.moddiscovery.ModFile/LOADING]: Loading mod file /workspaces/jhf/servidor_minecraft/mods/mowziesmobs-1.7.3.jar with languages [LanguageSpec[languageName=javafml, acceptedVersions=[43,)]]
[09Dec2025 04:11:20.422] [main/DEBUG] [net.minecraftforge.fml.loading.moddiscovery.ModFileParser/LOADING]: Considering mod file candidate /workspaces/jhf/servidor_minecraft/mods/SHW 1.1.0 [FORGE] 1.20.1.jar
[09Dec2025 04:11:20.423] [main/DEBUG] [net.minecraftforge.fml.loading.moddiscovery.ModFileInfo/LOADING]: Found valid mod file SHW 1.1.0 [FORGE] 1.20.1.jar with {shw} mods - versions {1.1.0}
[09Dec2025 04:11:20.423] [main/DEBUG] [net.minecraftforge.fml.loading.moddiscovery.ModFile/LOADING]: Loading mod file /workspaces/jhf/servidor_minecraft/mods/SHW 1.1.0 [FORGE] 1.20.1.jar with languages [LanguageSpec[languageName=javafml, acceptedVersions=[47,)]]
[09Dec2025 04:11:20.423] [main/DEBUG] [net.minecraftforge.fml.loading.moddiscovery.ModFileParser/LOADING]: Considering mod file candidate /workspaces/jhf/servidor_minecraft/mods/ImmediatelyFast-Forge-1.5.2+1.20.4.jar
[09Dec2025 04:11:20.424] [main/DEBUG] [net.minecraftforge.fml.loading.moddiscovery.ModFileInfo/LOADING]: Found valid mod file ImmediatelyFast-Forge-1.5.2+1.20.4.jar with {immediatelyfast} mods - versions {1.5.2+1.20.4}
[09Dec2025 04:11:20.424] [main/DEBUG] [net.minecraftforge.fml.loading.moddiscovery.ModFile/LOADING]: Loading mod file /workspaces/jhf/servidor_minecraft/mods/ImmediatelyFast-Forge-1.5.2+1.20.4.jar with languages [LanguageSpec[languageName=javafml, acceptedVersions=[46,)]]
[09Dec2025 04:11:20.424] [main/DEBUG] [net.minecraftforge.fml.loading.moddiscovery.ModFileParser/LOADING]: Considering mod file candidate /workspaces/jhf/servidor_minecraft/mods/Apotheosis-1.20.1-7.4.8.jar
[09Dec2025 04:11:20.425] [main/DEBUG] [net.minecraftforge.fml.loading.moddiscovery.ModFileInfo/LOADING]: Found valid mod file Apotheosis-1.20.1-7.4.8.jar with {apotheosis} mods - versions {7.4.8}
[09Dec2025 04:11:20.425] [main/DEBUG] [net.minecraftforge.fml.loading.moddiscovery.ModFile/LOADING]: Loading mod file /workspaces/jhf/servidor_minecraft/mods/Apotheosis-1.20.1-7.4.8.jar with languages [LanguageSpec[languageName=javafml, acceptedVersions=[32,)]]
[09Dec2025 04:11:20.425] [main/DEBUG] [net.minecraftforge.fml.loading.moddiscovery.ModFileParser/LOADING]: Found coremod apotheosis_ench/ench_info_loot_redirector with Javascript path coremods/ench/ench_info_loot_redirector.js
[09Dec2025 04:11:20.425] [main/DEBUG] [net.minecraftforge.fml.loading.moddiscovery.ModFileParser/LOADING]: Found coremod apotheosis_ench/ench_info_redirector with Javascript path coremods/ench/ench_info_redirector.js
[09Dec2025 04:11:20.425] [main/DEBUG] [net.minecraftforge.fml.loading.moddiscovery.ModFileParser/LOADING]: Found coremod apotheosis_ench/fishing_hook with Javascript path coremods/ench/fishing_hook.js
[09Dec2025 04:11:20.425] [main/DEBUG] [net.minecraftforge.fml.loading.moddiscovery.ModFile/LOADING]: Found coremod coremods/ench/ench_info_loot_redirector.js
[09Dec2025 04:11:20.426] [main/DEBUG] [net.minecraftforge.fml.loading.moddiscovery.ModFile/LOADING]: Found coremod coremods/ench/ench_info_redirector.js
[09Dec2025 04:11:20.426] [main/DEBUG] [net.minecraftforge.fml.loading.moddiscovery.ModFile/LOADING]: Found coremod coremods/ench/fishing_hook.js
[09Dec2025 04:11:20.426] [main/DEBUG] [net.minecraftforge.fml.loading.moddiscovery.ModFileParser/LOADING]: Considering mod file candidate /workspaces/jhf/servidor_minecraft/mods/geckolib-forge-1.20.1-4.8.2.jar
[09Dec2025 04:11:20.427] [main/DEBUG] [net.minecraftforge.fml.loading.moddiscovery.ModFileInfo/LOADING]: Found valid mod file geckolib-forge-1.20.1-4.8.2.jar with {geckolib} mods - versions {4.8.2}
[09Dec2025 04:11:20.427] [main/DEBUG] [net.minecraftforge.fml.loading.moddiscovery.ModFile/LOADING]: Loading mod file /workspaces/jhf/servidor_minecraft/mods/geckolib-forge-1.20.1-4.8.2.jar with languages [LanguageSpec[languageName=javafml, acceptedVersions=[47,)]]
[09Dec2025 04:11:20.427] [main/DEBUG] [net.minecraftforge.fml.loading.moddiscovery.ModFileParser/LOADING]: Considering mod file candidate /workspaces/jhf/servidor_minecraft/mods/CullLessLeaves-Reforged-1.20.1-1.0.5.jar
[09Dec2025 04:11:20.428] [main/DEBUG] [net.minecraftforge.fml.loading.moddiscovery.ModFileInfo/LOADING]: Found valid mod file CullLessLeaves-Reforged-1.20.1-1.0.5.jar with {culllessleaves} mods - versions {1.20.1-1.0.5}
[09Dec2025 04:11:20.428] [main/DEBUG] [net.minecraftforge.fml.loading.moddiscovery.ModFile/LOADING]: Loading mod file /workspaces/jhf/servidor_minecraft/mods/CullLessLeaves-Reforged-1.20.1-1.0.5.jar with languages [LanguageSpec[languageName=javafml, acceptedVersions=[47,)]]
[09Dec2025 04:11:20.428] [main/DEBUG] [net.minecraftforge.fml.loading.moddiscovery.ModFileParser/LOADING]: Considering mod file candidate /workspaces/jhf/servidor_minecraft/mods/ferritecore-6.0.1-forge.jar
[09Dec2025 04:11:20.429] [main/DEBUG] [net.minecraftforge.fml.loading.moddiscovery.ModFileInfo/LOADING]: Found valid mod file ferritecore-6.0.1-forge.jar with {ferritecore} mods - versions {6.0.1}
[09Dec2025 04:11:20.429] [main/DEBUG] [net.minecraftforge.fml.loading.moddiscovery.ModFile/LOADING]: Loading mod file /workspaces/jhf/servidor_minecraft/mods/ferritecore-6.0.1-forge.jar with languages [LanguageSpec[languageName=javafml, acceptedVersions=[28,)]]
[09Dec2025 04:11:20.429] [main/DEBUG] [net.minecraftforge.fml.loading.moddiscovery.ModFileParser/LOADING]: Considering mod file candidate /workspaces/jhf/servidor_minecraft/mods/Vampirism-1.20.1-1.10.13.jar
[09Dec2025 04:11:20.430] [main/DEBUG] [net.minecraftforge.fml.loading.moddiscovery.ModFileInfo/LOADING]: Found valid mod file Vampirism-1.20.1-1.10.13.jar with {vampirism,teamlapenlib} mods - versions {1.10.13,1.10.13}
[09Dec2025 04:11:20.431] [main/DEBUG] [net.minecraftforge.fml.loading.moddiscovery.ModFile/LOADING]: Loading mod file /workspaces/jhf/servidor_minecraft/mods/Vampirism-1.20.1-1.10.13.jar with languages [LanguageSpec[languageName=javafml, acceptedVersions=[47,)]]
[09Dec2025 04:11:20.431] [main/DEBUG] [net.minecraftforge.fml.loading.moddiscovery.ModFileParser/LOADING]: Considering mod file candidate /workspaces/jhf/servidor_minecraft/mods/jei-1.20.1-forge-15.20.0.116.jar
[09Dec2025 04:11:20.432] [main/DEBUG] [net.minecraftforge.fml.loading.moddiscovery.ModFileInfo/LOADING]: Found valid mod file jei-1.20.1-forge-15.20.0.116.jar with {jei} mods - versions {15.20.0.116}
[09Dec2025 04:11:20.432] [main/DEBUG] [net.minecraftforge.fml.loading.moddiscovery.ModFile/LOADING]: Loading mod file /workspaces/jhf/servidor_minecraft/mods/jei-1.20.1-forge-15.20.0.116.jar with languages [LanguageSpec[languageName=javafml, acceptedVersions=[47,)]]
[09Dec2025 04:11:20.432] [main/DEBUG] [net.minecraftforge.fml.loading.moddiscovery.ModFileParser/LOADING]: Considering mod file candidate /workspaces/jhf/servidor_minecraft/mods/Ksyxis-1.3.4.jar
[09Dec2025 04:11:20.433] [main/DEBUG] [net.minecraftforge.fml.loading.moddiscovery.ModFileInfo/LOADING]: Found valid mod file Ksyxis-1.3.4.jar with {ksyxis} mods - versions {1.3.4}
[09Dec2025 04:11:20.433] [main/DEBUG] [net.minecraftforge.fml.loading.moddiscovery.ModFile/LOADING]: Loading mod file /workspaces/jhf/servidor_minecraft/mods/Ksyxis-1.3.4.jar with languages [LanguageSpec[languageName=javafml, acceptedVersions=*]]
[09Dec2025 04:11:20.433] [main/DEBUG] [net.minecraftforge.fml.loading.moddiscovery.ModFileParser/LOADING]: Considering mod file candidate /workspaces/jhf/servidor_minecraft/mods/spark-1.10.53-forge.jar
[09Dec2025 04:11:20.434] [main/DEBUG] [net.minecraftforge.fml.loading.moddiscovery.ModFileInfo/LOADING]: Found valid mod file spark-1.10.53-forge.jar with {spark} mods - versions {1.10.53}
[09Dec2025 04:11:20.434] [main/DEBUG] [net.minecraftforge.fml.loading.moddiscovery.ModFile/LOADING]: Loading mod file /workspaces/jhf/servidor_minecraft/mods/spark-1.10.53-forge.jar with languages [LanguageSpec[languageName=javafml, acceptedVersions=[34,)]]
[09Dec2025 04:11:20.434] [main/DEBUG] [net.minecraftforge.fml.loading.moddiscovery.ModFileParser/LOADING]: Considering mod file candidate /workspaces/jhf/servidor_minecraft/libraries/net/minecraftforge/forge/1.20.1-47.3.7/forge-1.20.1-47.3.7-universal.jar
[09Dec2025 04:11:20.435] [main/DEBUG] [net.minecraftforge.fml.loading.moddiscovery.ModFileInfo/LOADING]: Found valid mod file forge-1.20.1-47.3.7-universal.jar with {forge} mods - versions {47.3.7}
[09Dec2025 04:11:20.435] [main/DEBUG] [net.minecraftforge.fml.loading.moddiscovery.ModFile/LOADING]: Loading mod file /workspaces/jhf/servidor_minecraft/libraries/net/minecraftforge/forge/1.20.1-47.3.7/forge-1.20.1-47.3.7-universal.jar with languages [LanguageSpec[languageName=javafml, acceptedVersions=[24,]]]
[09Dec2025 04:11:20.435] [main/DEBUG] [net.minecraftforge.fml.loading.moddiscovery.ModFileParser/LOADING]: Found coremod field_to_method with Javascript path coremods/field_to_method.js
[09Dec2025 04:11:20.436] [main/DEBUG] [net.minecraftforge.fml.loading.moddiscovery.ModFileParser/LOADING]: Found coremod field_to_instanceof with Javascript path coremods/field_to_instanceof.js
[09Dec2025 04:11:20.436] [main/DEBUG] [net.minecraftforge.fml.loading.moddiscovery.ModFileParser/LOADING]: Found coremod add_bouncer_method with Javascript path coremods/add_bouncer_method.js
[09Dec2025 04:11:20.436] [main/DEBUG] [net.minecraftforge.fml.loading.moddiscovery.ModFileParser/LOADING]: Found coremod method_redirector with Javascript path coremods/method_redirector.js
[09Dec2025 04:11:20.436] [main/DEBUG] [net.minecraftforge.fml.loading.moddiscovery.ModFile/LOADING]: Found coremod coremods/field_to_method.js
[09Dec2025 04:11:20.436] [main/DEBUG] [net.minecraftforge.fml.loading.moddiscovery.ModFile/LOADING]: Found coremod coremods/field_to_instanceof.js
[09Dec2025 04:11:20.437] [main/DEBUG] [net.minecraftforge.fml.loading.moddiscovery.ModFile/LOADING]: Found coremod coremods/add_bouncer_method.js
[09Dec2025 04:11:20.437] [main/DEBUG] [net.minecraftforge.fml.loading.moddiscovery.ModFile/LOADING]: Found coremod coremods/method_redirector.js
[09Dec2025 04:11:20.437] [main/DEBUG] [net.minecraftforge.fml.loading.moddiscovery.ModFileParser/LOADING]: Considering mod file candidate /workspaces/jhf/servidor_minecraft/mods/embeddium-0.3.31+mc1.20.1.jar
[09Dec2025 04:11:20.437] [main/DEBUG] [net.minecraftforge.fml.loading.moddiscovery.ModFileInfo/LOADING]: Found valid mod file embeddium-0.3.31+mc1.20.1.jar with {embeddium,rubidium} mods - versions {0.3.31+mc1.20.1,0.7.1}
[09Dec2025 04:11:20.438] [main/DEBUG] [net.minecraftforge.fml.loading.moddiscovery.ModFile/LOADING]: Loading mod file /workspaces/jhf/servidor_minecraft/mods/embeddium-0.3.31+mc1.20.1.jar with languages [LanguageSpec[languageName=javafml, acceptedVersions=[47,)]]
[09Dec2025 04:11:20.438] [main/DEBUG] [net.minecraftforge.fml.loading.moddiscovery.ModFileParser/LOADING]: Considering mod file candidate /workspaces/jhf/servidor_minecraft/mods/modernfix-forge-5.24.4+mc1.20.1.jar
[09Dec2025 04:11:20.439] [main/DEBUG] [net.minecraftforge.fml.loading.moddiscovery.ModFileInfo/LOADING]: Found valid mod file modernfix-forge-5.24.4+mc1.20.1.jar with {modernfix} mods - versions {5.24.4+mc1.20.1}
[09Dec2025 04:11:20.439] [main/DEBUG] [net.minecraftforge.fml.loading.moddiscovery.ModFile/LOADING]: Loading mod file /workspaces/jhf/servidor_minecraft/mods/modernfix-forge-5.24.4+mc1.20.1.jar with languages [LanguageSpec[languageName=javafml, acceptedVersions=[46,)]]
[09Dec2025 04:11:20.440] [main/DEBUG] [net.minecraftforge.fml.loading.moddiscovery.ModFileParser/LOADING]: Considering mod file candidate /workspaces/jhf/servidor_minecraft/mods/Placebo-1.20.1-8.6.3.jar
[09Dec2025 04:11:20.441] [main/DEBUG] [net.minecraftforge.fml.loading.moddiscovery.ModFileInfo/LOADING]: Found valid mod file Placebo-1.20.1-8.6.3.jar with {placebo} mods - versions {8.6.3}
[09Dec2025 04:11:20.441] [main/DEBUG] [net.minecraftforge.fml.loading.moddiscovery.ModFile/LOADING]: Loading mod file /workspaces/jhf/servidor_minecraft/mods/Placebo-1.20.1-8.6.3.jar with languages [LanguageSpec[languageName=javafml, acceptedVersions=[32,)]]
[09Dec2025 04:11:20.442] [main/DEBUG] [net.minecraftforge.fml.loading.moddiscovery.ModFileParser/LOADING]: Found coremod placebo_get_ench_level_event with Javascript path coremods/get_ench_level_event.js
[09Dec2025 04:11:20.442] [main/DEBUG] [net.minecraftforge.fml.loading.moddiscovery.ModFileParser/LOADING]: Found coremod placebo_get_ench_level_event_specific with Javascript path coremods/get_ench_level_event_specific.js
[09Dec2025 04:11:20.443] [main/DEBUG] [net.minecraftforge.fml.loading.moddiscovery.ModFile/LOADING]: Found coremod coremods/get_ench_level_event.js
[09Dec2025 04:11:20.443] [main/DEBUG] [net.minecraftforge.fml.loading.moddiscovery.ModFile/LOADING]: Found coremod coremods/get_ench_level_event_specific.js
[09Dec2025 04:11:20.443] [main/DEBUG] [net.minecraftforge.fml.loading.moddiscovery.ModFile/LOADING]: Loading mod file  with languages []
[09Dec2025 04:11:20.443] [main/DEBUG] [net.minecraftforge.fml.loading.moddiscovery.ModFileParser/LOADING]: Considering mod file candidate 
[09Dec2025 04:11:20.444] [main/DEBUG] [net.minecraftforge.fml.loading.moddiscovery.ModFileInfo/LOADING]: Found valid mod file mixinextras-forge-0.4.1.jar with {mixinextras} mods - versions {0.4.1}
[09Dec2025 04:11:20.445] [main/DEBUG] [net.minecraftforge.fml.loading.moddiscovery.ModFile/LOADING]: Loading mod file  with languages [LanguageSpec[languageName=javafml, acceptedVersions=*]]
[09Dec2025 04:11:20.445] [main/DEBUG] [net.minecraftforge.fml.loading.moddiscovery.ModFile/LOADING]: Loading mod file  with languages []
[09Dec2025 04:11:20.445] [main/DEBUG] [net.minecraftforge.fml.loading.moddiscovery.ModFile/LOADING]: Loading mod file  with languages []
[09Dec2025 04:11:20.446] [main/DEBUG] [net.minecraftforge.fml.loading.moddiscovery.ModFile/LOADING]: Loading mod file  with languages []
[09Dec2025 04:11:20.447] [main/DEBUG] [net.minecraftforge.fml.loading.moddiscovery.ModFile/LOADING]: Loading mod file  with languages []
[09Dec2025 04:11:20.447] [main/DEBUG] [net.minecraftforge.fml.loading.moddiscovery.ModFileParser/LOADING]: Considering mod file candidate 
[09Dec2025 04:11:20.448] [main/DEBUG] [net.minecraftforge.fml.loading.moddiscovery.ModFileInfo/LOADING]: Found valid mod file mixinextras-forge-0.4.1.jar with {mixinextras} mods - versions {0.4.1}
[09Dec2025 04:11:20.448] [main/DEBUG] [net.minecraftforge.fml.loading.moddiscovery.ModFile/LOADING]: Loading mod file  with languages [LanguageSpec[languageName=javafml, acceptedVersions=*]]
[09Dec2025 04:11:20.448] [main/DEBUG] [net.minecraftforge.fml.loading.moddiscovery.ModFile/LOADING]: Loading mod file  with languages []
[09Dec2025 04:11:20.448] [main/DEBUG] [net.minecraftforge.fml.loading.moddiscovery.ModFile/LOADING]: Loading mod file  with languages []
[09Dec2025 04:11:20.449] [main/DEBUG] [net.minecraftforge.fml.loading.moddiscovery.ModFile/LOADING]: Loading mod file  with languages []
[09Dec2025 04:11:20.449] [main/DEBUG] [cpw.mods.modlauncher.TransformationServiceDecorator/MODLAUNCHER]: End scan trigger - transformation service fml
[09Dec2025 04:11:20.465] [main/DEBUG] [net.minecraftforge.fml.loading.LanguageLoadingProvider/CORE]: Found 3 language providers
[09Dec2025 04:11:20.466] [main/DEBUG] [net.minecraftforge.fml.loading.LanguageLoadingProvider/CORE]: Found language provider minecraft, version 1.0
[09Dec2025 04:11:20.466] [main/DEBUG] [net.minecraftforge.fml.loading.LanguageLoadingProvider/CORE]: Found language provider lowcodefml, version 47
[09Dec2025 04:11:20.466] [main/DEBUG] [net.minecraftforge.fml.loading.LanguageLoadingProvider/CORE]: Found language provider javafml, version 47
[09Dec2025 04:11:20.470] [main/DEBUG] [net.minecraftforge.fml.loading.UniqueModListBuilder/]: Found 2 mods for first modid mclib, selecting most recent based on version data
[09Dec2025 04:11:20.471] [main/DEBUG] [net.minecraftforge.fml.loading.UniqueModListBuilder/]: Selected file mclib-20.jar for modid mclib with version 0.0NONE
[09Dec2025 04:11:20.471] [main/DEBUG] [net.minecraftforge.fml.loading.UniqueModListBuilder/]: Found 2 mods for first modid mixinextras, selecting most recent based on version data
[09Dec2025 04:11:20.471] [main/DEBUG] [net.minecraftforge.fml.loading.UniqueModListBuilder/]: Selected file mixinextras-forge-0.4.1.jar for modid mixinextras with version 0.4.1
[09Dec2025 04:11:20.471] [main/DEBUG] [net.minecraftforge.fml.loading.UniqueModListBuilder/]: Found 2 mods for first modid MixinExtras, selecting most recent based on version data
[09Dec2025 04:11:20.472] [main/DEBUG] [net.minecraftforge.fml.loading.UniqueModListBuilder/]: Selected file MixinExtras-0.4.1.jar for modid MixinExtras with version 0.0NONE
[09Dec2025 04:11:20.472] [main/DEBUG] [net.minecraftforge.fml.loading.UniqueModListBuilder/]: Found 2 mods for first modid Reflect, selecting most recent based on version data
[09Dec2025 04:11:20.472] [main/DEBUG] [net.minecraftforge.fml.loading.UniqueModListBuilder/]: Selected file Reflect-1.3.4.jar for modid Reflect with version 0.0NONE
[09Dec2025 04:11:20.472] [main/DEBUG] [net.minecraftforge.fml.loading.UniqueModListBuilder/]: Found 2 mods for first modid NanoLiveConfig, selecting most recent based on version data
[09Dec2025 04:11:20.472] [main/DEBUG] [net.minecraftforge.fml.loading.UniqueModListBuilder/]: Selected file NanoLiveConfig-1.2.1.jar for modid NanoLiveConfig with version 0.0NONE
[09Dec2025 04:11:20.474] [main/DEBUG] [net.minecraftforge.fml.loading.ModSorter/]: Configured system mods: [minecraft, forge]
[09Dec2025 04:11:20.474] [main/DEBUG] [net.minecraftforge.fml.loading.ModSorter/]: Found system mod: minecraft
[09Dec2025 04:11:20.474] [main/DEBUG] [net.minecraftforge.fml.loading.ModSorter/]: Found system mod: forge
[09Dec2025 04:11:20.479] [main/DEBUG] [net.minecraftforge.fml.loading.ModSorter/LOADING]: Found 27 mod requirements (25 mandatory, 2 optional)
[09Dec2025 04:11:20.479] [main/DEBUG] [net.minecraftforge.fml.loading.ModSorter/LOADING]: Found 0 mod requirements missing (0 mandatory, 0 optional)
[09Dec2025 04:11:21.361] [main/DEBUG] [cpw.mods.modlauncher.TransformationServicesHandler/MODLAUNCHER]: Transformation services loading transformers
[09Dec2025 04:11:21.366] [main/DEBUG] [cpw.mods.modlauncher.TransformationServiceDecorator/MODLAUNCHER]: Initializing transformers for transformation service mixin
[09Dec2025 04:11:21.366] [main/DEBUG] [cpw.mods.modlauncher.TransformationServiceDecorator/MODLAUNCHER]: Initialized transformers for transformation service mixin
[09Dec2025 04:11:21.367] [main/DEBUG] [cpw.mods.modlauncher.TransformationServiceDecorator/MODLAUNCHER]: Initializing transformers for transformation service fml
[09Dec2025 04:11:21.367] [main/DEBUG] [net.minecraftforge.fml.loading.FMLServiceProvider/CORE]: Loading coremod transformers
[09Dec2025 04:11:21.367] [main/DEBUG] [net.minecraftforge.coremod.CoreModEngine/COREMOD]: Loading CoreMod from coremods/potion_gui_tooltips.js
[09Dec2025 04:11:21.679] [main/DEBUG] [net.minecraftforge.coremod.CoreModEngine/COREMOD]: CoreMod loaded successfully
[09Dec2025 04:11:21.679] [main/DEBUG] [net.minecraftforge.coremod.CoreModEngine/COREMOD]: Loading CoreMod from coremods/ench/ench_info_loot_redirector.js
[09Dec2025 04:11:21.834] [main/DEBUG] [net.minecraftforge.coremod.CoreModEngine/COREMOD]: CoreMod loaded successfully
[09Dec2025 04:11:21.835] [main/DEBUG] [net.minecraftforge.coremod.CoreModEngine/COREMOD]: Loading CoreMod from coremods/ench/ench_info_redirector.js
[09Dec2025 04:11:21.910] [main/DEBUG] [net.minecraftforge.coremod.CoreModEngine/COREMOD]: CoreMod loaded successfully
[09Dec2025 04:11:21.910] [main/DEBUG] [net.minecraftforge.coremod.CoreModEngine/COREMOD]: Loading CoreMod from coremods/ench/fishing_hook.js
[09Dec2025 04:11:21.932] [main/DEBUG] [net.minecraftforge.coremod.CoreModEngine/COREMOD]: CoreMod loaded successfully
[09Dec2025 04:11:21.934] [main/DEBUG] [net.minecraftforge.coremod.CoreModEngine/COREMOD]: Loading CoreMod from coremods/field_to_method.js
[09Dec2025 04:11:21.981] [main/DEBUG] [net.minecraftforge.coremod.CoreModEngine/COREMOD]: CoreMod loaded successfully
[09Dec2025 04:11:21.982] [main/DEBUG] [net.minecraftforge.coremod.CoreModEngine/COREMOD]: Loading CoreMod from coremods/field_to_instanceof.js
[09Dec2025 04:11:22.186] [main/DEBUG] [net.minecraftforge.coremod.CoreModEngine/COREMOD]: CoreMod loaded successfully
[09Dec2025 04:11:22.186] [main/DEBUG] [net.minecraftforge.coremod.CoreModEngine/COREMOD]: Loading CoreMod from coremods/add_bouncer_method.js
[09Dec2025 04:11:22.329] [main/DEBUG] [net.minecraftforge.coremod.CoreModEngine/COREMOD]: CoreMod loaded successfully
[09Dec2025 04:11:22.329] [main/DEBUG] [net.minecraftforge.coremod.CoreModEngine/COREMOD]: Loading CoreMod from coremods/method_redirector.js
[09Dec2025 04:11:22.474] [main/DEBUG] [net.minecraftforge.coremod.CoreModEngine/COREMOD]: CoreMod loaded successfully
[09Dec2025 04:11:22.475] [main/DEBUG] [net.minecraftforge.coremod.CoreModEngine/COREMOD]: Loading CoreMod from coremods/get_ench_level_event.js
[09Dec2025 04:11:22.492] [main/DEBUG] [net.minecraftforge.coremod.CoreModEngine/COREMOD]: CoreMod loaded successfully
[09Dec2025 04:11:22.492] [main/DEBUG] [net.minecraftforge.coremod.CoreModEngine/COREMOD]: Loading CoreMod from coremods/get_ench_level_event_specific.js
[09Dec2025 04:11:22.546] [main/DEBUG] [net.minecraftforge.coremod.CoreModEngine/COREMOD]: CoreMod loaded successfully
[09Dec2025 04:11:22.601] [main/DEBUG] [cpw.mods.modlauncher.TransformStore/MODLAUNCHER]: Adding transformer net.minecraftforge.coremod.transformer.CoreModClassTransformer@21263314 to Target : CLASS {Lorg/violetmoon/quark/content/tools/loot/EnchantTome;} {} {V}
[09Dec2025 04:11:22.606] [main/DEBUG] [cpw.mods.modlauncher.TransformStore/MODLAUNCHER]: Adding transformer net.minecraftforge.coremod.transformer.CoreModClassTransformer@21263314 to Target : CLASS {Lnet/minecraft/world/entity/npc/VillagerTrades$EnchantBookForEmeralds;} {} {V}
[09Dec2025 04:11:22.606] [main/DEBUG] [cpw.mods.modlauncher.TransformStore/MODLAUNCHER]: Adding transformer net.minecraftforge.coremod.transformer.CoreModClassTransformer@21263314 to Target : CLASS {Lnet/minecraft/world/level/storage/loot/functions/EnchantRandomlyFunction;} {} {V}
[09Dec2025 04:11:22.607] [main/DEBUG] [cpw.mods.modlauncher.TransformStore/MODLAUNCHER]: Adding transformer net.minecraftforge.coremod.transformer.CoreModClassTransformer@64c781a9 to Target : CLASS {Lnet/minecraft/world/inventory/AnvilMenu;} {} {V}
[09Dec2025 04:11:22.607] [main/DEBUG] [cpw.mods.modlauncher.TransformStore/MODLAUNCHER]: Adding transformer net.minecraftforge.coremod.transformer.CoreModClassTransformer@64c781a9 to Target : CLASS {Lorg/violetmoon/quark/content/tools/module/AncientTomesModule;} {} {V}
[09Dec2025 04:11:22.610] [main/DEBUG] [cpw.mods.modlauncher.TransformStore/MODLAUNCHER]: Adding transformer net.minecraftforge.coremod.transformer.CoreModClassTransformer@64c781a9 to Target : CLASS {Lnet/minecraft/world/item/EnchantedBookItem;} {} {V}
[09Dec2025 04:11:22.610] [main/DEBUG] [cpw.mods.modlauncher.TransformStore/MODLAUNCHER]: Adding transformer net.minecraftforge.coremod.transformer.CoreModClassTransformer@64c781a9 to Target : CLASS {Lnet/minecraft/world/item/CreativeModeTabs;} {} {V}
[09Dec2025 04:11:22.610] [main/DEBUG] [cpw.mods.modlauncher.TransformStore/MODLAUNCHER]: Adding transformer net.minecraftforge.coremod.transformer.CoreModClassTransformer@64c781a9 to Target : CLASS {Lnet/minecraft/server/commands/EnchantCommand;} {} {V}
[09Dec2025 04:11:22.610] [main/DEBUG] [cpw.mods.modlauncher.TransformStore/MODLAUNCHER]: Adding transformer net.minecraftforge.coremod.transformer.CoreModClassTransformer@64c781a9 to Target : CLASS {Lcom/mrcrayfish/goblintraders/Hooks;} {} {V}
[09Dec2025 04:11:22.611] [main/DEBUG] [cpw.mods.modlauncher.TransformStore/MODLAUNCHER]: Adding transformer net.minecraftforge.coremod.transformer.CoreModClassTransformer@64c781a9 to Target : CLASS {Lorg/violetmoon/quark/content/experimental/module/GameNerfsModule;} {} {V}
[09Dec2025 04:11:22.611] [main/DEBUG] [cpw.mods.modlauncher.TransformStore/MODLAUNCHER]: Adding transformer net.minecraftforge.coremod.transformer.CoreModClassTransformer@64c781a9 to Target : CLASS {Lorg/violetmoon/quark/content/tools/item/AncientTomeItem;} {} {V}
[09Dec2025 04:11:22.612] [main/DEBUG] [cpw.mods.modlauncher.TransformStore/MODLAUNCHER]: Adding transformer net.minecraftforge.coremod.transformer.CoreModClassTransformer@71ed560f to Target : CLASS {Lnet/minecraft/world/level/biome/Biome;} {} {V}
[09Dec2025 04:11:22.612] [main/DEBUG] [cpw.mods.modlauncher.TransformStore/MODLAUNCHER]: Adding transformer net.minecraftforge.coremod.transformer.CoreModClassTransformer@5b88b8e to Target : CLASS {Lnet/minecraft/world/level/levelgen/structure/Structure;} {} {V}
[09Dec2025 04:11:22.612] [main/DEBUG] [cpw.mods.modlauncher.TransformStore/MODLAUNCHER]: Adding transformer net.minecraftforge.coremod.transformer.CoreModClassTransformer@58253c57 to Target : CLASS {Lnet/minecraft/world/effect/MobEffectInstance;} {} {V}
[09Dec2025 04:11:22.612] [main/DEBUG] [cpw.mods.modlauncher.TransformStore/MODLAUNCHER]: Adding transformer net.minecraftforge.coremod.transformer.CoreModClassTransformer@b73433 to Target : CLASS {Lnet/minecraft/world/level/block/LiquidBlock;} {} {V}
[09Dec2025 04:11:22.612] [main/DEBUG] [cpw.mods.modlauncher.TransformStore/MODLAUNCHER]: Adding transformer net.minecraftforge.coremod.transformer.CoreModClassTransformer@1bf14704 to Target : CLASS {Lnet/minecraft/world/item/BucketItem;} {} {V}
[09Dec2025 04:11:22.615] [main/DEBUG] [cpw.mods.modlauncher.TransformStore/MODLAUNCHER]: Adding transformer net.minecraftforge.coremod.transformer.CoreModClassTransformer@5a545b0f to Target : CLASS {Lnet/minecraft/world/level/block/StairBlock;} {} {V}
[09Dec2025 04:11:22.615] [main/DEBUG] [cpw.mods.modlauncher.TransformStore/MODLAUNCHER]: Adding transformer net.minecraftforge.coremod.transformer.CoreModClassTransformer@2be21396 to Target : CLASS {Lnet/minecraft/world/level/block/FlowerPotBlock;} {} {V}
[09Dec2025 04:11:22.618] [main/DEBUG] [cpw.mods.modlauncher.TransformStore/MODLAUNCHER]: Adding transformer net.minecraftforge.coremod.transformer.CoreModClassTransformer@124dac75 to Target : CLASS {Lnet/minecraft/world/item/ItemStack;} {} {V}
[09Dec2025 04:11:22.618] [main/DEBUG] [cpw.mods.modlauncher.TransformStore/MODLAUNCHER]: Adding transformer net.minecraftforge.coremod.transformer.CoreModClassTransformer@315105f to Target : CLASS {Lnet/minecraft/network/play/client/CClientSettingsPacket;} {} {V}
[09Dec2025 04:11:22.618] [main/DEBUG] [cpw.mods.modlauncher.TransformStore/MODLAUNCHER]: Adding transformer net.minecraftforge.coremod.transformer.CoreModClassTransformer@7b61bf11 to Target : CLASS {Lnet/minecraft/world/entity/monster/Evoker$EvokerSummonSpellGoal;} {} {V}
[09Dec2025 04:11:22.618] [main/DEBUG] [cpw.mods.modlauncher.TransformStore/MODLAUNCHER]: Adding transformer net.minecraftforge.coremod.transformer.CoreModClassTransformer@7b61bf11 to Target : CLASS {Lnet/minecraft/world/level/NaturalSpawner;} {} {V}
[09Dec2025 04:11:22.619] [main/DEBUG] [cpw.mods.modlauncher.TransformStore/MODLAUNCHER]: Adding transformer net.minecraftforge.coremod.transformer.CoreModClassTransformer@7b61bf11 to Target : CLASS {Lnet/minecraft/world/entity/ai/village/VillageSiege;} {} {V}
[09Dec2025 04:11:22.620] [main/DEBUG] [cpw.mods.modlauncher.TransformStore/MODLAUNCHER]: Adding transformer net.minecraftforge.coremod.transformer.CoreModClassTransformer@7b61bf11 to Target : CLASS {Lnet/minecraft/world/level/levelgen/structure/structures/WoodlandMansionPieces$WoodlandMansionPiece;} {} {V}
[09Dec2025 04:11:22.620] [main/DEBUG] [cpw.mods.modlauncher.TransformStore/MODLAUNCHER]: Adding transformer net.minecraftforge.coremod.transformer.CoreModClassTransformer@7b61bf11 to Target : CLASS {Lnet/minecraft/world/entity/animal/frog/Tadpole;} {} {V}
[09Dec2025 04:11:22.620] [main/DEBUG] [cpw.mods.modlauncher.TransformStore/MODLAUNCHER]: Adding transformer net.minecraftforge.coremod.transformer.CoreModClassTransformer@7b61bf11 to Target : CLASS {Lnet/minecraft/world/level/levelgen/PatrolSpawner;} {} {V}
[09Dec2025 04:11:22.623] [main/DEBUG] [cpw.mods.modlauncher.TransformStore/MODLAUNCHER]: Adding transformer net.minecraftforge.coremod.transformer.CoreModClassTransformer@7b61bf11 to Target : CLASS {Lnet/minecraft/world/entity/monster/Spider;} {} {V}
[09Dec2025 04:11:22.623] [main/DEBUG] [cpw.mods.modlauncher.TransformStore/MODLAUNCHER]: Adding transformer net.minecraftforge.coremod.transformer.CoreModClassTransformer@7b61bf11 to Target : CLASS {Lnet/minecraft/world/entity/raid/Raid;} {} {V}
[09Dec2025 04:11:22.623] [main/DEBUG] [cpw.mods.modlauncher.TransformStore/MODLAUNCHER]: Adding transformer net.minecraftforge.coremod.transformer.CoreModClassTransformer@7b61bf11 to Target : CLASS {Lnet/minecraft/world/entity/monster/ZombieVillager;} {} {V}
[09Dec2025 04:11:22.623] [main/DEBUG] [cpw.mods.modlauncher.TransformStore/MODLAUNCHER]: Adding transformer net.minecraftforge.coremod.transformer.CoreModClassTransformer@7b61bf11 to Target : CLASS {Lnet/minecraft/server/commands/SummonCommand;} {} {V}
[09Dec2025 04:11:22.623] [main/DEBUG] [cpw.mods.modlauncher.TransformStore/MODLAUNCHER]: Adding transformer net.minecraftforge.coremod.transformer.CoreModClassTransformer@7b61bf11 to Target : CLASS {Lnet/minecraft/world/entity/EntityType;} {} {V}
[09Dec2025 04:11:22.623] [main/DEBUG] [cpw.mods.modlauncher.TransformStore/MODLAUNCHER]: Adding transformer net.minecraftforge.coremod.transformer.CoreModClassTransformer@7b61bf11 to Target : CLASS {Lnet/minecraft/world/entity/npc/CatSpawner;} {} {V}
[09Dec2025 04:11:22.624] [main/DEBUG] [cpw.mods.modlauncher.TransformStore/MODLAUNCHER]: Adding transformer net.minecraftforge.coremod.transformer.CoreModClassTransformer@7b61bf11 to Target : CLASS {Lnet/minecraft/world/level/levelgen/PhantomSpawner;} {} {V}
[09Dec2025 04:11:22.625] [main/DEBUG] [cpw.mods.modlauncher.TransformStore/MODLAUNCHER]: Adding transformer net.minecraftforge.coremod.transformer.CoreModClassTransformer@7b61bf11 to Target : CLASS {Lnet/minecraft/server/commands/RaidCommand;} {} {V}
[09Dec2025 04:11:22.625] [main/DEBUG] [cpw.mods.modlauncher.TransformStore/MODLAUNCHER]: Adding transformer net.minecraftforge.coremod.transformer.CoreModClassTransformer@7b61bf11 to Target : CLASS {Lnet/minecraft/world/level/levelgen/structure/templatesystem/StructureTemplate;} {} {V}
[09Dec2025 04:11:22.626] [main/DEBUG] [cpw.mods.modlauncher.TransformStore/MODLAUNCHER]: Adding transformer net.minecraftforge.coremod.transformer.CoreModClassTransformer@7b61bf11 to Target : CLASS {Lnet/minecraft/world/level/levelgen/structure/structures/OceanMonumentPieces$OceanMonumentPiece;} {} {V}
[09Dec2025 04:11:22.627] [main/DEBUG] [cpw.mods.modlauncher.TransformStore/MODLAUNCHER]: Adding transformer net.minecraftforge.coremod.transformer.CoreModClassTransformer@7b61bf11 to Target : CLASS {Lnet/minecraft/world/entity/monster/Zombie;} {} {V}
[09Dec2025 04:11:22.627] [main/DEBUG] [cpw.mods.modlauncher.TransformStore/MODLAUNCHER]: Adding transformer net.minecraftforge.coremod.transformer.CoreModClassTransformer@7b61bf11 to Target : CLASS {Lnet/minecraft/world/entity/npc/Villager;} {} {V}
[09Dec2025 04:11:22.629] [main/DEBUG] [cpw.mods.modlauncher.TransformStore/MODLAUNCHER]: Adding transformer net.minecraftforge.coremod.transformer.CoreModClassTransformer@7b61bf11 to Target : CLASS {Lnet/minecraft/world/level/levelgen/structure/structures/SwampHutPiece;} {} {V}
[09Dec2025 04:11:22.629] [main/DEBUG] [cpw.mods.modlauncher.TransformStore/MODLAUNCHER]: Adding transformer net.minecraftforge.coremod.transformer.CoreModClassTransformer@7b61bf11 to Target : CLASS {Lnet/minecraft/world/entity/monster/Strider;} {} {V}
[09Dec2025 04:11:22.629] [main/DEBUG] [cpw.mods.modlauncher.TransformStore/MODLAUNCHER]: Adding transformer net.minecraftforge.coremod.transformer.CoreModClassTransformer@7b61bf11 to Target : CLASS {Lnet/minecraft/world/level/levelgen/structure/structures/OceanRuinPieces$OceanRuinPiece;} {} {V}
[09Dec2025 04:11:22.629] [main/DEBUG] [cpw.mods.modlauncher.TransformStore/MODLAUNCHER]: Adding transformer net.minecraftforge.coremod.transformer.CoreModClassTransformer@7b61bf11 to Target : CLASS {Lnet/minecraft/world/entity/animal/horse/SkeletonTrapGoal;} {} {V}
[09Dec2025 04:11:22.629] [main/DEBUG] [cpw.mods.modlauncher.TransformStore/MODLAUNCHER]: Adding transformer net.minecraftforge.coremod.transformer.CoreModMethodTransformer@3ff54f3d to Target : METHOD {Lnet/minecraft/client/gui/screens/inventory/EffectRenderingInventoryScreen;} {m_280113_} {(Lnet/minecraft/client/gui/GuiGraphics;II)V}
[09Dec2025 04:11:22.629] [main/DEBUG] [cpw.mods.modlauncher.TransformStore/MODLAUNCHER]: Adding transformer net.minecraftforge.coremod.transformer.CoreModMethodTransformer@14c93774 to Target : METHOD {Lnet/minecraft/world/entity/projectile/FishingHook;} {m_37145_} {(Lnet/minecraft/core/BlockPos;)V}
[09Dec2025 04:11:22.629] [main/DEBUG] [cpw.mods.modlauncher.TransformStore/MODLAUNCHER]: Adding transformer net.minecraftforge.coremod.transformer.CoreModMethodTransformer@62a68bcb to Target : METHOD {Lnet/minecraftforge/common/extensions/IForgeItemStack;} {getAllEnchantments} {()Ljava/util/Map;}
[09Dec2025 04:11:22.630] [main/DEBUG] [cpw.mods.modlauncher.TransformStore/MODLAUNCHER]: Adding transformer net.minecraftforge.coremod.transformer.CoreModMethodTransformer@18b74ea to Target : METHOD {Lnet/minecraftforge/common/extensions/IForgeItemStack;} {getEnchantmentLevel} {(Lnet/minecraft/world/item/enchantment/Enchantment;)I}
[09Dec2025 04:11:22.630] [main/DEBUG] [cpw.mods.modlauncher.TransformationServiceDecorator/MODLAUNCHER]: Initialized transformers for transformation service fml
[09Dec2025 04:11:23.741] [main/DEBUG] [mixin/]: Processing prepare() for PlatformAgent[MixinPlatformAgentDefault:ModLauncher Root Container(ModLauncher:4f56a0a2)]
[09Dec2025 04:11:23.742] [main/DEBUG] [mixin/]: Processing launch tasks for PlatformAgent[MixinPlatformAgentDefault:ModLauncher Root Container(ModLauncher:4f56a0a2)]
[09Dec2025 04:11:23.742] [main/DEBUG] [mixin/]: Adding mixin platform agents for container SecureJarResource(minecraft)
[09Dec2025 04:11:23.742] [main/DEBUG] [mixin/]: Instancing new MixinPlatformAgentMinecraftForge for SecureJarResource(minecraft)
[09Dec2025 04:11:23.742] [main/DEBUG] [mixin/]: MixinPlatformAgentMinecraftForge rejected container SecureJarResource(minecraft)
[09Dec2025 04:11:23.742] [main/DEBUG] [mixin/]: Instancing new MixinPlatformAgentDefault for SecureJarResource(minecraft)
[09Dec2025 04:11:23.742] [main/DEBUG] [mixin/]: MixinPlatformAgentDefault accepted container SecureJarResource(minecraft)
[09Dec2025 04:11:23.743] [main/DEBUG] [mixin/]: Processing prepare() for PlatformAgent[MixinPlatformAgentDefault:SecureJarResource(minecraft)]
[09Dec2025 04:11:23.743] [main/DEBUG] [mixin/]: Adding mixin platform agents for container SecureJarResource(attributeslib)
[09Dec2025 04:11:23.743] [main/DEBUG] [mixin/]: Instancing new MixinPlatformAgentMinecraftForge for SecureJarResource(attributeslib)
[09Dec2025 04:11:23.743] [main/DEBUG] [mixin/]: MixinPlatformAgentMinecraftForge rejected container SecureJarResource(attributeslib)
[09Dec2025 04:11:23.744] [main/DEBUG] [mixin/]: Instancing new MixinPlatformAgentDefault for SecureJarResource(attributeslib)
[09Dec2025 04:11:23.744] [main/DEBUG] [mixin/]: MixinPlatformAgentDefault accepted container SecureJarResource(attributeslib)
[09Dec2025 04:11:23.744] [main/DEBUG] [mixin/]: Processing prepare() for PlatformAgent[MixinPlatformAgentDefault:SecureJarResource(attributeslib)]
[09Dec2025 04:11:23.744] [main/DEBUG] [mixin/]: Registering mixin config: attributeslib.mixins.json
[09Dec2025 04:11:23.774] [main/DEBUG] [mixin/]: Compatibility level JAVA_17 specified by attributeslib.mixins.json is higher than the maximum level supported by this version of mixin (JAVA_13).
[09Dec2025 04:11:23.780] [main/INFO] [mixin/]: Compatibility level set to JAVA_17
[09Dec2025 04:11:23.781] [main/DEBUG] [mixin/]: Adding mixin platform agents for container SecureJarResource(radium)
[09Dec2025 04:11:23.781] [main/DEBUG] [mixin/]: Instancing new MixinPlatformAgentMinecraftForge for SecureJarResource(radium)
[09Dec2025 04:11:23.781] [main/DEBUG] [mixin/]: MixinPlatformAgentMinecraftForge rejected container SecureJarResource(radium)
[09Dec2025 04:11:23.781] [main/DEBUG] [mixin/]: Instancing new MixinPlatformAgentDefault for SecureJarResource(radium)
[09Dec2025 04:11:23.782] [main/DEBUG] [mixin/]: MixinPlatformAgentDefault accepted container SecureJarResource(radium)
[09Dec2025 04:11:23.782] [main/DEBUG] [mixin/]: Processing prepare() for PlatformAgent[MixinPlatformAgentDefault:SecureJarResource(radium)]
[09Dec2025 04:11:23.782] [main/DEBUG] [mixin/]: Registering mixin config: lithium.mixins.json
[09Dec2025 04:11:23.785] [main/DEBUG] [mixin/]: Compatibility level JAVA_16 specified by lithium.mixins.json is higher than the maximum level supported by this version of mixin (JAVA_13).
[09Dec2025 04:11:23.786] [main/DEBUG] [mixin/]: Adding mixin platform agents for container SecureJarResource(mixinextras)
[09Dec2025 04:11:23.786] [main/DEBUG] [mixin/]: Instancing new MixinPlatformAgentMinecraftForge for SecureJarResource(mixinextras)
[09Dec2025 04:11:23.786] [main/DEBUG] [mixin/]: MixinPlatformAgentMinecraftForge rejected container SecureJarResource(mixinextras)
[09Dec2025 04:11:23.786] [main/DEBUG] [mixin/]: Instancing new MixinPlatformAgentDefault for SecureJarResource(mixinextras)
[09Dec2025 04:11:23.786] [main/DEBUG] [mixin/]: MixinPlatformAgentDefault accepted container SecureJarResource(mixinextras)
[09Dec2025 04:11:23.786] [main/DEBUG] [mixin/]: Processing prepare() for PlatformAgent[MixinPlatformAgentDefault:SecureJarResource(mixinextras)]
[09Dec2025 04:11:23.786] [main/DEBUG] [mixin/]: Registering mixin config: mixinextras.init.mixins.json
[09Dec2025 04:11:23.788] [main/DEBUG] [mixin/]: Adding mixin platform agents for container SecureJarResource(shw)
[09Dec2025 04:11:23.788] [main/DEBUG] [mixin/]: Instancing new MixinPlatformAgentMinecraftForge for SecureJarResource(shw)
[09Dec2025 04:11:23.788] [main/DEBUG] [mixin/]: MixinPlatformAgentMinecraftForge rejected container SecureJarResource(shw)
[09Dec2025 04:11:23.788] [main/DEBUG] [mixin/]: Instancing new MixinPlatformAgentDefault for SecureJarResource(shw)
[09Dec2025 04:11:23.789] [main/DEBUG] [mixin/]: MixinPlatformAgentDefault accepted container SecureJarResource(shw)
[09Dec2025 04:11:23.789] [main/DEBUG] [mixin/]: Processing prepare() for PlatformAgent[MixinPlatformAgentDefault:SecureJarResource(shw)]
[09Dec2025 04:11:23.789] [main/DEBUG] [mixin/]: Adding mixin platform agents for container SecureJarResource(mowziesmobs)
[09Dec2025 04:11:23.789] [main/DEBUG] [mixin/]: Instancing new MixinPlatformAgentMinecraftForge for SecureJarResource(mowziesmobs)
[09Dec2025 04:11:23.789] [main/DEBUG] [mixin/]: MixinPlatformAgentMinecraftForge rejected container SecureJarResource(mowziesmobs)
[09Dec2025 04:11:23.789] [main/DEBUG] [mixin/]: Instancing new MixinPlatformAgentDefault for SecureJarResource(mowziesmobs)
[09Dec2025 04:11:23.789] [main/DEBUG] [mixin/]: MixinPlatformAgentDefault accepted container SecureJarResource(mowziesmobs)
[09Dec2025 04:11:23.789] [main/DEBUG] [mixin/]: Processing prepare() for PlatformAgent[MixinPlatformAgentDefault:SecureJarResource(mowziesmobs)]
[09Dec2025 04:11:23.789] [main/DEBUG] [mixin/]: Registering mixin config: mowziesmobs.mixins.json
[09Dec2025 04:11:23.791] [main/DEBUG] [mixin/]: Adding mixin platform agents for container SecureJarResource(immediatelyfast)
[09Dec2025 04:11:23.791] [main/DEBUG] [mixin/]: Instancing new MixinPlatformAgentMinecraftForge for SecureJarResource(immediatelyfast)
[09Dec2025 04:11:23.792] [main/DEBUG] [mixin/]: MixinPlatformAgentMinecraftForge rejected container SecureJarResource(immediatelyfast)
[09Dec2025 04:11:23.792] [main/DEBUG] [mixin/]: Instancing new MixinPlatformAgentDefault for SecureJarResource(immediatelyfast)
[09Dec2025 04:11:23.792] [main/DEBUG] [mixin/]: MixinPlatformAgentDefault accepted container SecureJarResource(immediatelyfast)
[09Dec2025 04:11:23.792] [main/DEBUG] [mixin/]: Processing prepare() for PlatformAgent[MixinPlatformAgentDefault:SecureJarResource(immediatelyfast)]
[09Dec2025 04:11:23.792] [main/DEBUG] [mixin/]: Registering mixin config: immediatelyfast-forge.mixins.json
[09Dec2025 04:11:23.795] [main/DEBUG] [mixin/]: Registering mixin config: immediatelyfast-common.mixins.json
[09Dec2025 04:11:23.804] [main/DEBUG] [mixin/]: Adding mixin platform agents for container SecureJarResource(geckolib)
[09Dec2025 04:11:23.804] [main/DEBUG] [mixin/]: Instancing new MixinPlatformAgentMinecraftForge for SecureJarResource(geckolib)
[09Dec2025 04:11:23.804] [main/DEBUG] [mixin/]: MixinPlatformAgentMinecraftForge rejected container SecureJarResource(geckolib)
[09Dec2025 04:11:23.804] [main/DEBUG] [mixin/]: Instancing new MixinPlatformAgentDefault for SecureJarResource(geckolib)
[09Dec2025 04:11:23.804] [main/DEBUG] [mixin/]: MixinPlatformAgentDefault accepted container SecureJarResource(geckolib)
[09Dec2025 04:11:23.804] [main/DEBUG] [mixin/]: Processing prepare() for PlatformAgent[MixinPlatformAgentDefault:SecureJarResource(geckolib)]
[09Dec2025 04:11:23.804] [main/DEBUG] [mixin/]: Registering mixin config: geckolib.mixins.json
[09Dec2025 04:11:23.806] [main/DEBUG] [mixin/]: Adding mixin platform agents for container SecureJarResource(apotheosis)
[09Dec2025 04:11:23.806] [main/DEBUG] [mixin/]: Instancing new MixinPlatformAgentMinecraftForge for SecureJarResource(apotheosis)
[09Dec2025 04:11:23.806] [main/DEBUG] [mixin/]: MixinPlatformAgentMinecraftForge rejected container SecureJarResource(apotheosis)
[09Dec2025 04:11:23.806] [main/DEBUG] [mixin/]: Instancing new MixinPlatformAgentDefault for SecureJarResource(apotheosis)
[09Dec2025 04:11:23.806] [main/DEBUG] [mixin/]: MixinPlatformAgentDefault accepted container SecureJarResource(apotheosis)
[09Dec2025 04:11:23.806] [main/DEBUG] [mixin/]: Processing prepare() for PlatformAgent[MixinPlatformAgentDefault:SecureJarResource(apotheosis)]
[09Dec2025 04:11:23.807] [main/DEBUG] [mixin/]: Registering mixin config: apotheosis.mixins.json
[09Dec2025 04:11:23.808] [main/DEBUG] [mixin/]: Adding mixin platform agents for container SecureJarResource(ferritecore)
[09Dec2025 04:11:23.808] [main/DEBUG] [mixin/]: Instancing new MixinPlatformAgentMinecraftForge for SecureJarResource(ferritecore)
[09Dec2025 04:11:23.809] [main/DEBUG] [mixin/]: MixinPlatformAgentMinecraftForge rejected container SecureJarResource(ferritecore)
[09Dec2025 04:11:23.809] [main/DEBUG] [mixin/]: Instancing new MixinPlatformAgentDefault for SecureJarResource(ferritecore)
[09Dec2025 04:11:23.809] [main/DEBUG] [mixin/]: MixinPlatformAgentDefault accepted container SecureJarResource(ferritecore)
[09Dec2025 04:11:23.809] [main/DEBUG] [mixin/]: Processing prepare() for PlatformAgent[MixinPlatformAgentDefault:SecureJarResource(ferritecore)]
[09Dec2025 04:11:23.809] [main/DEBUG] [mixin/]: Registering mixin config: ferritecore.predicates.mixin.json
[09Dec2025 04:11:23.811] [main/DEBUG] [mixin/]: Registering mixin config: ferritecore.fastmap.mixin.json
[09Dec2025 04:11:23.812] [main/DEBUG] [mixin/]: Registering mixin config: ferritecore.mrl.mixin.json
[09Dec2025 04:11:23.814] [main/DEBUG] [mixin/]: Registering mixin config: ferritecore.dedupmultipart.mixin.json
[09Dec2025 04:11:23.816] [main/DEBUG] [mixin/]: Registering mixin config: ferritecore.blockstatecache.mixin.json
[09Dec2025 04:11:23.823] [main/DEBUG] [mixin/]: Registering mixin config: ferritecore.dedupbakedquad.mixin.json
[09Dec2025 04:11:23.826] [main/DEBUG] [mixin/]: Registering mixin config: ferritecore.threaddetec.mixin.json
[09Dec2025 04:11:23.835] [main/DEBUG] [mixin/]: Registering mixin config: ferritecore.modelsides.mixin.json
[09Dec2025 04:11:23.850] [main/DEBUG] [mixin/]: Adding mixin platform agents for container SecureJarResource(culllessleaves)
[09Dec2025 04:11:23.850] [main/DEBUG] [mixin/]: Instancing new MixinPlatformAgentMinecraftForge for SecureJarResource(culllessleaves)
[09Dec2025 04:11:23.850] [main/DEBUG] [mixin/]: MixinPlatformAgentMinecraftForge rejected container SecureJarResource(culllessleaves)
[09Dec2025 04:11:23.850] [main/DEBUG] [mixin/]: Instancing new MixinPlatformAgentDefault for SecureJarResource(culllessleaves)
[09Dec2025 04:11:23.851] [main/DEBUG] [mixin/]: MixinPlatformAgentDefault accepted container SecureJarResource(culllessleaves)
[09Dec2025 04:11:23.851] [main/DEBUG] [mixin/]: Processing prepare() for PlatformAgent[MixinPlatformAgentDefault:SecureJarResource(culllessleaves)]
[09Dec2025 04:11:23.851] [main/DEBUG] [mixin/]: Registering mixin config: cull-less-leaves.mixins.json
[09Dec2025 04:11:23.857] [main/DEBUG] [mixin/]: Adding mixin platform agents for container SecureJarResource(jei)
[09Dec2025 04:11:23.857] [main/DEBUG] [mixin/]: Instancing new MixinPlatformAgentMinecraftForge for SecureJarResource(jei)
[09Dec2025 04:11:23.858] [main/DEBUG] [mixin/]: MixinPlatformAgentMinecraftForge rejected container SecureJarResource(jei)
[09Dec2025 04:11:23.858] [main/DEBUG] [mixin/]: Instancing new MixinPlatformAgentDefault for SecureJarResource(jei)
[09Dec2025 04:11:23.858] [main/DEBUG] [mixin/]: MixinPlatformAgentDefault accepted container SecureJarResource(jei)
[09Dec2025 04:11:23.858] [main/DEBUG] [mixin/]: Processing prepare() for PlatformAgent[MixinPlatformAgentDefault:SecureJarResource(jei)]
[09Dec2025 04:11:23.858] [main/DEBUG] [mixin/]: Adding mixin platform agents for container SecureJarResource(vampirism)
[09Dec2025 04:11:23.858] [main/DEBUG] [mixin/]: Instancing new MixinPlatformAgentMinecraftForge for SecureJarResource(vampirism)
[09Dec2025 04:11:23.858] [main/DEBUG] [mixin/]: MixinPlatformAgentMinecraftForge rejected container SecureJarResource(vampirism)
[09Dec2025 04:11:23.858] [main/DEBUG] [mixin/]: Instancing new MixinPlatformAgentDefault for SecureJarResource(vampirism)
[09Dec2025 04:11:23.858] [main/DEBUG] [mixin/]: MixinPlatformAgentDefault accepted container SecureJarResource(vampirism)
[09Dec2025 04:11:23.858] [main/DEBUG] [mixin/]: Processing prepare() for PlatformAgent[MixinPlatformAgentDefault:SecureJarResource(vampirism)]
[09Dec2025 04:11:23.858] [main/DEBUG] [mixin/]: Registering mixin config: vampirism.mixins.json
[09Dec2025 04:11:23.864] [main/DEBUG] [mixin/]: Adding mixin platform agents for container SecureJarResource(ksyxis)
[09Dec2025 04:11:23.867] [main/DEBUG] [mixin/]: Instancing new MixinPlatformAgentMinecraftForge for SecureJarResource(ksyxis)
[09Dec2025 04:11:23.867] [main/DEBUG] [mixin/]: MixinPlatformAgentMinecraftForge rejected container SecureJarResource(ksyxis)
[09Dec2025 04:11:23.867] [main/DEBUG] [mixin/]: Instancing new MixinPlatformAgentDefault for SecureJarResource(ksyxis)
[09Dec2025 04:11:23.869] [main/DEBUG] [mixin/]: MixinPlatformAgentDefault accepted container SecureJarResource(ksyxis)
[09Dec2025 04:11:23.870] [main/DEBUG] [mixin/]: Processing prepare() for PlatformAgent[MixinPlatformAgentDefault:SecureJarResource(ksyxis)]
[09Dec2025 04:11:23.870] [main/DEBUG] [mixin/]: Registering mixin config: ksyxis.mixins.json
[09Dec2025 04:11:23.871] [main/DEBUG] [mixin/]: Compatibility level JAVA_8 specified by ksyxis.mixins.json is lower than the default level supported by the current mixin service (JAVA_16).
[09Dec2025 04:11:23.874] [main/DEBUG] [mixin/]: Adding mixin platform agents for container SecureJarResource(spark)
[09Dec2025 04:11:23.874] [main/DEBUG] [mixin/]: Instancing new MixinPlatformAgentMinecraftForge for SecureJarResource(spark)
[09Dec2025 04:11:23.874] [main/DEBUG] [mixin/]: MixinPlatformAgentMinecraftForge rejected container SecureJarResource(spark)
[09Dec2025 04:11:23.874] [main/DEBUG] [mixin/]: Instancing new MixinPlatformAgentDefault for SecureJarResource(spark)
[09Dec2025 04:11:23.874] [main/DEBUG] [mixin/]: MixinPlatformAgentDefault accepted container SecureJarResource(spark)
[09Dec2025 04:11:23.874] [main/DEBUG] [mixin/]: Processing prepare() for PlatformAgent[MixinPlatformAgentDefault:SecureJarResource(spark)]
[09Dec2025 04:11:23.875] [main/DEBUG] [mixin/]: Adding mixin platform agents for container SecureJarResource(forge)
[09Dec2025 04:11:23.875] [main/DEBUG] [mixin/]: Instancing new MixinPlatformAgentMinecraftForge for SecureJarResource(forge)
[09Dec2025 04:11:23.875] [main/DEBUG] [mixin/]: MixinPlatformAgentMinecraftForge rejected container SecureJarResource(forge)
[09Dec2025 04:11:23.875] [main/DEBUG] [mixin/]: Instancing new MixinPlatformAgentDefault for SecureJarResource(forge)
[09Dec2025 04:11:23.875] [main/DEBUG] [mixin/]: MixinPlatformAgentDefault accepted container SecureJarResource(forge)
[09Dec2025 04:11:23.875] [main/DEBUG] [mixin/]: Processing prepare() for PlatformAgent[MixinPlatformAgentDefault:SecureJarResource(forge)]
[09Dec2025 04:11:23.875] [main/DEBUG] [mixin/]: Adding mixin platform agents for container SecureJarResource(embeddium)
[09Dec2025 04:11:23.875] [main/DEBUG] [mixin/]: Instancing new MixinPlatformAgentMinecraftForge for SecureJarResource(embeddium)
[09Dec2025 04:11:23.875] [main/DEBUG] [mixin/]: MixinPlatformAgentMinecraftForge rejected container SecureJarResource(embeddium)
[09Dec2025 04:11:23.875] [main/DEBUG] [mixin/]: Instancing new MixinPlatformAgentDefault for SecureJarResource(embeddium)
[09Dec2025 04:11:23.875] [main/DEBUG] [mixin/]: MixinPlatformAgentDefault accepted container SecureJarResource(embeddium)
[09Dec2025 04:11:23.876] [main/DEBUG] [mixin/]: Processing prepare() for PlatformAgent[MixinPlatformAgentDefault:SecureJarResource(embeddium)]
[09Dec2025 04:11:23.876] [main/DEBUG] [mixin/]: Registering mixin config: embeddium.mixins.json
[09Dec2025 04:11:23.886] [main/DEBUG] [mixin/]: Adding mixin platform agents for container SecureJarResource(placebo)
[09Dec2025 04:11:23.886] [main/DEBUG] [mixin/]: Instancing new MixinPlatformAgentMinecraftForge for SecureJarResource(placebo)
[09Dec2025 04:11:23.886] [main/DEBUG] [mixin/]: MixinPlatformAgentMinecraftForge rejected container SecureJarResource(placebo)
[09Dec2025 04:11:23.886] [main/DEBUG] [mixin/]: Instancing new MixinPlatformAgentDefault for SecureJarResource(placebo)
[09Dec2025 04:11:23.887] [main/DEBUG] [mixin/]: MixinPlatformAgentDefault accepted container SecureJarResource(placebo)
[09Dec2025 04:11:23.887] [main/DEBUG] [mixin/]: Processing prepare() for PlatformAgent[MixinPlatformAgentDefault:SecureJarResource(placebo)]
[09Dec2025 04:11:23.887] [main/DEBUG] [mixin/]: Registering mixin config: placebo.mixins.json
[09Dec2025 04:11:23.894] [main/DEBUG] [mixin/]: Adding mixin platform agents for container SecureJarResource(modernfix)
[09Dec2025 04:11:23.895] [main/DEBUG] [mixin/]: Instancing new MixinPlatformAgentMinecraftForge for SecureJarResource(modernfix)
[09Dec2025 04:11:23.896] [main/DEBUG] [mixin/]: MixinPlatformAgentMinecraftForge rejected container SecureJarResource(modernfix)
[09Dec2025 04:11:23.896] [main/DEBUG] [mixin/]: Instancing new MixinPlatformAgentDefault for SecureJarResource(modernfix)
[09Dec2025 04:11:23.896] [main/DEBUG] [mixin/]: MixinPlatformAgentDefault accepted container SecureJarResource(modernfix)
[09Dec2025 04:11:23.896] [main/DEBUG] [mixin/]: Processing prepare() for PlatformAgent[MixinPlatformAgentDefault:SecureJarResource(modernfix)]
[09Dec2025 04:11:23.896] [main/DEBUG] [mixin/]: Registering mixin config: modernfix-common.mixins.json
[09Dec2025 04:11:23.898] [main/DEBUG] [mixin/]: Registering mixin config: modernfix-forge.mixins.json
[09Dec2025 04:11:23.899] [main/DEBUG] [mixin/]: Adding mixin platform agents for container SecureJarResource(mclib)
[09Dec2025 04:11:23.900] [main/DEBUG] [mixin/]: Instancing new MixinPlatformAgentMinecraftForge for SecureJarResource(mclib)
[09Dec2025 04:11:23.900] [main/DEBUG] [mixin/]: MixinPlatformAgentMinecraftForge rejected container SecureJarResource(mclib)
[09Dec2025 04:11:23.900] [main/DEBUG] [mixin/]: Instancing new MixinPlatformAgentDefault for SecureJarResource(mclib)
[09Dec2025 04:11:23.900] [main/DEBUG] [mixin/]: MixinPlatformAgentDefault accepted container SecureJarResource(mclib)
[09Dec2025 04:11:23.900] [main/DEBUG] [mixin/]: Processing prepare() for PlatformAgent[MixinPlatformAgentDefault:SecureJarResource(mclib)]
[09Dec2025 04:11:23.900] [main/DEBUG] [mixin/]: Adding mixin platform agents for container SecureJarResource(MixinExtras)
[09Dec2025 04:11:23.900] [main/DEBUG] [mixin/]: Instancing new MixinPlatformAgentMinecraftForge for SecureJarResource(MixinExtras)
[09Dec2025 04:11:23.901] [main/DEBUG] [mixin/]: MixinPlatformAgentMinecraftForge rejected container SecureJarResource(MixinExtras)
[09Dec2025 04:11:23.901] [main/DEBUG] [mixin/]: Instancing new MixinPlatformAgentDefault for SecureJarResource(MixinExtras)
[09Dec2025 04:11:23.901] [main/DEBUG] [mixin/]: MixinPlatformAgentDefault accepted container SecureJarResource(MixinExtras)
[09Dec2025 04:11:23.901] [main/DEBUG] [mixin/]: Processing prepare() for PlatformAgent[MixinPlatformAgentDefault:SecureJarResource(MixinExtras)]
[09Dec2025 04:11:23.901] [main/DEBUG] [mixin/]: Adding mixin platform agents for container SecureJarResource(Reflect)
[09Dec2025 04:11:23.901] [main/DEBUG] [mixin/]: Instancing new MixinPlatformAgentMinecraftForge for SecureJarResource(Reflect)
[09Dec2025 04:11:23.901] [main/DEBUG] [mixin/]: MixinPlatformAgentMinecraftForge rejected container SecureJarResource(Reflect)
[09Dec2025 04:11:23.901] [main/DEBUG] [mixin/]: Instancing new MixinPlatformAgentDefault for SecureJarResource(Reflect)
[09Dec2025 04:11:23.901] [main/DEBUG] [mixin/]: MixinPlatformAgentDefault accepted container SecureJarResource(Reflect)
[09Dec2025 04:11:23.901] [main/DEBUG] [mixin/]: Processing prepare() for PlatformAgent[MixinPlatformAgentDefault:SecureJarResource(Reflect)]
[09Dec2025 04:11:23.901] [main/DEBUG] [mixin/]: Adding mixin platform agents for container SecureJarResource(NanoLiveConfig)
[09Dec2025 04:11:23.902] [main/DEBUG] [mixin/]: Instancing new MixinPlatformAgentMinecraftForge for SecureJarResource(NanoLiveConfig)
[09Dec2025 04:11:23.902] [main/DEBUG] [mixin/]: MixinPlatformAgentMinecraftForge rejected container SecureJarResource(NanoLiveConfig)
[09Dec2025 04:11:23.902] [main/DEBUG] [mixin/]: Instancing new MixinPlatformAgentDefault for SecureJarResource(NanoLiveConfig)
[09Dec2025 04:11:23.906] [main/DEBUG] [mixin/]: MixinPlatformAgentDefault accepted container SecureJarResource(NanoLiveConfig)
[09Dec2025 04:11:23.906] [main/DEBUG] [mixin/]: Processing prepare() for PlatformAgent[MixinPlatformAgentDefault:SecureJarResource(NanoLiveConfig)]
[09Dec2025 04:11:23.906] [main/DEBUG] [mixin/]: inject() running with 24 agents
[09Dec2025 04:11:23.907] [main/DEBUG] [mixin/]: Processing inject() for PlatformAgent[MixinPlatformAgentDefault:ModLauncher Root Container(ModLauncher:4f56a0a2)]
[09Dec2025 04:11:23.907] [main/DEBUG] [mixin/]: Processing inject() for PlatformAgent[MixinPlatformAgentDefault:SecureJarResource(minecraft)]
[09Dec2025 04:11:23.907] [main/DEBUG] [mixin/]: Processing inject() for PlatformAgent[MixinPlatformAgentDefault:SecureJarResource(attributeslib)]
[09Dec2025 04:11:23.907] [main/DEBUG] [mixin/]: Processing inject() for PlatformAgent[MixinPlatformAgentDefault:SecureJarResource(radium)]
[09Dec2025 04:11:23.907] [main/DEBUG] [mixin/]: Processing inject() for PlatformAgent[MixinPlatformAgentDefault:SecureJarResource(mixinextras)]
[09Dec2025 04:11:23.907] [main/DEBUG] [mixin/]: Processing inject() for PlatformAgent[MixinPlatformAgentDefault:SecureJarResource(shw)]
[09Dec2025 04:11:23.907] [main/DEBUG] [mixin/]: Processing inject() for PlatformAgent[MixinPlatformAgentDefault:SecureJarResource(mowziesmobs)]
[09Dec2025 04:11:23.907] [main/DEBUG] [mixin/]: Processing inject() for PlatformAgent[MixinPlatformAgentDefault:SecureJarResource(immediatelyfast)]
[09Dec2025 04:11:23.908] [main/DEBUG] [mixin/]: Processing inject() for PlatformAgent[MixinPlatformAgentDefault:SecureJarResource(geckolib)]
[09Dec2025 04:11:23.908] [main/DEBUG] [mixin/]: Processing inject() for PlatformAgent[MixinPlatformAgentDefault:SecureJarResource(apotheosis)]
[09Dec2025 04:11:23.908] [main/DEBUG] [mixin/]: Processing inject() for PlatformAgent[MixinPlatformAgentDefault:SecureJarResource(ferritecore)]
[09Dec2025 04:11:23.910] [main/DEBUG] [mixin/]: Processing inject() for PlatformAgent[MixinPlatformAgentDefault:SecureJarResource(culllessleaves)]
[09Dec2025 04:11:23.910] [main/DEBUG] [mixin/]: Processing inject() for PlatformAgent[MixinPlatformAgentDefault:SecureJarResource(jei)]
[09Dec2025 04:11:23.910] [main/DEBUG] [mixin/]: Processing inject() for PlatformAgent[MixinPlatformAgentDefault:SecureJarResource(vampirism)]
[09Dec2025 04:11:23.910] [main/DEBUG] [mixin/]: Processing inject() for PlatformAgent[MixinPlatformAgentDefault:SecureJarResource(ksyxis)]
[09Dec2025 04:11:23.910] [main/DEBUG] [mixin/]: Processing inject() for PlatformAgent[MixinPlatformAgentDefault:SecureJarResource(spark)]
[09Dec2025 04:11:23.911] [main/DEBUG] [mixin/]: Processing inject() for PlatformAgent[MixinPlatformAgentDefault:SecureJarResource(forge)]
[09Dec2025 04:11:23.911] [main/DEBUG] [mixin/]: Processing inject() for PlatformAgent[MixinPlatformAgentDefault:SecureJarResource(embeddium)]
[09Dec2025 04:11:23.911] [main/DEBUG] [mixin/]: Processing inject() for PlatformAgent[MixinPlatformAgentDefault:SecureJarResource(placebo)]
[09Dec2025 04:11:23.911] [main/DEBUG] [mixin/]: Processing inject() for PlatformAgent[MixinPlatformAgentDefault:SecureJarResource(modernfix)]
[09Dec2025 04:11:23.911] [main/DEBUG] [mixin/]: Processing inject() for PlatformAgent[MixinPlatformAgentDefault:SecureJarResource(mclib)]
[09Dec2025 04:11:23.911] [main/DEBUG] [mixin/]: Processing inject() for PlatformAgent[MixinPlatformAgentDefault:SecureJarResource(MixinExtras)]
[09Dec2025 04:11:23.911] [main/DEBUG] [mixin/]: Processing inject() for PlatformAgent[MixinPlatformAgentDefault:SecureJarResource(Reflect)]
[09Dec2025 04:11:23.911] [main/DEBUG] [mixin/]: Processing inject() for PlatformAgent[MixinPlatformAgentDefault:SecureJarResource(NanoLiveConfig)]
[09Dec2025 04:11:23.911] [main/INFO] [cpw.mods.modlauncher.LaunchServiceHandler/MODLAUNCHER]: Launching target 'forgeserver' with arguments [nogui]
[09Dec2025 04:11:23.977] [main/DEBUG] [mixin/]: Error cleaning class output directory: .mixin.out
[09Dec2025 04:11:23.979] [main/DEBUG] [mixin/]: Preparing mixins for MixinEnvironment[DEFAULT]
[09Dec2025 04:11:23.979] [main/DEBUG] [mixin/]: Selecting config attributeslib.mixins.json
[09Dec2025 04:11:23.984] [main/DEBUG] [mixin/]: Selecting config lithium.mixins.json
[09Dec2025 04:11:24.180] [main/INFO] [Radium Config/]: Loaded configuration file for Radium: 125 options available, 1 override(s) found
[09Dec2025 04:11:24.204] [main/DEBUG] [mixin/]: Selecting config mixinextras.init.mixins.json
[09Dec2025 04:11:24.271] [main/DEBUG] [MixinExtras|Service/]: com.llamalad7.mixinextras.service.MixinExtrasServiceImpl(version=0.4.1) is taking over from null
[09Dec2025 04:11:24.359] [main/DEBUG] [mixin/]: Registering new injector for @Inject with org.spongepowered.asm.mixin.injection.struct.CallbackInjectionInfo
[09Dec2025 04:11:24.362] [main/DEBUG] [mixin/]: Registering new injector for @ModifyArg with org.spongepowered.asm.mixin.injection.struct.ModifyArgInjectionInfo
[09Dec2025 04:11:24.364] [main/DEBUG] [mixin/]: Registering new injector for @ModifyArgs with org.spongepowered.asm.mixin.injection.struct.ModifyArgsInjectionInfo
[09Dec2025 04:11:24.366] [main/DEBUG] [mixin/]: Registering new injector for @Redirect with org.spongepowered.asm.mixin.injection.struct.RedirectInjectionInfo
[09Dec2025 04:11:24.368] [main/DEBUG] [mixin/]: Registering new injector for @ModifyVariable with org.spongepowered.asm.mixin.injection.struct.ModifyVariableInjectionInfo
[09Dec2025 04:11:24.371] [main/DEBUG] [mixin/]: Registering new injector for @ModifyConstant with org.spongepowered.asm.mixin.injection.struct.ModifyConstantInjectionInfo
[09Dec2025 04:11:24.394] [main/DEBUG] [mixin/]: Selecting config mowziesmobs.mixins.json
[09Dec2025 04:11:24.398] [main/DEBUG] [mixin/]: Selecting config immediatelyfast-forge.mixins.json
[09Dec2025 04:11:24.438] [main/DEBUG] [mixin/]: Selecting config immediatelyfast-common.mixins.json
[09Dec2025 04:11:24.440] [main/DEBUG] [mixin/]: Selecting config geckolib.mixins.json
[09Dec2025 04:11:24.444] [main/DEBUG] [mixin/]: Selecting config apotheosis.mixins.json
[09Dec2025 04:11:24.448] [main/DEBUG] [mixin/]: Selecting config ferritecore.predicates.mixin.json
[09Dec2025 04:11:24.470] [main/DEBUG] [mixin/]: Selecting config ferritecore.fastmap.mixin.json
[09Dec2025 04:11:24.475] [main/DEBUG] [mixin/]: Selecting config ferritecore.mrl.mixin.json
[09Dec2025 04:11:24.478] [main/DEBUG] [mixin/]: Selecting config ferritecore.dedupmultipart.mixin.json
[09Dec2025 04:11:24.481] [main/DEBUG] [mixin/]: Selecting config ferritecore.blockstatecache.mixin.json
[09Dec2025 04:11:24.485] [main/DEBUG] [mixin/]: Selecting config ferritecore.dedupbakedquad.mixin.json
[09Dec2025 04:11:24.489] [main/DEBUG] [mixin/]: Selecting config ferritecore.threaddetec.mixin.json
[09Dec2025 04:11:24.492] [main/DEBUG] [mixin/]: Selecting config ferritecore.modelsides.mixin.json
[09Dec2025 04:11:24.495] [main/DEBUG] [mixin/]: Selecting config cull-less-leaves.mixins.json
[09Dec2025 04:11:24.499] [main/DEBUG] [mixin/]: Selecting config vampirism.mixins.json
[09Dec2025 04:11:24.502] [main/DEBUG] [mixin/]: Selecting config ksyxis.mixins.json
[09Dec2025 04:11:24.510] [main/DEBUG] [mixin/]: Selecting config embeddium.mixins.json
[09Dec2025 04:11:24.522] [main/INFO] [Embeddium/]: Loaded configuration file for Embeddium: 65 options available, 0 override(s) found
[09Dec2025 04:11:24.535] [main/DEBUG] [mixin/]: Selecting config placebo.mixins.json
[09Dec2025 04:11:24.537] [main/DEBUG] [mixin/]: Selecting config modernfix-common.mixins.json
[09Dec2025 04:11:24.699] [main/INFO] [ModernFix/]: Loaded configuration file for ModernFix 5.24.4+mc1.20.1: 96 options available, 0 override(s) found
[09Dec2025 04:11:24.702] [main/INFO] [ModernFix/]: Applying Nashorn fix
[09Dec2025 04:11:24.732] [main/INFO] [ModernFix/]: Applied Forge config corruption patch
[09Dec2025 04:11:24.748] [main/DEBUG] [mixin/]: Selecting config modernfix-forge.mixins.json
[09Dec2025 04:11:24.753] [main/DEBUG] [mixin/]: Preparing attributeslib.mixins.json (17)
[09Dec2025 04:11:24.972] [main/DEBUG] [net.minecraftforge.coremod.transformer.CoreModBaseTransformer/COREMOD]: Transforming net/minecraft/world/item/ItemStack
[09Dec2025 04:11:25.005] [main/DEBUG] [net.minecraftforge.coremod.transformer.CoreModBaseTransformer/COREMOD]: Transforming getEnchantmentLevel with desc (Lnet/minecraft/world/item/enchantment/Enchantment;)I
[09Dec2025 04:11:25.053] [main/INFO] [net.minecraftforge.coremod.CoreMod.placebo/COREMODLOG]: Patching IForgeItemStack#getEnchantmentLevel
[09Dec2025 04:11:25.118] [main/DEBUG] [net.minecraftforge.coremod.transformer.CoreModBaseTransformer/COREMOD]: Transforming getAllEnchantments with desc ()Ljava/util/Map;
[09Dec2025 04:11:25.131] [main/INFO] [net.minecraftforge.coremod.CoreMod.placebo/COREMODLOG]: Patching IForgeItemStack#getEnchantmentLevel
[09Dec2025 04:11:25.256] [main/DEBUG] [mixin/]: Preparing lithium.mixins.json (220)
[09Dec2025 04:11:25.283] [main/WARN] [Radium Config/]: Force-disabling mixin 'alloc.blockstate.StateMixin' as option 'mixin.alloc.blockstate' (added by mods [ferritecore]) disables it and children
[09Dec2025 04:11:25.514] [main/DEBUG] [net.minecraftforge.coremod.transformer.CoreModBaseTransformer/COREMOD]: Transforming net/minecraft/world/entity/raid/Raid
[09Dec2025 04:11:26.308] [main/DEBUG] [net.minecraftforge.coremod.transformer.CoreModBaseTransformer/COREMOD]: Transforming net/minecraft/world/level/biome/Biome
[09Dec2025 04:11:26.335] [main/DEBUG] [mixin/]: Preparing mixinextras.init.mixins.json (0)
[09Dec2025 04:11:26.336] [main/DEBUG] [mixin/]: Preparing mowziesmobs.mixins.json (1)
[09Dec2025 04:11:26.340] [main/DEBUG] [mixin/]: Preparing immediatelyfast-forge.mixins.json (5)
[09Dec2025 04:11:26.343] [main/DEBUG] [mixin/]: Preparing immediatelyfast-common.mixins.json (33)
[09Dec2025 04:11:26.343] [main/DEBUG] [mixin/]: Preparing geckolib.mixins.json (1)
[09Dec2025 04:11:26.343] [main/DEBUG] [mixin/]: Preparing apotheosis.mixins.json (31)
[09Dec2025 04:11:26.374] [main/DEBUG] [net.minecraftforge.coremod.transformer.CoreModBaseTransformer/COREMOD]: Transforming net/minecraft/world/inventory/AnvilMenu
[09Dec2025 04:11:26.589] [main/INFO] [net.minecraftforge.coremod.CoreMod.apotheosis/COREMODLOG]: Replaced 2 calls to Enchantment#getMaxLevel() in net/minecraft/world/inventory/AnvilMenu
[09Dec2025 04:11:26.644] [main/WARN] [mixin/]: Error loading class: org/violetmoon/quark/content/tweaks/module/GoldToolsHaveFortuneModule (java.lang.ClassNotFoundException: org.violetmoon.quark.content.tweaks.module.GoldToolsHaveFortuneModule)
[09Dec2025 04:11:26.649] [main/DEBUG] [mixin/]: Skipping virtual target org.violetmoon.quark.content.tweaks.module.GoldToolsHaveFortuneModule for apotheosis.mixins.json:GoldToolsHaveFortuneModuleMixin
[09Dec2025 04:11:26.650] [main/DEBUG] [net.minecraftforge.coremod.transformer.CoreModBaseTransformer/COREMOD]: Transforming getEnchantmentLevel with desc (Lnet/minecraft/world/item/enchantment/Enchantment;)I
[09Dec2025 04:11:26.654] [main/INFO] [net.minecraftforge.coremod.CoreMod.placebo/COREMODLOG]: Patching IForgeItemStack#getEnchantmentLevel
[09Dec2025 04:11:26.657] [main/DEBUG] [net.minecraftforge.coremod.transformer.CoreModBaseTransformer/COREMOD]: Transforming getAllEnchantments with desc ()Ljava/util/Map;
[09Dec2025 04:11:26.657] [main/INFO] [net.minecraftforge.coremod.CoreMod.placebo/COREMODLOG]: Patching IForgeItemStack#getEnchantmentLevel
[09Dec2025 04:11:26.708] [main/WARN] [mixin/]: Error loading class: com/hollingsworth/arsnouveau/common/items/SpellCrossbow (java.lang.ClassNotFoundException: com.hollingsworth.arsnouveau.common.items.SpellCrossbow)
[09Dec2025 04:11:26.712] [main/DEBUG] [mixin/]: Skipping virtual target com.hollingsworth.arsnouveau.common.items.SpellCrossbow for apotheosis.mixins.json:SpellCrossbowMixin
[09Dec2025 04:11:26.721] [main/DEBUG] [mixin/]: Preparing ferritecore.predicates.mixin.json (3)
[09Dec2025 04:11:26.724] [main/DEBUG] [mixin/]: Preparing ferritecore.fastmap.mixin.json (1)
[09Dec2025 04:11:26.735] [main/DEBUG] [mixin/]: Preparing ferritecore.mrl.mixin.json (2)
[09Dec2025 04:11:26.735] [main/DEBUG] [mixin/]: Preparing ferritecore.dedupmultipart.mixin.json (2)
[09Dec2025 04:11:26.735] [main/DEBUG] [mixin/]: Preparing ferritecore.blockstatecache.mixin.json (8)
[09Dec2025 04:11:26.753] [main/DEBUG] [mixin/]: @Mixin target net/minecraft/world/level/block/state/BlockBehaviour$BlockStateBase$Cache is public in ferritecore.blockstatecache.mixin.json:BlockStateCacheMixin and should be specified in value
[09Dec2025 04:11:26.758] [main/DEBUG] [mixin/]: Preparing ferritecore.dedupbakedquad.mixin.json (2)
[09Dec2025 04:11:26.758] [main/DEBUG] [mixin/]: Preparing ferritecore.threaddetec.mixin.json (1)
[09Dec2025 04:11:26.759] [main/DEBUG] [mixin/]: Preparing ferritecore.modelsides.mixin.json (1)
[09Dec2025 04:11:26.760] [main/DEBUG] [mixin/]: Preparing cull-less-leaves.mixins.json (4)
[09Dec2025 04:11:26.760] [main/DEBUG] [mixin/]: Preparing vampirism.mixins.json (52)
[09Dec2025 04:11:26.802] [main/DEBUG] [net.minecraftforge.coremod.transformer.CoreModBaseTransformer/COREMOD]: Transforming net/minecraft/world/effect/MobEffectInstance
[09Dec2025 04:11:26.852] [main/DEBUG] [mixin/]: Preparing ksyxis.mixins.json (3)
[09Dec2025 04:11:26.857] [main/DEBUG] [Ksyxis/MOD_KSYXIS]: Ksyxis: ModernFix's 'removeSpawnChunks' option is: false
[09Dec2025 04:11:26.859] [main/DEBUG] [Ksyxis/KPlugin/MOD_KSYXIS]: Ksyxis: Bytecode provider threw an exception, mixin WON'T be applied. (provider: org.spongepowered.asm.launch.MixinLaunchPlugin@4e224df5, plugin: Ksyxis/KPlugin{provider=org.spongepowered.asm.launch.MixinLaunchPlugin@4e224df5}, targetClassName: net.minecraft.world.World, mixinClassName: ru.vidtu.ksyxis.mixins.LevelMixin)
java.lang.ClassNotFoundException: net.minecraft.world.World
	at cpw.mods.cl.ModuleClassLoader.getMaybeTransformedClassBytes(ModuleClassLoader.java:252) ~[securejarhandler-2.1.10.jar:?]
	at cpw.mods.modlauncher.TransformingClassLoader.buildTransformedClassNodeFor(TransformingClassLoader.java:58) ~[modlauncher-10.0.9.jar%2353!/:?]
	at cpw.mods.modlauncher.LaunchPluginHandler.lambda$announceLaunch$10(LaunchPluginHandler.java:100) ~[modlauncher-10.0.9.jar%2353!/:?]
	at org.spongepowered.asm.launch.MixinLaunchPluginLegacy.getClassNode(MixinLaunchPluginLegacy.java:222) ~[mixin-0.8.5.jar%2363!/:0.8.5+Jenkins-b310.git-155314e6e91465dad727e621a569906a410cd6f4]
	at org.spongepowered.asm.launch.MixinLaunchPluginLegacy.getClassNode(MixinLaunchPluginLegacy.java:207) ~[mixin-0.8.5.jar%2363!/:0.8.5+Jenkins-b310.git-155314e6e91465dad727e621a569906a410cd6f4]
	at ru.vidtu.ksyxis.KPlugin.shouldApplyMixin(KPlugin.java:112) ~[Ksyxis-1.3.4.jar%23120!/:1.3.4]
	at org.spongepowered.asm.mixin.transformer.PluginHandle.shouldApplyMixin(PluginHandle.java:132) ~[mixin-0.8.5.jar%2363!/:0.8.5+Jenkins-b310.git-155314e6e91465dad727e621a569906a410cd6f4]
	at org.spongepowered.asm.mixin.transformer.MixinInfo.shouldApplyMixin(MixinInfo.java:987) ~[mixin-0.8.5.jar%2363!/:0.8.5+Jenkins-b310.git-155314e6e91465dad727e621a569906a410cd6f4]
	at org.spongepowered.asm.mixin.transformer.MixinInfo.readDeclaredTargets(MixinInfo.java:952) ~[mixin-0.8.5.jar%2363!/:0.8.5+Jenkins-b310.git-155314e6e91465dad727e621a569906a410cd6f4]
	at org.spongepowered.asm.mixin.transformer.MixinInfo.<init>(MixinInfo.java:881) ~[mixin-0.8.5.jar%2363!/:0.8.5+Jenkins-b310.git-155314e6e91465dad727e621a569906a410cd6f4]
	at org.spongepowered.asm.mixin.transformer.MixinConfig.prepareMixins(MixinConfig.java:850) ~[mixin-0.8.5.jar%2363!/:0.8.5+Jenkins-b310.git-155314e6e91465dad727e621a569906a410cd6f4]
	at org.spongepowered.asm.mixin.transformer.MixinConfig.prepare(MixinConfig.java:775) ~[mixin-0.8.5.jar%2363!/:0.8.5+Jenkins-b310.git-155314e6e91465dad727e621a569906a410cd6f4]
	at org.spongepowered.asm.mixin.transformer.MixinProcessor.prepareConfigs(MixinProcessor.java:539) ~[mixin-0.8.5.jar%2363!/:0.8.5+Jenkins-b310.git-155314e6e91465dad727e621a569906a410cd6f4]
	at org.spongepowered.asm.mixin.transformer.MixinProcessor.select(MixinProcessor.java:462) ~[mixin-0.8.5.jar%2363!/:0.8.5+Jenkins-b310.git-155314e6e91465dad727e621a569906a410cd6f4]
	at org.spongepowered.asm.mixin.transformer.MixinProcessor.checkSelect(MixinProcessor.java:438) ~[mixin-0.8.5.jar%2363!/:0.8.5+Jenkins-b310.git-155314e6e91465dad727e621a569906a410cd6f4]
	at org.spongepowered.asm.mixin.transformer.MixinProcessor.applyMixins(MixinProcessor.java:290) ~[mixin-0.8.5.jar%2363!/:0.8.5+Jenkins-b310.git-155314e6e91465dad727e621a569906a410cd6f4]
	at org.spongepowered.asm.mixin.transformer.MixinTransformer.transformClass(MixinTransformer.java:250) ~[mixin-0.8.5.jar%2363!/:0.8.5+Jenkins-b310.git-155314e6e91465dad727e621a569906a410cd6f4]
	at org.spongepowered.asm.service.modlauncher.MixinTransformationHandler.processClass(MixinTransformationHandler.java:131) ~[mixin-0.8.5.jar%2363!/:0.8.5+Jenkins-b310.git-155314e6e91465dad727e621a569906a410cd6f4]
	at org.spongepowered.asm.launch.MixinLaunchPluginLegacy.processClass(MixinLaunchPluginLegacy.java:131) ~[mixin-0.8.5.jar%2363!/:0.8.5+Jenkins-b310.git-155314e6e91465dad727e621a569906a410cd6f4]
	at cpw.mods.modlauncher.serviceapi.ILaunchPluginService.processClassWithFlags(ILaunchPluginService.java:156) ~[modlauncher-10.0.9.jar%2353!/:10.0.9+10.0.9+main.dcd20f30]
	at cpw.mods.modlauncher.LaunchPluginHandler.offerClassNodeToPlugins(LaunchPluginHandler.java:88) ~[modlauncher-10.0.9.jar%2353!/:?]
	at cpw.mods.modlauncher.ClassTransformer.transform(ClassTransformer.java:120) ~[modlauncher-10.0.9.jar%2353!/:?]
	at cpw.mods.modlauncher.TransformingClassLoader.maybeTransformClassBytes(TransformingClassLoader.java:50) ~[modlauncher-10.0.9.jar%2353!/:?]
	at cpw.mods.cl.ModuleClassLoader.readerToClass(ModuleClassLoader.java:113) ~[securejarhandler-2.1.10.jar:?]
	at cpw.mods.cl.ModuleClassLoader.lambda$findClass$15(ModuleClassLoader.java:219) ~[securejarhandler-2.1.10.jar:?]
	at cpw.mods.cl.ModuleClassLoader.loadFromModule(ModuleClassLoader.java:229) ~[securejarhandler-2.1.10.jar:?]
	at cpw.mods.cl.ModuleClassLoader.findClass(ModuleClassLoader.java:219) ~[securejarhandler-2.1.10.jar:?]
	at java.lang.ClassLoader.loadClass(ClassLoader.java:637) ~[?:?]
	at java.lang.Class.forName(Class.java:545) ~[?:?]
	at net.minecraftforge.fml.loading.ImmediateWindowHandler$DummyProvider.lambda$updateModuleReads$1(ImmediateWindowHandler.java:145) ~[fmlloader-1.20.1-47.3.7.jar%2367!/:1.0]
	at java.util.Optional.map(Optional.java:260) ~[?:?]
	at net.minecraftforge.fml.loading.ImmediateWindowHandler$DummyProvider.updateModuleReads(ImmediateWindowHandler.java:145) ~[fmlloader-1.20.1-47.3.7.jar%2367!/:1.0]
	at net.minecraftforge.fml.loading.ImmediateWindowHandler.acceptGameLayer(ImmediateWindowHandler.java:71) ~[fmlloader-1.20.1-47.3.7.jar%2367!/:1.0]
	at net.minecraftforge.fml.loading.FMLLoader.beforeStart(FMLLoader.java:207) ~[fmlloader-1.20.1-47.3.7.jar%2367!/:1.0]
	at net.minecraftforge.fml.loading.targets.CommonLaunchHandler.launchService(CommonLaunchHandler.java:92) ~[fmlloader-1.20.1-47.3.7.jar%2367!/:?]
	at cpw.mods.modlauncher.LaunchServiceHandlerDecorator.launch(LaunchServiceHandlerDecorator.java:30) ~[modlauncher-10.0.9.jar%2353!/:?]
	at cpw.mods.modlauncher.LaunchServiceHandler.launch(LaunchServiceHandler.java:53) ~[modlauncher-10.0.9.jar%2353!/:?]
	at cpw.mods.modlauncher.LaunchServiceHandler.launch(LaunchServiceHandler.java:71) ~[modlauncher-10.0.9.jar%2353!/:?]
	at cpw.mods.modlauncher.Launcher.run(Launcher.java:108) ~[modlauncher-10.0.9.jar%2353!/:?]
	at cpw.mods.modlauncher.Launcher.main(Launcher.java:78) ~[modlauncher-10.0.9.jar%2353!/:?]
	at cpw.mods.modlauncher.BootstrapLaunchConsumer.accept(BootstrapLaunchConsumer.java:26) ~[modlauncher-10.0.9.jar%2353!/:?]
	at cpw.mods.modlauncher.BootstrapLaunchConsumer.accept(BootstrapLaunchConsumer.java:23) ~[modlauncher-10.0.9.jar%2353!/:?]
	at cpw.mods.bootstraplauncher.BootstrapLauncher.main(BootstrapLauncher.java:141) ~[bootstraplauncher-1.1.2.jar:?]
[09Dec2025 04:11:26.878] [main/DEBUG] [Ksyxis/KPlugin/MOD_KSYXIS]: Ksyxis: Bytecode provider threw an exception, mixin WON'T be applied. (provider: org.spongepowered.asm.launch.MixinLaunchPlugin@4e224df5, plugin: Ksyxis/KPlugin{provider=org.spongepowered.asm.launch.MixinLaunchPlugin@4e224df5}, targetClassName: net.minecraft.class_1150, mixinClassName: ru.vidtu.ksyxis.mixins.LevelMixin)
java.lang.ClassNotFoundException: net.minecraft.class_1150
	at cpw.mods.cl.ModuleClassLoader.getMaybeTransformedClassBytes(ModuleClassLoader.java:252) ~[securejarhandler-2.1.10.jar:?]
	at cpw.mods.modlauncher.TransformingClassLoader.buildTransformedClassNodeFor(TransformingClassLoader.java:58) ~[modlauncher-10.0.9.jar%2353!/:?]
	at cpw.mods.modlauncher.LaunchPluginHandler.lambda$announceLaunch$10(LaunchPluginHandler.java:100) ~[modlauncher-10.0.9.jar%2353!/:?]
	at org.spongepowered.asm.launch.MixinLaunchPluginLegacy.getClassNode(MixinLaunchPluginLegacy.java:222) ~[mixin-0.8.5.jar%2363!/:0.8.5+Jenkins-b310.git-155314e6e91465dad727e621a569906a410cd6f4]
	at org.spongepowered.asm.launch.MixinLaunchPluginLegacy.getClassNode(MixinLaunchPluginLegacy.java:207) ~[mixin-0.8.5.jar%2363!/:0.8.5+Jenkins-b310.git-155314e6e91465dad727e621a569906a410cd6f4]
	at ru.vidtu.ksyxis.KPlugin.shouldApplyMixin(KPlugin.java:112) ~[Ksyxis-1.3.4.jar%23120!/:1.3.4]
	at org.spongepowered.asm.mixin.transformer.PluginHandle.shouldApplyMixin(PluginHandle.java:132) ~[mixin-0.8.5.jar%2363!/:0.8.5+Jenkins-b310.git-155314e6e91465dad727e621a569906a410cd6f4]
	at org.spongepowered.asm.mixin.transformer.MixinInfo.shouldApplyMixin(MixinInfo.java:987) ~[mixin-0.8.5.jar%2363!/:0.8.5+Jenkins-b310.git-155314e6e91465dad727e621a569906a410cd6f4]
	at org.spongepowered.asm.mixin.transformer.MixinInfo.readDeclaredTargets(MixinInfo.java:952) ~[mixin-0.8.5.jar%2363!/:0.8.5+Jenkins-b310.git-155314e6e91465dad727e621a569906a410cd6f4]
	at org.spongepowered.asm.mixin.transformer.MixinInfo.<init>(MixinInfo.java:881) ~[mixin-0.8.5.jar%2363!/:0.8.5+Jenkins-b310.git-155314e6e91465dad727e621a569906a410cd6f4]
	at org.spongepowered.asm.mixin.transformer.MixinConfig.prepareMixins(MixinConfig.java:850) ~[mixin-0.8.5.jar%2363!/:0.8.5+Jenkins-b310.git-155314e6e91465dad727e621a569906a410cd6f4]
	at org.spongepowered.asm.mixin.transformer.MixinConfig.prepare(MixinConfig.java:775) ~[mixin-0.8.5.jar%2363!/:0.8.5+Jenkins-b310.git-155314e6e91465dad727e621a569906a410cd6f4]
	at org.spongepowered.asm.mixin.transformer.MixinProcessor.prepareConfigs(MixinProcessor.java:539) ~[mixin-0.8.5.jar%2363!/:0.8.5+Jenkins-b310.git-155314e6e91465dad727e621a569906a410cd6f4]
	at org.spongepowered.asm.mixin.transformer.MixinProcessor.select(MixinProcessor.java:462) ~[mixin-0.8.5.jar%2363!/:0.8.5+Jenkins-b310.git-155314e6e91465dad727e621a569906a410cd6f4]
	at org.spongepowered.asm.mixin.transformer.MixinProcessor.checkSelect(MixinProcessor.java:438) ~[mixin-0.8.5.jar%2363!/:0.8.5+Jenkins-b310.git-155314e6e91465dad727e621a569906a410cd6f4]
	at org.spongepowered.asm.mixin.transformer.MixinProcessor.applyMixins(MixinProcessor.java:290) ~[mixin-0.8.5.jar%2363!/:0.8.5+Jenkins-b310.git-155314e6e91465dad727e621a569906a410cd6f4]
	at org.spongepowered.asm.mixin.transformer.MixinTransformer.transformClass(MixinTransformer.java:250) ~[mixin-0.8.5.jar%2363!/:0.8.5+Jenkins-b310.git-155314e6e91465dad727e621a569906a410cd6f4]
	at org.spongepowered.asm.service.modlauncher.MixinTransformationHandler.processClass(MixinTransformationHandler.java:131) ~[mixin-0.8.5.jar%2363!/:0.8.5+Jenkins-b310.git-155314e6e91465dad727e621a569906a410cd6f4]
	at org.spongepowered.asm.launch.MixinLaunchPluginLegacy.processClass(MixinLaunchPluginLegacy.java:131) ~[mixin-0.8.5.jar%2363!/:0.8.5+Jenkins-b310.git-155314e6e91465dad727e621a569906a410cd6f4]
	at cpw.mods.modlauncher.serviceapi.ILaunchPluginService.processClassWithFlags(ILaunchPluginService.java:156) ~[modlauncher-10.0.9.jar%2353!/:10.0.9+10.0.9+main.dcd20f30]
	at cpw.mods.modlauncher.LaunchPluginHandler.offerClassNodeToPlugins(LaunchPluginHandler.java:88) ~[modlauncher-10.0.9.jar%2353!/:?]
	at cpw.mods.modlauncher.ClassTransformer.transform(ClassTransformer.java:120) ~[modlauncher-10.0.9.jar%2353!/:?]
	at cpw.mods.modlauncher.TransformingClassLoader.maybeTransformClassBytes(TransformingClassLoader.java:50) ~[modlauncher-10.0.9.jar%2353!/:?]
	at cpw.mods.cl.ModuleClassLoader.readerToClass(ModuleClassLoader.java:113) ~[securejarhandler-2.1.10.jar:?]
	at cpw.mods.cl.ModuleClassLoader.lambda$findClass$15(ModuleClassLoader.java:219) ~[securejarhandler-2.1.10.jar:?]
	at cpw.mods.cl.ModuleClassLoader.loadFromModule(ModuleClassLoader.java:229) ~[securejarhandler-2.1.10.jar:?]
	at cpw.mods.cl.ModuleClassLoader.findClass(ModuleClassLoader.java:219) ~[securejarhandler-2.1.10.jar:?]
	at java.lang.ClassLoader.loadClass(ClassLoader.java:637) ~[?:?]
	at java.lang.Class.forName(Class.java:545) ~[?:?]
	at net.minecraftforge.fml.loading.ImmediateWindowHandler$DummyProvider.lambda$updateModuleReads$1(ImmediateWindowHandler.java:145) ~[fmlloader-1.20.1-47.3.7.jar%2367!/:1.0]
	at java.util.Optional.map(Optional.java:260) ~[?:?]
	at net.minecraftforge.fml.loading.ImmediateWindowHandler$DummyProvider.updateModuleReads(ImmediateWindowHandler.java:145) ~[fmlloader-1.20.1-47.3.7.jar%2367!/:1.0]
	at net.minecraftforge.fml.loading.ImmediateWindowHandler.acceptGameLayer(ImmediateWindowHandler.java:71) ~[fmlloader-1.20.1-47.3.7.jar%2367!/:1.0]
	at net.minecraftforge.fml.loading.FMLLoader.beforeStart(FMLLoader.java:207) ~[fmlloader-1.20.1-47.3.7.jar%2367!/:1.0]
	at net.minecraftforge.fml.loading.targets.CommonLaunchHandler.launchService(CommonLaunchHandler.java:92) ~[fmlloader-1.20.1-47.3.7.jar%2367!/:?]
	at cpw.mods.modlauncher.LaunchServiceHandlerDecorator.launch(LaunchServiceHandlerDecorator.java:30) ~[modlauncher-10.0.9.jar%2353!/:?]
	at cpw.mods.modlauncher.LaunchServiceHandler.launch(LaunchServiceHandler.java:53) ~[modlauncher-10.0.9.jar%2353!/:?]
	at cpw.mods.modlauncher.LaunchServiceHandler.launch(LaunchServiceHandler.java:71) ~[modlauncher-10.0.9.jar%2353!/:?]
	at cpw.mods.modlauncher.Launcher.run(Launcher.java:108) ~[modlauncher-10.0.9.jar%2353!/:?]
	at cpw.mods.modlauncher.Launcher.main(Launcher.java:78) ~[modlauncher-10.0.9.jar%2353!/:?]
	at cpw.mods.modlauncher.BootstrapLaunchConsumer.accept(BootstrapLaunchConsumer.java:26) ~[modlauncher-10.0.9.jar%2353!/:?]
	at cpw.mods.modlauncher.BootstrapLaunchConsumer.accept(BootstrapLaunchConsumer.java:23) ~[modlauncher-10.0.9.jar%2353!/:?]
	at cpw.mods.bootstraplauncher.BootstrapLauncher.main(BootstrapLauncher.java:141) ~[bootstraplauncher-1.1.2.jar:?]
[09Dec2025 04:11:26.883] [main/DEBUG] [Ksyxis/KPlugin/MOD_KSYXIS]: Ksyxis: Bytecode provider threw an exception, mixin WON'T be applied. (provider: org.spongepowered.asm.launch.MixinLaunchPlugin@4e224df5, plugin: Ksyxis/KPlugin{provider=org.spongepowered.asm.launch.MixinLaunchPlugin@4e224df5}, targetClassName: net.minecraft.unmapped.C_5553933, mixinClassName: ru.vidtu.ksyxis.mixins.LevelMixin)
java.lang.ClassNotFoundException: net.minecraft.unmapped.C_5553933
	at cpw.mods.cl.ModuleClassLoader.getMaybeTransformedClassBytes(ModuleClassLoader.java:252) ~[securejarhandler-2.1.10.jar:?]
	at cpw.mods.modlauncher.TransformingClassLoader.buildTransformedClassNodeFor(TransformingClassLoader.java:58) ~[modlauncher-10.0.9.jar%2353!/:?]
	at cpw.mods.modlauncher.LaunchPluginHandler.lambda$announceLaunch$10(LaunchPluginHandler.java:100) ~[modlauncher-10.0.9.jar%2353!/:?]
	at org.spongepowered.asm.launch.MixinLaunchPluginLegacy.getClassNode(MixinLaunchPluginLegacy.java:222) ~[mixin-0.8.5.jar%2363!/:0.8.5+Jenkins-b310.git-155314e6e91465dad727e621a569906a410cd6f4]
	at org.spongepowered.asm.launch.MixinLaunchPluginLegacy.getClassNode(MixinLaunchPluginLegacy.java:207) ~[mixin-0.8.5.jar%2363!/:0.8.5+Jenkins-b310.git-155314e6e91465dad727e621a569906a410cd6f4]
	at ru.vidtu.ksyxis.KPlugin.shouldApplyMixin(KPlugin.java:112) ~[Ksyxis-1.3.4.jar%23120!/:1.3.4]
	at org.spongepowered.asm.mixin.transformer.PluginHandle.shouldApplyMixin(PluginHandle.java:132) ~[mixin-0.8.5.jar%2363!/:0.8.5+Jenkins-b310.git-155314e6e91465dad727e621a569906a410cd6f4]
	at org.spongepowered.asm.mixin.transformer.MixinInfo.shouldApplyMixin(MixinInfo.java:987) ~[mixin-0.8.5.jar%2363!/:0.8.5+Jenkins-b310.git-155314e6e91465dad727e621a569906a410cd6f4]
	at org.spongepowered.asm.mixin.transformer.MixinInfo.readDeclaredTargets(MixinInfo.java:952) ~[mixin-0.8.5.jar%2363!/:0.8.5+Jenkins-b310.git-155314e6e91465dad727e621a569906a410cd6f4]
	at org.spongepowered.asm.mixin.transformer.MixinInfo.<init>(MixinInfo.java:881) ~[mixin-0.8.5.jar%2363!/:0.8.5+Jenkins-b310.git-155314e6e91465dad727e621a569906a410cd6f4]
	at org.spongepowered.asm.mixin.transformer.MixinConfig.prepareMixins(MixinConfig.java:850) ~[mixin-0.8.5.jar%2363!/:0.8.5+Jenkins-b310.git-155314e6e91465dad727e621a569906a410cd6f4]
	at org.spongepowered.asm.mixin.transformer.MixinConfig.prepare(MixinConfig.java:775) ~[mixin-0.8.5.jar%2363!/:0.8.5+Jenkins-b310.git-155314e6e91465dad727e621a569906a410cd6f4]
	at org.spongepowered.asm.mixin.transformer.MixinProcessor.prepareConfigs(MixinProcessor.java:539) ~[mixin-0.8.5.jar%2363!/:0.8.5+Jenkins-b310.git-155314e6e91465dad727e621a569906a410cd6f4]
	at org.spongepowered.asm.mixin.transformer.MixinProcessor.select(MixinProcessor.java:462) ~[mixin-0.8.5.jar%2363!/:0.8.5+Jenkins-b310.git-155314e6e91465dad727e621a569906a410cd6f4]
	at org.spongepowered.asm.mixin.transformer.MixinProcessor.checkSelect(MixinProcessor.java:438) ~[mixin-0.8.5.jar%2363!/:0.8.5+Jenkins-b310.git-155314e6e91465dad727e621a569906a410cd6f4]
	at org.spongepowered.asm.mixin.transformer.MixinProcessor.applyMixins(MixinProcessor.java:290) ~[mixin-0.8.5.jar%2363!/:0.8.5+Jenkins-b310.git-155314e6e91465dad727e621a569906a410cd6f4]
	at org.spongepowered.asm.mixin.transformer.MixinTransformer.transformClass(MixinTransformer.java:250) ~[mixin-0.8.5.jar%2363!/:0.8.5+Jenkins-b310.git-155314e6e91465dad727e621a569906a410cd6f4]
	at org.spongepowered.asm.service.modlauncher.MixinTransformationHandler.processClass(MixinTransformationHandler.java:131) ~[mixin-0.8.5.jar%2363!/:0.8.5+Jenkins-b310.git-155314e6e91465dad727e621a569906a410cd6f4]
	at org.spongepowered.asm.launch.MixinLaunchPluginLegacy.processClass(MixinLaunchPluginLegacy.java:131) ~[mixin-0.8.5.jar%2363!/:0.8.5+Jenkins-b310.git-155314e6e91465dad727e621a569906a410cd6f4]
	at cpw.mods.modlauncher.serviceapi.ILaunchPluginService.processClassWithFlags(ILaunchPluginService.java:156) ~[modlauncher-10.0.9.jar%2353!/:10.0.9+10.0.9+main.dcd20f30]
	at cpw.mods.modlauncher.LaunchPluginHandler.offerClassNodeToPlugins(LaunchPluginHandler.java:88) ~[modlauncher-10.0.9.jar%2353!/:?]
	at cpw.mods.modlauncher.ClassTransformer.transform(ClassTransformer.java:120) ~[modlauncher-10.0.9.jar%2353!/:?]
	at cpw.mods.modlauncher.TransformingClassLoader.maybeTransformClassBytes(TransformingClassLoader.java:50) ~[modlauncher-10.0.9.jar%2353!/:?]
	at cpw.mods.cl.ModuleClassLoader.readerToClass(ModuleClassLoader.java:113) ~[securejarhandler-2.1.10.jar:?]
	at cpw.mods.cl.ModuleClassLoader.lambda$findClass$15(ModuleClassLoader.java:219) ~[securejarhandler-2.1.10.jar:?]
	at cpw.mods.cl.ModuleClassLoader.loadFromModule(ModuleClassLoader.java:229) ~[securejarhandler-2.1.10.jar:?]
	at cpw.mods.cl.ModuleClassLoader.findClass(ModuleClassLoader.java:219) ~[securejarhandler-2.1.10.jar:?]
	at java.lang.ClassLoader.loadClass(ClassLoader.java:637) ~[?:?]
	at java.lang.Class.forName(Class.java:545) ~[?:?]
	at net.minecraftforge.fml.loading.ImmediateWindowHandler$DummyProvider.lambda$updateModuleReads$1(ImmediateWindowHandler.java:145) ~[fmlloader-1.20.1-47.3.7.jar%2367!/:1.0]
	at java.util.Optional.map(Optional.java:260) ~[?:?]
	at net.minecraftforge.fml.loading.ImmediateWindowHandler$DummyProvider.updateModuleReads(ImmediateWindowHandler.java:145) ~[fmlloader-1.20.1-47.3.7.jar%2367!/:1.0]
	at net.minecraftforge.fml.loading.ImmediateWindowHandler.acceptGameLayer(ImmediateWindowHandler.java:71) ~[fmlloader-1.20.1-47.3.7.jar%2367!/:1.0]
	at net.minecraftforge.fml.loading.FMLLoader.beforeStart(FMLLoader.java:207) ~[fmlloader-1.20.1-47.3.7.jar%2367!/:1.0]
	at net.minecraftforge.fml.loading.targets.CommonLaunchHandler.launchService(CommonLaunchHandler.java:92) ~[fmlloader-1.20.1-47.3.7.jar%2367!/:?]
	at cpw.mods.modlauncher.LaunchServiceHandlerDecorator.launch(LaunchServiceHandlerDecorator.java:30) ~[modlauncher-10.0.9.jar%2353!/:?]
	at cpw.mods.modlauncher.LaunchServiceHandler.launch(LaunchServiceHandler.java:53) ~[modlauncher-10.0.9.jar%2353!/:?]
	at cpw.mods.modlauncher.LaunchServiceHandler.launch(LaunchServiceHandler.java:71) ~[modlauncher-10.0.9.jar%2353!/:?]
	at cpw.mods.modlauncher.Launcher.run(Launcher.java:108) ~[modlauncher-10.0.9.jar%2353!/:?]
	at cpw.mods.modlauncher.Launcher.main(Launcher.java:78) ~[modlauncher-10.0.9.jar%2353!/:?]
	at cpw.mods.modlauncher.BootstrapLaunchConsumer.accept(BootstrapLaunchConsumer.java:26) ~[modlauncher-10.0.9.jar%2353!/:?]
	at cpw.mods.modlauncher.BootstrapLaunchConsumer.accept(BootstrapLaunchConsumer.java:23) ~[modlauncher-10.0.9.jar%2353!/:?]
	at cpw.mods.bootstraplauncher.BootstrapLauncher.main(BootstrapLauncher.java:141) ~[bootstraplauncher-1.1.2.jar:?]
[09Dec2025 04:11:26.899] [main/DEBUG] [Ksyxis/KPlugin/MOD_KSYXIS]: Ksyxis: Bytecode provider returned a valid node, applying mixin... (provider: org.spongepowered.asm.launch.MixinLaunchPlugin@4e224df5, plugin: Ksyxis/KPlugin{provider=org.spongepowered.asm.launch.MixinLaunchPlugin@4e224df5}, targetClassName: net.minecraft.server.MinecraftServer, mixinClassName: ru.vidtu.ksyxis.mixins.MinecraftServerMixin)
[09Dec2025 04:11:26.902] [main/DEBUG] [Ksyxis/KPlugin/MOD_KSYXIS]: Ksyxis: Bytecode provider threw an exception, mixin WON'T be applied. (provider: org.spongepowered.asm.launch.MixinLaunchPlugin@4e224df5, plugin: Ksyxis/KPlugin{provider=org.spongepowered.asm.launch.MixinLaunchPlugin@4e224df5}, targetClassName: net.minecraft.src.C_4977_, mixinClassName: ru.vidtu.ksyxis.mixins.MinecraftServerMixin)
java.lang.ClassNotFoundException: net.minecraft.src.C_4977_
	at cpw.mods.cl.ModuleClassLoader.getMaybeTransformedClassBytes(ModuleClassLoader.java:252) ~[securejarhandler-2.1.10.jar:?]
	at cpw.mods.modlauncher.TransformingClassLoader.buildTransformedClassNodeFor(TransformingClassLoader.java:58) ~[modlauncher-10.0.9.jar%2353!/:?]
	at cpw.mods.modlauncher.LaunchPluginHandler.lambda$announceLaunch$10(LaunchPluginHandler.java:100) ~[modlauncher-10.0.9.jar%2353!/:?]
	at org.spongepowered.asm.launch.MixinLaunchPluginLegacy.getClassNode(MixinLaunchPluginLegacy.java:222) ~[mixin-0.8.5.jar%2363!/:0.8.5+Jenkins-b310.git-155314e6e91465dad727e621a569906a410cd6f4]
	at org.spongepowered.asm.launch.MixinLaunchPluginLegacy.getClassNode(MixinLaunchPluginLegacy.java:207) ~[mixin-0.8.5.jar%2363!/:0.8.5+Jenkins-b310.git-155314e6e91465dad727e621a569906a410cd6f4]
	at ru.vidtu.ksyxis.KPlugin.shouldApplyMixin(KPlugin.java:112) ~[Ksyxis-1.3.4.jar%23120!/:1.3.4]
	at org.spongepowered.asm.mixin.transformer.PluginHandle.shouldApplyMixin(PluginHandle.java:132) ~[mixin-0.8.5.jar%2363!/:0.8.5+Jenkins-b310.git-155314e6e91465dad727e621a569906a410cd6f4]
	at org.spongepowered.asm.mixin.transformer.MixinInfo.shouldApplyMixin(MixinInfo.java:987) ~[mixin-0.8.5.jar%2363!/:0.8.5+Jenkins-b310.git-155314e6e91465dad727e621a569906a410cd6f4]
	at org.spongepowered.asm.mixin.transformer.MixinInfo.readDeclaredTargets(MixinInfo.java:952) ~[mixin-0.8.5.jar%2363!/:0.8.5+Jenkins-b310.git-155314e6e91465dad727e621a569906a410cd6f4]
	at org.spongepowered.asm.mixin.transformer.MixinInfo.<init>(MixinInfo.java:881) ~[mixin-0.8.5.jar%2363!/:0.8.5+Jenkins-b310.git-155314e6e91465dad727e621a569906a410cd6f4]
	at org.spongepowered.asm.mixin.transformer.MixinConfig.prepareMixins(MixinConfig.java:850) ~[mixin-0.8.5.jar%2363!/:0.8.5+Jenkins-b310.git-155314e6e91465dad727e621a569906a410cd6f4]
	at org.spongepowered.asm.mixin.transformer.MixinConfig.prepare(MixinConfig.java:775) ~[mixin-0.8.5.jar%2363!/:0.8.5+Jenkins-b310.git-155314e6e91465dad727e621a569906a410cd6f4]
	at org.spongepowered.asm.mixin.transformer.MixinProcessor.prepareConfigs(MixinProcessor.java:539) ~[mixin-0.8.5.jar%2363!/:0.8.5+Jenkins-b310.git-155314e6e91465dad727e621a569906a410cd6f4]
	at org.spongepowered.asm.mixin.transformer.MixinProcessor.select(MixinProcessor.java:462) ~[mixin-0.8.5.jar%2363!/:0.8.5+Jenkins-b310.git-155314e6e91465dad727e621a569906a410cd6f4]
	at org.spongepowered.asm.mixin.transformer.MixinProcessor.checkSelect(MixinProcessor.java:438) ~[mixin-0.8.5.jar%2363!/:0.8.5+Jenkins-b310.git-155314e6e91465dad727e621a569906a410cd6f4]
	at org.spongepowered.asm.mixin.transformer.MixinProcessor.applyMixins(MixinProcessor.java:290) ~[mixin-0.8.5.jar%2363!/:0.8.5+Jenkins-b310.git-155314e6e91465dad727e621a569906a410cd6f4]
	at org.spongepowered.asm.mixin.transformer.MixinTransformer.transformClass(MixinTransformer.java:250) ~[mixin-0.8.5.jar%2363!/:0.8.5+Jenkins-b310.git-155314e6e91465dad727e621a569906a410cd6f4]
	at org.spongepowered.asm.service.modlauncher.MixinTransformationHandler.processClass(MixinTransformationHandler.java:131) ~[mixin-0.8.5.jar%2363!/:0.8.5+Jenkins-b310.git-155314e6e91465dad727e621a569906a410cd6f4]
	at org.spongepowered.asm.launch.MixinLaunchPluginLegacy.processClass(MixinLaunchPluginLegacy.java:131) ~[mixin-0.8.5.jar%2363!/:0.8.5+Jenkins-b310.git-155314e6e91465dad727e621a569906a410cd6f4]
	at cpw.mods.modlauncher.serviceapi.ILaunchPluginService.processClassWithFlags(ILaunchPluginService.java:156) ~[modlauncher-10.0.9.jar%2353!/:10.0.9+10.0.9+main.dcd20f30]
	at cpw.mods.modlauncher.LaunchPluginHandler.offerClassNodeToPlugins(LaunchPluginHandler.java:88) ~[modlauncher-10.0.9.jar%2353!/:?]
	at cpw.mods.modlauncher.ClassTransformer.transform(ClassTransformer.java:120) ~[modlauncher-10.0.9.jar%2353!/:?]
	at cpw.mods.modlauncher.TransformingClassLoader.maybeTransformClassBytes(TransformingClassLoader.java:50) ~[modlauncher-10.0.9.jar%2353!/:?]
	at cpw.mods.cl.ModuleClassLoader.readerToClass(ModuleClassLoader.java:113) ~[securejarhandler-2.1.10.jar:?]
	at cpw.mods.cl.ModuleClassLoader.lambda$findClass$15(ModuleClassLoader.java:219) ~[securejarhandler-2.1.10.jar:?]
	at cpw.mods.cl.ModuleClassLoader.loadFromModule(ModuleClassLoader.java:229) ~[securejarhandler-2.1.10.jar:?]
	at cpw.mods.cl.ModuleClassLoader.findClass(ModuleClassLoader.java:219) ~[securejarhandler-2.1.10.jar:?]
	at java.lang.ClassLoader.loadClass(ClassLoader.java:637) ~[?:?]
	at java.lang.Class.forName(Class.java:545) ~[?:?]
	at net.minecraftforge.fml.loading.ImmediateWindowHandler$DummyProvider.lambda$updateModuleReads$1(ImmediateWindowHandler.java:145) ~[fmlloader-1.20.1-47.3.7.jar%2367!/:1.0]
	at java.util.Optional.map(Optional.java:260) ~[?:?]
	at net.minecraftforge.fml.loading.ImmediateWindowHandler$DummyProvider.updateModuleReads(ImmediateWindowHandler.java:145) ~[fmlloader-1.20.1-47.3.7.jar%2367!/:1.0]
	at net.minecraftforge.fml.loading.ImmediateWindowHandler.acceptGameLayer(ImmediateWindowHandler.java:71) ~[fmlloader-1.20.1-47.3.7.jar%2367!/:1.0]
	at net.minecraftforge.fml.loading.FMLLoader.beforeStart(FMLLoader.java:207) ~[fmlloader-1.20.1-47.3.7.jar%2367!/:1.0]
	at net.minecraftforge.fml.loading.targets.CommonLaunchHandler.launchService(CommonLaunchHandler.java:92) ~[fmlloader-1.20.1-47.3.7.jar%2367!/:?]
	at cpw.mods.modlauncher.LaunchServiceHandlerDecorator.launch(LaunchServiceHandlerDecorator.java:30) ~[modlauncher-10.0.9.jar%2353!/:?]
	at cpw.mods.modlauncher.LaunchServiceHandler.launch(LaunchServiceHandler.java:53) ~[modlauncher-10.0.9.jar%2353!/:?]
	at cpw.mods.modlauncher.LaunchServiceHandler.launch(LaunchServiceHandler.java:71) ~[modlauncher-10.0.9.jar%2353!/:?]
	at cpw.mods.modlauncher.Launcher.run(Launcher.java:108) ~[modlauncher-10.0.9.jar%2353!/:?]
	at cpw.mods.modlauncher.Launcher.main(Launcher.java:78) ~[modlauncher-10.0.9.jar%2353!/:?]
	at cpw.mods.modlauncher.BootstrapLaunchConsumer.accept(BootstrapLaunchConsumer.java:26) ~[modlauncher-10.0.9.jar%2353!/:?]
	at cpw.mods.modlauncher.BootstrapLaunchConsumer.accept(BootstrapLaunchConsumer.java:23) ~[modlauncher-10.0.9.jar%2353!/:?]
	at cpw.mods.bootstraplauncher.BootstrapLauncher.main(BootstrapLauncher.java:141) ~[bootstraplauncher-1.1.2.jar:?]
[09Dec2025 04:11:26.918] [main/DEBUG] [Ksyxis/KPlugin/MOD_KSYXIS]: Ksyxis: Bytecode provider returned a valid node, applying mixin... (provider: org.spongepowered.asm.launch.MixinLaunchPlugin@4e224df5, plugin: Ksyxis/KPlugin{provider=org.spongepowered.asm.launch.MixinLaunchPlugin@4e224df5}, targetClassName: net.minecraft.server.level.ServerLevel, mixinClassName: ru.vidtu.ksyxis.mixins.ServerLevelMixin)
[09Dec2025 04:11:26.921] [main/DEBUG] [Ksyxis/KPlugin/MOD_KSYXIS]: Ksyxis: Bytecode provider threw an exception, mixin WON'T be applied. (provider: org.spongepowered.asm.launch.MixinLaunchPlugin@4e224df5, plugin: Ksyxis/KPlugin{provider=org.spongepowered.asm.launch.MixinLaunchPlugin@4e224df5}, targetClassName: net.minecraft.server.world.ServerWorld, mixinClassName: ru.vidtu.ksyxis.mixins.ServerLevelMixin)
java.lang.ClassNotFoundException: net.minecraft.server.world.ServerWorld
	at cpw.mods.cl.ModuleClassLoader.getMaybeTransformedClassBytes(ModuleClassLoader.java:252) ~[securejarhandler-2.1.10.jar:?]
	at cpw.mods.modlauncher.TransformingClassLoader.buildTransformedClassNodeFor(TransformingClassLoader.java:58) ~[modlauncher-10.0.9.jar%2353!/:?]
	at cpw.mods.modlauncher.LaunchPluginHandler.lambda$announceLaunch$10(LaunchPluginHandler.java:100) ~[modlauncher-10.0.9.jar%2353!/:?]
	at org.spongepowered.asm.launch.MixinLaunchPluginLegacy.getClassNode(MixinLaunchPluginLegacy.java:222) ~[mixin-0.8.5.jar%2363!/:0.8.5+Jenkins-b310.git-155314e6e91465dad727e621a569906a410cd6f4]
	at org.spongepowered.asm.launch.MixinLaunchPluginLegacy.getClassNode(MixinLaunchPluginLegacy.java:207) ~[mixin-0.8.5.jar%2363!/:0.8.5+Jenkins-b310.git-155314e6e91465dad727e621a569906a410cd6f4]
	at ru.vidtu.ksyxis.KPlugin.shouldApplyMixin(KPlugin.java:112) ~[Ksyxis-1.3.4.jar%23120!/:1.3.4]
	at org.spongepowered.asm.mixin.transformer.PluginHandle.shouldApplyMixin(PluginHandle.java:132) ~[mixin-0.8.5.jar%2363!/:0.8.5+Jenkins-b310.git-155314e6e91465dad727e621a569906a410cd6f4]
	at org.spongepowered.asm.mixin.transformer.MixinInfo.shouldApplyMixin(MixinInfo.java:987) ~[mixin-0.8.5.jar%2363!/:0.8.5+Jenkins-b310.git-155314e6e91465dad727e621a569906a410cd6f4]
	at org.spongepowered.asm.mixin.transformer.MixinInfo.readDeclaredTargets(MixinInfo.java:952) ~[mixin-0.8.5.jar%2363!/:0.8.5+Jenkins-b310.git-155314e6e91465dad727e621a569906a410cd6f4]
	at org.spongepowered.asm.mixin.transformer.MixinInfo.<init>(MixinInfo.java:881) ~[mixin-0.8.5.jar%2363!/:0.8.5+Jenkins-b310.git-155314e6e91465dad727e621a569906a410cd6f4]
	at org.spongepowered.asm.mixin.transformer.MixinConfig.prepareMixins(MixinConfig.java:850) ~[mixin-0.8.5.jar%2363!/:0.8.5+Jenkins-b310.git-155314e6e91465dad727e621a569906a410cd6f4]
	at org.spongepowered.asm.mixin.transformer.MixinConfig.prepare(MixinConfig.java:775) ~[mixin-0.8.5.jar%2363!/:0.8.5+Jenkins-b310.git-155314e6e91465dad727e621a569906a410cd6f4]
	at org.spongepowered.asm.mixin.transformer.MixinProcessor.prepareConfigs(MixinProcessor.java:539) ~[mixin-0.8.5.jar%2363!/:0.8.5+Jenkins-b310.git-155314e6e91465dad727e621a569906a410cd6f4]
	at org.spongepowered.asm.mixin.transformer.MixinProcessor.select(MixinProcessor.java:462) ~[mixin-0.8.5.jar%2363!/:0.8.5+Jenkins-b310.git-155314e6e91465dad727e621a569906a410cd6f4]
	at org.spongepowered.asm.mixin.transformer.MixinProcessor.checkSelect(MixinProcessor.java:438) ~[mixin-0.8.5.jar%2363!/:0.8.5+Jenkins-b310.git-155314e6e91465dad727e621a569906a410cd6f4]
	at org.spongepowered.asm.mixin.transformer.MixinProcessor.applyMixins(MixinProcessor.java:290) ~[mixin-0.8.5.jar%2363!/:0.8.5+Jenkins-b310.git-155314e6e91465dad727e621a569906a410cd6f4]
	at org.spongepowered.asm.mixin.transformer.MixinTransformer.transformClass(MixinTransformer.java:250) ~[mixin-0.8.5.jar%2363!/:0.8.5+Jenkins-b310.git-155314e6e91465dad727e621a569906a410cd6f4]
	at org.spongepowered.asm.service.modlauncher.MixinTransformationHandler.processClass(MixinTransformationHandler.java:131) ~[mixin-0.8.5.jar%2363!/:0.8.5+Jenkins-b310.git-155314e6e91465dad727e621a569906a410cd6f4]
	at org.spongepowered.asm.launch.MixinLaunchPluginLegacy.processClass(MixinLaunchPluginLegacy.java:131) ~[mixin-0.8.5.jar%2363!/:0.8.5+Jenkins-b310.git-155314e6e91465dad727e621a569906a410cd6f4]
	at cpw.mods.modlauncher.serviceapi.ILaunchPluginService.processClassWithFlags(ILaunchPluginService.java:156) ~[modlauncher-10.0.9.jar%2353!/:10.0.9+10.0.9+main.dcd20f30]
	at cpw.mods.modlauncher.LaunchPluginHandler.offerClassNodeToPlugins(LaunchPluginHandler.java:88) ~[modlauncher-10.0.9.jar%2353!/:?]
	at cpw.mods.modlauncher.ClassTransformer.transform(ClassTransformer.java:120) ~[modlauncher-10.0.9.jar%2353!/:?]
	at cpw.mods.modlauncher.TransformingClassLoader.maybeTransformClassBytes(TransformingClassLoader.java:50) ~[modlauncher-10.0.9.jar%2353!/:?]
	at cpw.mods.cl.ModuleClassLoader.readerToClass(ModuleClassLoader.java:113) ~[securejarhandler-2.1.10.jar:?]
	at cpw.mods.cl.ModuleClassLoader.lambda$findClass$15(ModuleClassLoader.java:219) ~[securejarhandler-2.1.10.jar:?]
	at cpw.mods.cl.ModuleClassLoader.loadFromModule(ModuleClassLoader.java:229) ~[securejarhandler-2.1.10.jar:?]
	at cpw.mods.cl.ModuleClassLoader.findClass(ModuleClassLoader.java:219) ~[securejarhandler-2.1.10.jar:?]
	at java.lang.ClassLoader.loadClass(ClassLoader.java:637) ~[?:?]
	at java.lang.Class.forName(Class.java:545) ~[?:?]
	at net.minecraftforge.fml.loading.ImmediateWindowHandler$DummyProvider.lambda$updateModuleReads$1(ImmediateWindowHandler.java:145) ~[fmlloader-1.20.1-47.3.7.jar%2367!/:1.0]
	at java.util.Optional.map(Optional.java:260) ~[?:?]
	at net.minecraftforge.fml.loading.ImmediateWindowHandler$DummyProvider.updateModuleReads(ImmediateWindowHandler.java:145) ~[fmlloader-1.20.1-47.3.7.jar%2367!/:1.0]
	at net.minecraftforge.fml.loading.ImmediateWindowHandler.acceptGameLayer(ImmediateWindowHandler.java:71) ~[fmlloader-1.20.1-47.3.7.jar%2367!/:1.0]
	at net.minecraftforge.fml.loading.FMLLoader.beforeStart(FMLLoader.java:207) ~[fmlloader-1.20.1-47.3.7.jar%2367!/:1.0]
	at net.minecraftforge.fml.loading.targets.CommonLaunchHandler.launchService(CommonLaunchHandler.java:92) ~[fmlloader-1.20.1-47.3.7.jar%2367!/:?]
	at cpw.mods.modlauncher.LaunchServiceHandlerDecorator.launch(LaunchServiceHandlerDecorator.java:30) ~[modlauncher-10.0.9.jar%2353!/:?]
	at cpw.mods.modlauncher.LaunchServiceHandler.launch(LaunchServiceHandler.java:53) ~[modlauncher-10.0.9.jar%2353!/:?]
	at cpw.mods.modlauncher.LaunchServiceHandler.launch(LaunchServiceHandler.java:71) ~[modlauncher-10.0.9.jar%2353!/:?]
	at cpw.mods.modlauncher.Launcher.run(Launcher.java:108) ~[modlauncher-10.0.9.jar%2353!/:?]
	at cpw.mods.modlauncher.Launcher.main(Launcher.java:78) ~[modlauncher-10.0.9.jar%2353!/:?]
	at cpw.mods.modlauncher.BootstrapLaunchConsumer.accept(BootstrapLaunchConsumer.java:26) ~[modlauncher-10.0.9.jar%2353!/:?]
	at cpw.mods.modlauncher.BootstrapLaunchConsumer.accept(BootstrapLaunchConsumer.java:23) ~[modlauncher-10.0.9.jar%2353!/:?]
	at cpw.mods.bootstraplauncher.BootstrapLauncher.main(BootstrapLauncher.java:141) ~[bootstraplauncher-1.1.2.jar:?]
[09Dec2025 04:11:26.929] [main/DEBUG] [Ksyxis/KPlugin/MOD_KSYXIS]: Ksyxis: Bytecode provider threw an exception, mixin WON'T be applied. (provider: org.spongepowered.asm.launch.MixinLaunchPlugin@4e224df5, plugin: Ksyxis/KPlugin{provider=org.spongepowered.asm.launch.MixinLaunchPlugin@4e224df5}, targetClassName: net.minecraft.world.server.ServerWorld, mixinClassName: ru.vidtu.ksyxis.mixins.ServerLevelMixin)
java.lang.ClassNotFoundException: net.minecraft.world.server.ServerWorld
	at cpw.mods.cl.ModuleClassLoader.getMaybeTransformedClassBytes(ModuleClassLoader.java:252) ~[securejarhandler-2.1.10.jar:?]
	at cpw.mods.modlauncher.TransformingClassLoader.buildTransformedClassNodeFor(TransformingClassLoader.java:58) ~[modlauncher-10.0.9.jar%2353!/:?]
	at cpw.mods.modlauncher.LaunchPluginHandler.lambda$announceLaunch$10(LaunchPluginHandler.java:100) ~[modlauncher-10.0.9.jar%2353!/:?]
	at org.spongepowered.asm.launch.MixinLaunchPluginLegacy.getClassNode(MixinLaunchPluginLegacy.java:222) ~[mixin-0.8.5.jar%2363!/:0.8.5+Jenkins-b310.git-155314e6e91465dad727e621a569906a410cd6f4]
	at org.spongepowered.asm.launch.MixinLaunchPluginLegacy.getClassNode(MixinLaunchPluginLegacy.java:207) ~[mixin-0.8.5.jar%2363!/:0.8.5+Jenkins-b310.git-155314e6e91465dad727e621a569906a410cd6f4]
	at ru.vidtu.ksyxis.KPlugin.shouldApplyMixin(KPlugin.java:112) ~[Ksyxis-1.3.4.jar%23120!/:1.3.4]
	at org.spongepowered.asm.mixin.transformer.PluginHandle.shouldApplyMixin(PluginHandle.java:132) ~[mixin-0.8.5.jar%2363!/:0.8.5+Jenkins-b310.git-155314e6e91465dad727e621a569906a410cd6f4]
	at org.spongepowered.asm.mixin.transformer.MixinInfo.shouldApplyMixin(MixinInfo.java:987) ~[mixin-0.8.5.jar%2363!/:0.8.5+Jenkins-b310.git-155314e6e91465dad727e621a569906a410cd6f4]
	at org.spongepowered.asm.mixin.transformer.MixinInfo.readDeclaredTargets(MixinInfo.java:952) ~[mixin-0.8.5.jar%2363!/:0.8.5+Jenkins-b310.git-155314e6e91465dad727e621a569906a410cd6f4]
	at org.spongepowered.asm.mixin.transformer.MixinInfo.<init>(MixinInfo.java:881) ~[mixin-0.8.5.jar%2363!/:0.8.5+Jenkins-b310.git-155314e6e91465dad727e621a569906a410cd6f4]
	at org.spongepowered.asm.mixin.transformer.MixinConfig.prepareMixins(MixinConfig.java:850) ~[mixin-0.8.5.jar%2363!/:0.8.5+Jenkins-b310.git-155314e6e91465dad727e621a569906a410cd6f4]
	at org.spongepowered.asm.mixin.transformer.MixinConfig.prepare(MixinConfig.java:775) ~[mixin-0.8.5.jar%2363!/:0.8.5+Jenkins-b310.git-155314e6e91465dad727e621a569906a410cd6f4]
	at org.spongepowered.asm.mixin.transformer.MixinProcessor.prepareConfigs(MixinProcessor.java:539) ~[mixin-0.8.5.jar%2363!/:0.8.5+Jenkins-b310.git-155314e6e91465dad727e621a569906a410cd6f4]
	at org.spongepowered.asm.mixin.transformer.MixinProcessor.select(MixinProcessor.java:462) ~[mixin-0.8.5.jar%2363!/:0.8.5+Jenkins-b310.git-155314e6e91465dad727e621a569906a410cd6f4]
	at org.spongepowered.asm.mixin.transformer.MixinProcessor.checkSelect(MixinProcessor.java:438) ~[mixin-0.8.5.jar%2363!/:0.8.5+Jenkins-b310.git-155314e6e91465dad727e621a569906a410cd6f4]
	at org.spongepowered.asm.mixin.transformer.MixinProcessor.applyMixins(MixinProcessor.java:290) ~[mixin-0.8.5.jar%2363!/:0.8.5+Jenkins-b310.git-155314e6e91465dad727e621a569906a410cd6f4]
	at org.spongepowered.asm.mixin.transformer.MixinTransformer.transformClass(MixinTransformer.java:250) ~[mixin-0.8.5.jar%2363!/:0.8.5+Jenkins-b310.git-155314e6e91465dad727e621a569906a410cd6f4]
	at org.spongepowered.asm.service.modlauncher.MixinTransformationHandler.processClass(MixinTransformationHandler.java:131) ~[mixin-0.8.5.jar%2363!/:0.8.5+Jenkins-b310.git-155314e6e91465dad727e621a569906a410cd6f4]
	at org.spongepowered.asm.launch.MixinLaunchPluginLegacy.processClass(MixinLaunchPluginLegacy.java:131) ~[mixin-0.8.5.jar%2363!/:0.8.5+Jenkins-b310.git-155314e6e91465dad727e621a569906a410cd6f4]
	at cpw.mods.modlauncher.serviceapi.ILaunchPluginService.processClassWithFlags(ILaunchPluginService.java:156) ~[modlauncher-10.0.9.jar%2353!/:10.0.9+10.0.9+main.dcd20f30]
	at cpw.mods.modlauncher.LaunchPluginHandler.offerClassNodeToPlugins(LaunchPluginHandler.java:88) ~[modlauncher-10.0.9.jar%2353!/:?]
	at cpw.mods.modlauncher.ClassTransformer.transform(ClassTransformer.java:120) ~[modlauncher-10.0.9.jar%2353!/:?]
	at cpw.mods.modlauncher.TransformingClassLoader.maybeTransformClassBytes(TransformingClassLoader.java:50) ~[modlauncher-10.0.9.jar%2353!/:?]
	at cpw.mods.cl.ModuleClassLoader.readerToClass(ModuleClassLoader.java:113) ~[securejarhandler-2.1.10.jar:?]
	at cpw.mods.cl.ModuleClassLoader.lambda$findClass$15(ModuleClassLoader.java:219) ~[securejarhandler-2.1.10.jar:?]
	at cpw.mods.cl.ModuleClassLoader.loadFromModule(ModuleClassLoader.java:229) ~[securejarhandler-2.1.10.jar:?]
	at cpw.mods.cl.ModuleClassLoader.findClass(ModuleClassLoader.java:219) ~[securejarhandler-2.1.10.jar:?]
	at java.lang.ClassLoader.loadClass(ClassLoader.java:637) ~[?:?]
	at java.lang.Class.forName(Class.java:545) ~[?:?]
	at net.minecraftforge.fml.loading.ImmediateWindowHandler$DummyProvider.lambda$updateModuleReads$1(ImmediateWindowHandler.java:145) ~[fmlloader-1.20.1-47.3.7.jar%2367!/:1.0]
	at java.util.Optional.map(Optional.java:260) ~[?:?]
	at net.minecraftforge.fml.loading.ImmediateWindowHandler$DummyProvider.updateModuleReads(ImmediateWindowHandler.java:145) ~[fmlloader-1.20.1-47.3.7.jar%2367!/:1.0]
	at net.minecraftforge.fml.loading.ImmediateWindowHandler.acceptGameLayer(ImmediateWindowHandler.java:71) ~[fmlloader-1.20.1-47.3.7.jar%2367!/:1.0]
	at net.minecraftforge.fml.loading.FMLLoader.beforeStart(FMLLoader.java:207) ~[fmlloader-1.20.1-47.3.7.jar%2367!/:1.0]
	at net.minecraftforge.fml.loading.targets.CommonLaunchHandler.launchService(CommonLaunchHandler.java:92) ~[fmlloader-1.20.1-47.3.7.jar%2367!/:?]
	at cpw.mods.modlauncher.LaunchServiceHandlerDecorator.launch(LaunchServiceHandlerDecorator.java:30) ~[modlauncher-10.0.9.jar%2353!/:?]
	at cpw.mods.modlauncher.LaunchServiceHandler.launch(LaunchServiceHandler.java:53) ~[modlauncher-10.0.9.jar%2353!/:?]
	at cpw.mods.modlauncher.LaunchServiceHandler.launch(LaunchServiceHandler.java:71) ~[modlauncher-10.0.9.jar%2353!/:?]
	at cpw.mods.modlauncher.Launcher.run(Launcher.java:108) ~[modlauncher-10.0.9.jar%2353!/:?]
	at cpw.mods.modlauncher.Launcher.main(Launcher.java:78) ~[modlauncher-10.0.9.jar%2353!/:?]
	at cpw.mods.modlauncher.BootstrapLaunchConsumer.accept(BootstrapLaunchConsumer.java:26) ~[modlauncher-10.0.9.jar%2353!/:?]
	at cpw.mods.modlauncher.BootstrapLaunchConsumer.accept(BootstrapLaunchConsumer.java:23) ~[modlauncher-10.0.9.jar%2353!/:?]
	at cpw.mods.bootstraplauncher.BootstrapLauncher.main(BootstrapLauncher.java:141) ~[bootstraplauncher-1.1.2.jar:?]
[09Dec2025 04:11:26.940] [main/DEBUG] [Ksyxis/KPlugin/MOD_KSYXIS]: Ksyxis: Bytecode provider threw an exception, mixin WON'T be applied. (provider: org.spongepowered.asm.launch.MixinLaunchPlugin@4e224df5, plugin: Ksyxis/KPlugin{provider=org.spongepowered.asm.launch.MixinLaunchPlugin@4e224df5}, targetClassName: net.minecraft.class_3218, mixinClassName: ru.vidtu.ksyxis.mixins.ServerLevelMixin)
java.lang.ClassNotFoundException: net.minecraft.class_3218
	at cpw.mods.cl.ModuleClassLoader.getMaybeTransformedClassBytes(ModuleClassLoader.java:252) ~[securejarhandler-2.1.10.jar:?]
	at cpw.mods.modlauncher.TransformingClassLoader.buildTransformedClassNodeFor(TransformingClassLoader.java:58) ~[modlauncher-10.0.9.jar%2353!/:?]
	at cpw.mods.modlauncher.LaunchPluginHandler.lambda$announceLaunch$10(LaunchPluginHandler.java:100) ~[modlauncher-10.0.9.jar%2353!/:?]
	at org.spongepowered.asm.launch.MixinLaunchPluginLegacy.getClassNode(MixinLaunchPluginLegacy.java:222) ~[mixin-0.8.5.jar%2363!/:0.8.5+Jenkins-b310.git-155314e6e91465dad727e621a569906a410cd6f4]
	at org.spongepowered.asm.launch.MixinLaunchPluginLegacy.getClassNode(MixinLaunchPluginLegacy.java:207) ~[mixin-0.8.5.jar%2363!/:0.8.5+Jenkins-b310.git-155314e6e91465dad727e621a569906a410cd6f4]
	at ru.vidtu.ksyxis.KPlugin.shouldApplyMixin(KPlugin.java:112) ~[Ksyxis-1.3.4.jar%23120!/:1.3.4]
	at org.spongepowered.asm.mixin.transformer.PluginHandle.shouldApplyMixin(PluginHandle.java:132) ~[mixin-0.8.5.jar%2363!/:0.8.5+Jenkins-b310.git-155314e6e91465dad727e621a569906a410cd6f4]
	at org.spongepowered.asm.mixin.transformer.MixinInfo.shouldApplyMixin(MixinInfo.java:987) ~[mixin-0.8.5.jar%2363!/:0.8.5+Jenkins-b310.git-155314e6e91465dad727e621a569906a410cd6f4]
	at org.spongepowered.asm.mixin.transformer.MixinInfo.readDeclaredTargets(MixinInfo.java:952) ~[mixin-0.8.5.jar%2363!/:0.8.5+Jenkins-b310.git-155314e6e91465dad727e621a569906a410cd6f4]
	at org.spongepowered.asm.mixin.transformer.MixinInfo.<init>(MixinInfo.java:881) ~[mixin-0.8.5.jar%2363!/:0.8.5+Jenkins-b310.git-155314e6e91465dad727e621a569906a410cd6f4]
	at org.spongepowered.asm.mixin.transformer.MixinConfig.prepareMixins(MixinConfig.java:850) ~[mixin-0.8.5.jar%2363!/:0.8.5+Jenkins-b310.git-155314e6e91465dad727e621a569906a410cd6f4]
	at org.spongepowered.asm.mixin.transformer.MixinConfig.prepare(MixinConfig.java:775) ~[mixin-0.8.5.jar%2363!/:0.8.5+Jenkins-b310.git-155314e6e91465dad727e621a569906a410cd6f4]
	at org.spongepowered.asm.mixin.transformer.MixinProcessor.prepareConfigs(MixinProcessor.java:539) ~[mixin-0.8.5.jar%2363!/:0.8.5+Jenkins-b310.git-155314e6e91465dad727e621a569906a410cd6f4]
	at org.spongepowered.asm.mixin.transformer.MixinProcessor.select(MixinProcessor.java:462) ~[mixin-0.8.5.jar%2363!/:0.8.5+Jenkins-b310.git-155314e6e91465dad727e621a569906a410cd6f4]
	at org.spongepowered.asm.mixin.transformer.MixinProcessor.checkSelect(MixinProcessor.java:438) ~[mixin-0.8.5.jar%2363!/:0.8.5+Jenkins-b310.git-155314e6e91465dad727e621a569906a410cd6f4]
	at org.spongepowered.asm.mixin.transformer.MixinProcessor.applyMixins(MixinProcessor.java:290) ~[mixin-0.8.5.jar%2363!/:0.8.5+Jenkins-b310.git-155314e6e91465dad727e621a569906a410cd6f4]
	at org.spongepowered.asm.mixin.transformer.MixinTransformer.transformClass(MixinTransformer.java:250) ~[mixin-0.8.5.jar%2363!/:0.8.5+Jenkins-b310.git-155314e6e91465dad727e621a569906a410cd6f4]
	at org.spongepowered.asm.service.modlauncher.MixinTransformationHandler.processClass(MixinTransformationHandler.java:131) ~[mixin-0.8.5.jar%2363!/:0.8.5+Jenkins-b310.git-155314e6e91465dad727e621a569906a410cd6f4]
	at org.spongepowered.asm.launch.MixinLaunchPluginLegacy.processClass(MixinLaunchPluginLegacy.java:131) ~[mixin-0.8.5.jar%2363!/:0.8.5+Jenkins-b310.git-155314e6e91465dad727e621a569906a410cd6f4]
	at cpw.mods.modlauncher.serviceapi.ILaunchPluginService.processClassWithFlags(ILaunchPluginService.java:156) ~[modlauncher-10.0.9.jar%2353!/:10.0.9+10.0.9+main.dcd20f30]
	at cpw.mods.modlauncher.LaunchPluginHandler.offerClassNodeToPlugins(LaunchPluginHandler.java:88) ~[modlauncher-10.0.9.jar%2353!/:?]
	at cpw.mods.modlauncher.ClassTransformer.transform(ClassTransformer.java:120) ~[modlauncher-10.0.9.jar%2353!/:?]
	at cpw.mods.modlauncher.TransformingClassLoader.maybeTransformClassBytes(TransformingClassLoader.java:50) ~[modlauncher-10.0.9.jar%2353!/:?]
	at cpw.mods.cl.ModuleClassLoader.readerToClass(ModuleClassLoader.java:113) ~[securejarhandler-2.1.10.jar:?]
	at cpw.mods.cl.ModuleClassLoader.lambda$findClass$15(ModuleClassLoader.java:219) ~[securejarhandler-2.1.10.jar:?]
	at cpw.mods.cl.ModuleClassLoader.loadFromModule(ModuleClassLoader.java:229) ~[securejarhandler-2.1.10.jar:?]
	at cpw.mods.cl.ModuleClassLoader.findClass(ModuleClassLoader.java:219) ~[securejarhandler-2.1.10.jar:?]
	at java.lang.ClassLoader.loadClass(ClassLoader.java:637) ~[?:?]
	at java.lang.Class.forName(Class.java:545) ~[?:?]
	at net.minecraftforge.fml.loading.ImmediateWindowHandler$DummyProvider.lambda$updateModuleReads$1(ImmediateWindowHandler.java:145) ~[fmlloader-1.20.1-47.3.7.jar%2367!/:1.0]
	at java.util.Optional.map(Optional.java:260) ~[?:?]
	at net.minecraftforge.fml.loading.ImmediateWindowHandler$DummyProvider.updateModuleReads(ImmediateWindowHandler.java:145) ~[fmlloader-1.20.1-47.3.7.jar%2367!/:1.0]
	at net.minecraftforge.fml.loading.ImmediateWindowHandler.acceptGameLayer(ImmediateWindowHandler.java:71) ~[fmlloader-1.20.1-47.3.7.jar%2367!/:1.0]
	at net.minecraftforge.fml.loading.FMLLoader.beforeStart(FMLLoader.java:207) ~[fmlloader-1.20.1-47.3.7.jar%2367!/:1.0]
	at net.minecraftforge.fml.loading.targets.CommonLaunchHandler.launchService(CommonLaunchHandler.java:92) ~[fmlloader-1.20.1-47.3.7.jar%2367!/:?]
	at cpw.mods.modlauncher.LaunchServiceHandlerDecorator.launch(LaunchServiceHandlerDecorator.java:30) ~[modlauncher-10.0.9.jar%2353!/:?]
	at cpw.mods.modlauncher.LaunchServiceHandler.launch(LaunchServiceHandler.java:53) ~[modlauncher-10.0.9.jar%2353!/:?]
	at cpw.mods.modlauncher.LaunchServiceHandler.launch(LaunchServiceHandler.java:71) ~[modlauncher-10.0.9.jar%2353!/:?]
	at cpw.mods.modlauncher.Launcher.run(Launcher.java:108) ~[modlauncher-10.0.9.jar%2353!/:?]
	at cpw.mods.modlauncher.Launcher.main(Launcher.java:78) ~[modlauncher-10.0.9.jar%2353!/:?]
	at cpw.mods.modlauncher.BootstrapLaunchConsumer.accept(BootstrapLaunchConsumer.java:26) ~[modlauncher-10.0.9.jar%2353!/:?]
	at cpw.mods.modlauncher.BootstrapLaunchConsumer.accept(BootstrapLaunchConsumer.java:23) ~[modlauncher-10.0.9.jar%2353!/:?]
	at cpw.mods.bootstraplauncher.BootstrapLauncher.main(BootstrapLauncher.java:141) ~[bootstraplauncher-1.1.2.jar:?]
[09Dec2025 04:11:26.949] [main/DEBUG] [Ksyxis/KPlugin/MOD_KSYXIS]: Ksyxis: Bytecode provider threw an exception, mixin WON'T be applied. (provider: org.spongepowered.asm.launch.MixinLaunchPlugin@4e224df5, plugin: Ksyxis/KPlugin{provider=org.spongepowered.asm.launch.MixinLaunchPlugin@4e224df5}, targetClassName: net.minecraft.src.C_12_, mixinClassName: ru.vidtu.ksyxis.mixins.ServerLevelMixin)
java.lang.ClassNotFoundException: net.minecraft.src.C_12_
	at cpw.mods.cl.ModuleClassLoader.getMaybeTransformedClassBytes(ModuleClassLoader.java:252) ~[securejarhandler-2.1.10.jar:?]
	at cpw.mods.modlauncher.TransformingClassLoader.buildTransformedClassNodeFor(TransformingClassLoader.java:58) ~[modlauncher-10.0.9.jar%2353!/:?]
	at cpw.mods.modlauncher.LaunchPluginHandler.lambda$announceLaunch$10(LaunchPluginHandler.java:100) ~[modlauncher-10.0.9.jar%2353!/:?]
	at org.spongepowered.asm.launch.MixinLaunchPluginLegacy.getClassNode(MixinLaunchPluginLegacy.java:222) ~[mixin-0.8.5.jar%2363!/:0.8.5+Jenkins-b310.git-155314e6e91465dad727e621a569906a410cd6f4]
	at org.spongepowered.asm.launch.MixinLaunchPluginLegacy.getClassNode(MixinLaunchPluginLegacy.java:207) ~[mixin-0.8.5.jar%2363!/:0.8.5+Jenkins-b310.git-155314e6e91465dad727e621a569906a410cd6f4]
	at ru.vidtu.ksyxis.KPlugin.shouldApplyMixin(KPlugin.java:112) ~[Ksyxis-1.3.4.jar%23120!/:1.3.4]
	at org.spongepowered.asm.mixin.transformer.PluginHandle.shouldApplyMixin(PluginHandle.java:132) ~[mixin-0.8.5.jar%2363!/:0.8.5+Jenkins-b310.git-155314e6e91465dad727e621a569906a410cd6f4]
	at org.spongepowered.asm.mixin.transformer.MixinInfo.shouldApplyMixin(MixinInfo.java:987) ~[mixin-0.8.5.jar%2363!/:0.8.5+Jenkins-b310.git-155314e6e91465dad727e621a569906a410cd6f4]
	at org.spongepowered.asm.mixin.transformer.MixinInfo.readDeclaredTargets(MixinInfo.java:952) ~[mixin-0.8.5.jar%2363!/:0.8.5+Jenkins-b310.git-155314e6e91465dad727e621a569906a410cd6f4]
	at org.spongepowered.asm.mixin.transformer.MixinInfo.<init>(MixinInfo.java:881) ~[mixin-0.8.5.jar%2363!/:0.8.5+Jenkins-b310.git-155314e6e91465dad727e621a569906a410cd6f4]
	at org.spongepowered.asm.mixin.transformer.MixinConfig.prepareMixins(MixinConfig.java:850) ~[mixin-0.8.5.jar%2363!/:0.8.5+Jenkins-b310.git-155314e6e91465dad727e621a569906a410cd6f4]
	at org.spongepowered.asm.mixin.transformer.MixinConfig.prepare(MixinConfig.java:775) ~[mixin-0.8.5.jar%2363!/:0.8.5+Jenkins-b310.git-155314e6e91465dad727e621a569906a410cd6f4]
	at org.spongepowered.asm.mixin.transformer.MixinProcessor.prepareConfigs(MixinProcessor.java:539) ~[mixin-0.8.5.jar%2363!/:0.8.5+Jenkins-b310.git-155314e6e91465dad727e621a569906a410cd6f4]
	at org.spongepowered.asm.mixin.transformer.MixinProcessor.select(MixinProcessor.java:462) ~[mixin-0.8.5.jar%2363!/:0.8.5+Jenkins-b310.git-155314e6e91465dad727e621a569906a410cd6f4]
	at org.spongepowered.asm.mixin.transformer.MixinProcessor.checkSelect(MixinProcessor.java:438) ~[mixin-0.8.5.jar%2363!/:0.8.5+Jenkins-b310.git-155314e6e91465dad727e621a569906a410cd6f4]
	at org.spongepowered.asm.mixin.transformer.MixinProcessor.applyMixins(MixinProcessor.java:290) ~[mixin-0.8.5.jar%2363!/:0.8.5+Jenkins-b310.git-155314e6e91465dad727e621a569906a410cd6f4]
	at org.spongepowered.asm.mixin.transformer.MixinTransformer.transformClass(MixinTransformer.java:250) ~[mixin-0.8.5.jar%2363!/:0.8.5+Jenkins-b310.git-155314e6e91465dad727e621a569906a410cd6f4]
	at org.spongepowered.asm.service.modlauncher.MixinTransformationHandler.processClass(MixinTransformationHandler.java:131) ~[mixin-0.8.5.jar%2363!/:0.8.5+Jenkins-b310.git-155314e6e91465dad727e621a569906a410cd6f4]
	at org.spongepowered.asm.launch.MixinLaunchPluginLegacy.processClass(MixinLaunchPluginLegacy.java:131) ~[mixin-0.8.5.jar%2363!/:0.8.5+Jenkins-b310.git-155314e6e91465dad727e621a569906a410cd6f4]
	at cpw.mods.modlauncher.serviceapi.ILaunchPluginService.processClassWithFlags(ILaunchPluginService.java:156) ~[modlauncher-10.0.9.jar%2353!/:10.0.9+10.0.9+main.dcd20f30]
	at cpw.mods.modlauncher.LaunchPluginHandler.offerClassNodeToPlugins(LaunchPluginHandler.java:88) ~[modlauncher-10.0.9.jar%2353!/:?]
	at cpw.mods.modlauncher.ClassTransformer.transform(ClassTransformer.java:120) ~[modlauncher-10.0.9.jar%2353!/:?]
	at cpw.mods.modlauncher.TransformingClassLoader.maybeTransformClassBytes(TransformingClassLoader.java:50) ~[modlauncher-10.0.9.jar%2353!/:?]
	at cpw.mods.cl.ModuleClassLoader.readerToClass(ModuleClassLoader.java:113) ~[securejarhandler-2.1.10.jar:?]
	at cpw.mods.cl.ModuleClassLoader.lambda$findClass$15(ModuleClassLoader.java:219) ~[securejarhandler-2.1.10.jar:?]
	at cpw.mods.cl.ModuleClassLoader.loadFromModule(ModuleClassLoader.java:229) ~[securejarhandler-2.1.10.jar:?]
	at cpw.mods.cl.ModuleClassLoader.findClass(ModuleClassLoader.java:219) ~[securejarhandler-2.1.10.jar:?]
	at java.lang.ClassLoader.loadClass(ClassLoader.java:637) ~[?:?]
	at java.lang.Class.forName(Class.java:545) ~[?:?]
	at net.minecraftforge.fml.loading.ImmediateWindowHandler$DummyProvider.lambda$updateModuleReads$1(ImmediateWindowHandler.java:145) ~[fmlloader-1.20.1-47.3.7.jar%2367!/:1.0]
	at java.util.Optional.map(Optional.java:260) ~[?:?]
	at net.minecraftforge.fml.loading.ImmediateWindowHandler$DummyProvider.updateModuleReads(ImmediateWindowHandler.java:145) ~[fmlloader-1.20.1-47.3.7.jar%2367!/:1.0]
	at net.minecraftforge.fml.loading.ImmediateWindowHandler.acceptGameLayer(ImmediateWindowHandler.java:71) ~[fmlloader-1.20.1-47.3.7.jar%2367!/:1.0]
	at net.minecraftforge.fml.loading.FMLLoader.beforeStart(FMLLoader.java:207) ~[fmlloader-1.20.1-47.3.7.jar%2367!/:1.0]
	at net.minecraftforge.fml.loading.targets.CommonLaunchHandler.launchService(CommonLaunchHandler.java:92) ~[fmlloader-1.20.1-47.3.7.jar%2367!/:?]
	at cpw.mods.modlauncher.LaunchServiceHandlerDecorator.launch(LaunchServiceHandlerDecorator.java:30) ~[modlauncher-10.0.9.jar%2353!/:?]
	at cpw.mods.modlauncher.LaunchServiceHandler.launch(LaunchServiceHandler.java:53) ~[modlauncher-10.0.9.jar%2353!/:?]
	at cpw.mods.modlauncher.LaunchServiceHandler.launch(LaunchServiceHandler.java:71) ~[modlauncher-10.0.9.jar%2353!/:?]
	at cpw.mods.modlauncher.Launcher.run(Launcher.java:108) ~[modlauncher-10.0.9.jar%2353!/:?]
	at cpw.mods.modlauncher.Launcher.main(Launcher.java:78) ~[modlauncher-10.0.9.jar%2353!/:?]
	at cpw.mods.modlauncher.BootstrapLaunchConsumer.accept(BootstrapLaunchConsumer.java:26) ~[modlauncher-10.0.9.jar%2353!/:?]
	at cpw.mods.modlauncher.BootstrapLaunchConsumer.accept(BootstrapLaunchConsumer.java:23) ~[modlauncher-10.0.9.jar%2353!/:?]
	at cpw.mods.bootstraplauncher.BootstrapLauncher.main(BootstrapLauncher.java:141) ~[bootstraplauncher-1.1.2.jar:?]
[09Dec2025 04:11:26.958] [main/DEBUG] [Ksyxis/KPlugin/MOD_KSYXIS]: Ksyxis: Bytecode provider threw an exception, mixin WON'T be applied. (provider: org.spongepowered.asm.launch.MixinLaunchPlugin@4e224df5, plugin: Ksyxis/KPlugin{provider=org.spongepowered.asm.launch.MixinLaunchPlugin@4e224df5}, targetClassName: net.minecraft.unmapped.C_bdwnwhiu, mixinClassName: ru.vidtu.ksyxis.mixins.ServerLevelMixin)
java.lang.ClassNotFoundException: net.minecraft.unmapped.C_bdwnwhiu
	at cpw.mods.cl.ModuleClassLoader.getMaybeTransformedClassBytes(ModuleClassLoader.java:252) ~[securejarhandler-2.1.10.jar:?]
	at cpw.mods.modlauncher.TransformingClassLoader.buildTransformedClassNodeFor(TransformingClassLoader.java:58) ~[modlauncher-10.0.9.jar%2353!/:?]
	at cpw.mods.modlauncher.LaunchPluginHandler.lambda$announceLaunch$10(LaunchPluginHandler.java:100) ~[modlauncher-10.0.9.jar%2353!/:?]
	at org.spongepowered.asm.launch.MixinLaunchPluginLegacy.getClassNode(MixinLaunchPluginLegacy.java:222) ~[mixin-0.8.5.jar%2363!/:0.8.5+Jenkins-b310.git-155314e6e91465dad727e621a569906a410cd6f4]
	at org.spongepowered.asm.launch.MixinLaunchPluginLegacy.getClassNode(MixinLaunchPluginLegacy.java:207) ~[mixin-0.8.5.jar%2363!/:0.8.5+Jenkins-b310.git-155314e6e91465dad727e621a569906a410cd6f4]
	at ru.vidtu.ksyxis.KPlugin.shouldApplyMixin(KPlugin.java:112) ~[Ksyxis-1.3.4.jar%23120!/:1.3.4]
	at org.spongepowered.asm.mixin.transformer.PluginHandle.shouldApplyMixin(PluginHandle.java:132) ~[mixin-0.8.5.jar%2363!/:0.8.5+Jenkins-b310.git-155314e6e91465dad727e621a569906a410cd6f4]
	at org.spongepowered.asm.mixin.transformer.MixinInfo.shouldApplyMixin(MixinInfo.java:987) ~[mixin-0.8.5.jar%2363!/:0.8.5+Jenkins-b310.git-155314e6e91465dad727e621a569906a410cd6f4]
	at org.spongepowered.asm.mixin.transformer.MixinInfo.readDeclaredTargets(MixinInfo.java:952) ~[mixin-0.8.5.jar%2363!/:0.8.5+Jenkins-b310.git-155314e6e91465dad727e621a569906a410cd6f4]
	at org.spongepowered.asm.mixin.transformer.MixinInfo.<init>(MixinInfo.java:881) ~[mixin-0.8.5.jar%2363!/:0.8.5+Jenkins-b310.git-155314e6e91465dad727e621a569906a410cd6f4]
	at org.spongepowered.asm.mixin.transformer.MixinConfig.prepareMixins(MixinConfig.java:850) ~[mixin-0.8.5.jar%2363!/:0.8.5+Jenkins-b310.git-155314e6e91465dad727e621a569906a410cd6f4]
	at org.spongepowered.asm.mixin.transformer.MixinConfig.prepare(MixinConfig.java:775) ~[mixin-0.8.5.jar%2363!/:0.8.5+Jenkins-b310.git-155314e6e91465dad727e621a569906a410cd6f4]
	at org.spongepowered.asm.mixin.transformer.MixinProcessor.prepareConfigs(MixinProcessor.java:539) ~[mixin-0.8.5.jar%2363!/:0.8.5+Jenkins-b310.git-155314e6e91465dad727e621a569906a410cd6f4]
	at org.spongepowered.asm.mixin.transformer.MixinProcessor.select(MixinProcessor.java:462) ~[mixin-0.8.5.jar%2363!/:0.8.5+Jenkins-b310.git-155314e6e91465dad727e621a569906a410cd6f4]
	at org.spongepowered.asm.mixin.transformer.MixinProcessor.checkSelect(MixinProcessor.java:438) ~[mixin-0.8.5.jar%2363!/:0.8.5+Jenkins-b310.git-155314e6e91465dad727e621a569906a410cd6f4]
	at org.spongepowered.asm.mixin.transformer.MixinProcessor.applyMixins(MixinProcessor.java:290) ~[mixin-0.8.5.jar%2363!/:0.8.5+Jenkins-b310.git-155314e6e91465dad727e621a569906a410cd6f4]
	at org.spongepowered.asm.mixin.transformer.MixinTransformer.transformClass(MixinTransformer.java:250) ~[mixin-0.8.5.jar%2363!/:0.8.5+Jenkins-b310.git-155314e6e91465dad727e621a569906a410cd6f4]
	at org.spongepowered.asm.service.modlauncher.MixinTransformationHandler.processClass(MixinTransformationHandler.java:131) ~[mixin-0.8.5.jar%2363!/:0.8.5+Jenkins-b310.git-155314e6e91465dad727e621a569906a410cd6f4]
	at org.spongepowered.asm.launch.MixinLaunchPluginLegacy.processClass(MixinLaunchPluginLegacy.java:131) ~[mixin-0.8.5.jar%2363!/:0.8.5+Jenkins-b310.git-155314e6e91465dad727e621a569906a410cd6f4]
	at cpw.mods.modlauncher.serviceapi.ILaunchPluginService.processClassWithFlags(ILaunchPluginService.java:156) ~[modlauncher-10.0.9.jar%2353!/:10.0.9+10.0.9+main.dcd20f30]
	at cpw.mods.modlauncher.LaunchPluginHandler.offerClassNodeToPlugins(LaunchPluginHandler.java:88) ~[modlauncher-10.0.9.jar%2353!/:?]
	at cpw.mods.modlauncher.ClassTransformer.transform(ClassTransformer.java:120) ~[modlauncher-10.0.9.jar%2353!/:?]
	at cpw.mods.modlauncher.TransformingClassLoader.maybeTransformClassBytes(TransformingClassLoader.java:50) ~[modlauncher-10.0.9.jar%2353!/:?]
	at cpw.mods.cl.ModuleClassLoader.readerToClass(ModuleClassLoader.java:113) ~[securejarhandler-2.1.10.jar:?]
	at cpw.mods.cl.ModuleClassLoader.lambda$findClass$15(ModuleClassLoader.java:219) ~[securejarhandler-2.1.10.jar:?]
	at cpw.mods.cl.ModuleClassLoader.loadFromModule(ModuleClassLoader.java:229) ~[securejarhandler-2.1.10.jar:?]
	at cpw.mods.cl.ModuleClassLoader.findClass(ModuleClassLoader.java:219) ~[securejarhandler-2.1.10.jar:?]
	at java.lang.ClassLoader.loadClass(ClassLoader.java:637) ~[?:?]
	at java.lang.Class.forName(Class.java:545) ~[?:?]
	at net.minecraftforge.fml.loading.ImmediateWindowHandler$DummyProvider.lambda$updateModuleReads$1(ImmediateWindowHandler.java:145) ~[fmlloader-1.20.1-47.3.7.jar%2367!/:1.0]
	at java.util.Optional.map(Optional.java:260) ~[?:?]
	at net.minecraftforge.fml.loading.ImmediateWindowHandler$DummyProvider.updateModuleReads(ImmediateWindowHandler.java:145) ~[fmlloader-1.20.1-47.3.7.jar%2367!/:1.0]
	at net.minecraftforge.fml.loading.ImmediateWindowHandler.acceptGameLayer(ImmediateWindowHandler.java:71) ~[fmlloader-1.20.1-47.3.7.jar%2367!/:1.0]
	at net.minecraftforge.fml.loading.FMLLoader.beforeStart(FMLLoader.java:207) ~[fmlloader-1.20.1-47.3.7.jar%2367!/:1.0]
	at net.minecraftforge.fml.loading.targets.CommonLaunchHandler.launchService(CommonLaunchHandler.java:92) ~[fmlloader-1.20.1-47.3.7.jar%2367!/:?]
	at cpw.mods.modlauncher.LaunchServiceHandlerDecorator.launch(LaunchServiceHandlerDecorator.java:30) ~[modlauncher-10.0.9.jar%2353!/:?]
	at cpw.mods.modlauncher.LaunchServiceHandler.launch(LaunchServiceHandler.java:53) ~[modlauncher-10.0.9.jar%2353!/:?]
	at cpw.mods.modlauncher.LaunchServiceHandler.launch(LaunchServiceHandler.java:71) ~[modlauncher-10.0.9.jar%2353!/:?]
	at cpw.mods.modlauncher.Launcher.run(Launcher.java:108) ~[modlauncher-10.0.9.jar%2353!/:?]
	at cpw.mods.modlauncher.Launcher.main(Launcher.java:78) ~[modlauncher-10.0.9.jar%2353!/:?]
	at cpw.mods.modlauncher.BootstrapLaunchConsumer.accept(BootstrapLaunchConsumer.java:26) ~[modlauncher-10.0.9.jar%2353!/:?]
	at cpw.mods.modlauncher.BootstrapLaunchConsumer.accept(BootstrapLaunchConsumer.java:23) ~[modlauncher-10.0.9.jar%2353!/:?]
	at cpw.mods.bootstraplauncher.BootstrapLauncher.main(BootstrapLauncher.java:141) ~[bootstraplauncher-1.1.2.jar:?]
[09Dec2025 04:11:26.968] [main/DEBUG] [Ksyxis/KPlugin/MOD_KSYXIS]: Ksyxis: Bytecode provider threw an exception, mixin WON'T be applied. (provider: org.spongepowered.asm.launch.MixinLaunchPlugin@4e224df5, plugin: Ksyxis/KPlugin{provider=org.spongepowered.asm.launch.MixinLaunchPlugin@4e224df5}, targetClassName: net.minecraft.unmapped.C_3865296, mixinClassName: ru.vidtu.ksyxis.mixins.ServerLevelMixin)
java.lang.ClassNotFoundException: net.minecraft.unmapped.C_3865296
	at cpw.mods.cl.ModuleClassLoader.getMaybeTransformedClassBytes(ModuleClassLoader.java:252) ~[securejarhandler-2.1.10.jar:?]
	at cpw.mods.modlauncher.TransformingClassLoader.buildTransformedClassNodeFor(TransformingClassLoader.java:58) ~[modlauncher-10.0.9.jar%2353!/:?]
	at cpw.mods.modlauncher.LaunchPluginHandler.lambda$announceLaunch$10(LaunchPluginHandler.java:100) ~[modlauncher-10.0.9.jar%2353!/:?]
	at org.spongepowered.asm.launch.MixinLaunchPluginLegacy.getClassNode(MixinLaunchPluginLegacy.java:222) ~[mixin-0.8.5.jar%2363!/:0.8.5+Jenkins-b310.git-155314e6e91465dad727e621a569906a410cd6f4]
	at org.spongepowered.asm.launch.MixinLaunchPluginLegacy.getClassNode(MixinLaunchPluginLegacy.java:207) ~[mixin-0.8.5.jar%2363!/:0.8.5+Jenkins-b310.git-155314e6e91465dad727e621a569906a410cd6f4]
	at ru.vidtu.ksyxis.KPlugin.shouldApplyMixin(KPlugin.java:112) ~[Ksyxis-1.3.4.jar%23120!/:1.3.4]
	at org.spongepowered.asm.mixin.transformer.PluginHandle.shouldApplyMixin(PluginHandle.java:132) ~[mixin-0.8.5.jar%2363!/:0.8.5+Jenkins-b310.git-155314e6e91465dad727e621a569906a410cd6f4]
	at org.spongepowered.asm.mixin.transformer.MixinInfo.shouldApplyMixin(MixinInfo.java:987) ~[mixin-0.8.5.jar%2363!/:0.8.5+Jenkins-b310.git-155314e6e91465dad727e621a569906a410cd6f4]
	at org.spongepowered.asm.mixin.transformer.MixinInfo.readDeclaredTargets(MixinInfo.java:952) ~[mixin-0.8.5.jar%2363!/:0.8.5+Jenkins-b310.git-155314e6e91465dad727e621a569906a410cd6f4]
	at org.spongepowered.asm.mixin.transformer.MixinInfo.<init>(MixinInfo.java:881) ~[mixin-0.8.5.jar%2363!/:0.8.5+Jenkins-b310.git-155314e6e91465dad727e621a569906a410cd6f4]
	at org.spongepowered.asm.mixin.transformer.MixinConfig.prepareMixins(MixinConfig.java:850) ~[mixin-0.8.5.jar%2363!/:0.8.5+Jenkins-b310.git-155314e6e91465dad727e621a569906a410cd6f4]
	at org.spongepowered.asm.mixin.transformer.MixinConfig.prepare(MixinConfig.java:775) ~[mixin-0.8.5.jar%2363!/:0.8.5+Jenkins-b310.git-155314e6e91465dad727e621a569906a410cd6f4]
	at org.spongepowered.asm.mixin.transformer.MixinProcessor.prepareConfigs(MixinProcessor.java:539) ~[mixin-0.8.5.jar%2363!/:0.8.5+Jenkins-b310.git-155314e6e91465dad727e621a569906a410cd6f4]
	at org.spongepowered.asm.mixin.transformer.MixinProcessor.select(MixinProcessor.java:462) ~[mixin-0.8.5.jar%2363!/:0.8.5+Jenkins-b310.git-155314e6e91465dad727e621a569906a410cd6f4]
	at org.spongepowered.asm.mixin.transformer.MixinProcessor.checkSelect(MixinProcessor.java:438) ~[mixin-0.8.5.jar%2363!/:0.8.5+Jenkins-b310.git-155314e6e91465dad727e621a569906a410cd6f4]
	at org.spongepowered.asm.mixin.transformer.MixinProcessor.applyMixins(MixinProcessor.java:290) ~[mixin-0.8.5.jar%2363!/:0.8.5+Jenkins-b310.git-155314e6e91465dad727e621a569906a410cd6f4]
	at org.spongepowered.asm.mixin.transformer.MixinTransformer.transformClass(MixinTransformer.java:250) ~[mixin-0.8.5.jar%2363!/:0.8.5+Jenkins-b310.git-155314e6e91465dad727e621a569906a410cd6f4]
	at org.spongepowered.asm.service.modlauncher.MixinTransformationHandler.processClass(MixinTransformationHandler.java:131) ~[mixin-0.8.5.jar%2363!/:0.8.5+Jenkins-b310.git-155314e6e91465dad727e621a569906a410cd6f4]
	at org.spongepowered.asm.launch.MixinLaunchPluginLegacy.processClass(MixinLaunchPluginLegacy.java:131) ~[mixin-0.8.5.jar%2363!/:0.8.5+Jenkins-b310.git-155314e6e91465dad727e621a569906a410cd6f4]
	at cpw.mods.modlauncher.serviceapi.ILaunchPluginService.processClassWithFlags(ILaunchPluginService.java:156) ~[modlauncher-10.0.9.jar%2353!/:10.0.9+10.0.9+main.dcd20f30]
	at cpw.mods.modlauncher.LaunchPluginHandler.offerClassNodeToPlugins(LaunchPluginHandler.java:88) ~[modlauncher-10.0.9.jar%2353!/:?]
	at cpw.mods.modlauncher.ClassTransformer.transform(ClassTransformer.java:120) ~[modlauncher-10.0.9.jar%2353!/:?]
	at cpw.mods.modlauncher.TransformingClassLoader.maybeTransformClassBytes(TransformingClassLoader.java:50) ~[modlauncher-10.0.9.jar%2353!/:?]
	at cpw.mods.cl.ModuleClassLoader.readerToClass(ModuleClassLoader.java:113) ~[securejarhandler-2.1.10.jar:?]
	at cpw.mods.cl.ModuleClassLoader.lambda$findClass$15(ModuleClassLoader.java:219) ~[securejarhandler-2.1.10.jar:?]
	at cpw.mods.cl.ModuleClassLoader.loadFromModule(ModuleClassLoader.java:229) ~[securejarhandler-2.1.10.jar:?]
	at cpw.mods.cl.ModuleClassLoader.findClass(ModuleClassLoader.java:219) ~[securejarhandler-2.1.10.jar:?]
	at java.lang.ClassLoader.loadClass(ClassLoader.java:637) ~[?:?]
	at java.lang.Class.forName(Class.java:545) ~[?:?]
	at net.minecraftforge.fml.loading.ImmediateWindowHandler$DummyProvider.lambda$updateModuleReads$1(ImmediateWindowHandler.java:145) ~[fmlloader-1.20.1-47.3.7.jar%2367!/:1.0]
	at java.util.Optional.map(Optional.java:260) ~[?:?]
	at net.minecraftforge.fml.loading.ImmediateWindowHandler$DummyProvider.updateModuleReads(ImmediateWindowHandler.java:145) ~[fmlloader-1.20.1-47.3.7.jar%2367!/:1.0]
	at net.minecraftforge.fml.loading.ImmediateWindowHandler.acceptGameLayer(ImmediateWindowHandler.java:71) ~[fmlloader-1.20.1-47.3.7.jar%2367!/:1.0]
	at net.minecraftforge.fml.loading.FMLLoader.beforeStart(FMLLoader.java:207) ~[fmlloader-1.20.1-47.3.7.jar%2367!/:1.0]
	at net.minecraftforge.fml.loading.targets.CommonLaunchHandler.launchService(CommonLaunchHandler.java:92) ~[fmlloader-1.20.1-47.3.7.jar%2367!/:?]
	at cpw.mods.modlauncher.LaunchServiceHandlerDecorator.launch(LaunchServiceHandlerDecorator.java:30) ~[modlauncher-10.0.9.jar%2353!/:?]
	at cpw.mods.modlauncher.LaunchServiceHandler.launch(LaunchServiceHandler.java:53) ~[modlauncher-10.0.9.jar%2353!/:?]
	at cpw.mods.modlauncher.LaunchServiceHandler.launch(LaunchServiceHandler.java:71) ~[modlauncher-10.0.9.jar%2353!/:?]
	at cpw.mods.modlauncher.Launcher.run(Launcher.java:108) ~[modlauncher-10.0.9.jar%2353!/:?]
	at cpw.mods.modlauncher.Launcher.main(Launcher.java:78) ~[modlauncher-10.0.9.jar%2353!/:?]
	at cpw.mods.modlauncher.BootstrapLaunchConsumer.accept(BootstrapLaunchConsumer.java:26) ~[modlauncher-10.0.9.jar%2353!/:?]
	at cpw.mods.modlauncher.BootstrapLaunchConsumer.accept(BootstrapLaunchConsumer.java:23) ~[modlauncher-10.0.9.jar%2353!/:?]
	at cpw.mods.bootstraplauncher.BootstrapLauncher.main(BootstrapLauncher.java:141) ~[bootstraplauncher-1.1.2.jar:?]
[09Dec2025 04:11:26.999] [main/DEBUG] [mixin/]: Preparing embeddium.mixins.json (0)
[09Dec2025 04:11:27.001] [main/DEBUG] [mixin/]: Preparing placebo.mixins.json (6)
[09Dec2025 04:11:27.024] [main/DEBUG] [mixin/]: Preparing modernfix-common.mixins.json (109)
[09Dec2025 04:11:27.046] [main/DEBUG] [ModernFix/]: No rules matched mixin 'perf.compact_mojang_registries.MappedRegistryMixin', treating as foreign and disabling!
[09Dec2025 04:11:27.184] [main/DEBUG] [mixin/]: Preparing modernfix-forge.mixins.json (60)
[09Dec2025 04:11:27.300] [main/DEBUG] [mixin/]: Inner class me/jellysquid/mods/lithium/mixin/ai/poi/SerializingRegionBasedStorageMixin$1 in me/jellysquid/mods/lithium/mixin/ai/poi/SerializingRegionBasedStorageMixin on net/minecraft/world/level/chunk/storage/SectionStorage gets unique name net/minecraft/world/level/chunk/storage/SectionStorage$Anonymous$6554d8fb648c49ffa42a622d1ee62cfb
[09Dec2025 04:11:27.323] [main/DEBUG] [mixin/]: Inner class me/jellysquid/mods/lithium/mixin/chunk/palette/PalettedContainerMixin$2 in me/jellysquid/mods/lithium/mixin/chunk/palette/PalettedContainerMixin on net/minecraft/world/level/chunk/PalettedContainer$Strategy gets unique name net/minecraft/world/level/chunk/PalettedContainer$Strategy$Anonymous$f485c648f3b3480c891fbec6cac9edd6
[09Dec2025 04:11:27.325] [main/DEBUG] [mixin/]: Inner class me/jellysquid/mods/lithium/mixin/chunk/palette/PalettedContainerMixin$1 in me/jellysquid/mods/lithium/mixin/chunk/palette/PalettedContainerMixin on net/minecraft/world/level/chunk/PalettedContainer$Strategy gets unique name net/minecraft/world/level/chunk/PalettedContainer$Strategy$Anonymous$bc15a40ac712436db126a3c3e1d7bb90
[09Dec2025 04:11:27.481] [main/DEBUG] [mixin/]: Prepared 325 mixins in 3.497 sec (10.8ms avg) (0ms load, 0ms transform, 0ms plugin)
[09Dec2025 04:11:27.518] [main/INFO] [MixinExtras|Service/]: Initializing MixinExtras via com.llamalad7.mixinextras.service.MixinExtrasServiceImpl(version=0.4.1).
[09Dec2025 04:11:27.519] [main/DEBUG] [mixin/]: Registering new injector for @SugarWrapper with com.llamalad7.mixinextras.sugar.impl.SugarWrapperInjectionInfo
[09Dec2025 04:11:27.521] [main/DEBUG] [mixin/]: Registering new injector for @FactoryRedirectWrapper with com.llamalad7.mixinextras.wrapper.factory.FactoryRedirectWrapperInjectionInfo
[09Dec2025 04:11:27.529] [main/DEBUG] [mixin/]: Mixing perf.fix_loop_spin_waiting.MinecraftServerMixin from modernfix-common.mixins.json into net.minecraft.server.MinecraftServer
[09Dec2025 04:11:27.559] [main/DEBUG] [mixin/]: Mixing MinecraftServerMixin from ksyxis.mixins.json into net.minecraft.server.MinecraftServer
[09Dec2025 04:11:27.601] [main/DEBUG] [mixin/]: Mixing core.MinecraftServerMixin from modernfix-common.mixins.json into net.minecraft.server.MinecraftServer
[09Dec2025 04:11:27.604] [main/DEBUG] [mixin/]: Mixing perf.dedicated_reload_executor.MinecraftServerMixin from modernfix-common.mixins.json into net.minecraft.server.MinecraftServer
[09Dec2025 04:11:27.606] [main/DEBUG] [mixin/]: Mixing core.MinecraftServerMixin from modernfix-forge.mixins.json into net.minecraft.server.MinecraftServer
[09Dec2025 04:11:27.607] [main/DEBUG] [mixin/]: Renaming synthetic method lambda$mfix$endReloadTrack$0(Ljava/lang/Void;)V to mddb3497$lambda$mfix$endReloadTrack$0$0 in modernfix-forge.mixins.json:core.MinecraftServerMixin
[09Dec2025 04:11:28.036] [main/DEBUG] [io.netty.util.internal.logging.InternalLoggerFactory/]: Using SLF4J as the default logging framework
[09Dec2025 04:11:28.042] [main/DEBUG] [io.netty.util.ResourceLeakDetector/]: -Dio.netty.leakDetection.level: simple
[09Dec2025 04:11:28.043] [main/DEBUG] [io.netty.util.ResourceLeakDetector/]: -Dio.netty.leakDetection.targetRecords: 4
[09Dec2025 04:11:28.206] [main/DEBUG] [mixin/]: Mixing perf.tag_id_caching.TagOrElementLocationMixin from modernfix-forge.mixins.json into net.minecraft.util.ExtraCodecs$TagOrElementLocation
[09Dec2025 04:11:28.338] [main/WARN] [net.minecraft.SystemReport/]: Failed retrieving info for group hardware
java.lang.NoClassDefFoundError: com/sun/jna/Platform
	at oshi.SystemInfo.<clinit>(SystemInfo.java:60) ~[oshi-core-6.2.2.jar%2369!/:6.2.2]
	at net.minecraft.SystemReport.m_143564_(SystemReport.java:52) ~[server-1.20.1-20230612.114412-srg.jar%23129!/:?]
	at net.minecraft.SystemReport.m_143516_(SystemReport.java:82) ~[server-1.20.1-20230612.114412-srg.jar%23129!/:?]
	at net.minecraft.SystemReport.<init>(SystemReport.java:52) ~[server-1.20.1-20230612.114412-srg.jar%23129!/:?]
	at net.minecraft.CrashReport.<init>(CrashReport.java:31) ~[server-1.20.1-20230612.114412-srg.jar%23129!/:?]
	at net.minecraft.CrashReport.m_127529_(CrashReport.java:216) ~[server-1.20.1-20230612.114412-srg.jar%23129!/:?]
	at net.minecraft.server.Main.main(Main.java:116) ~[server-1.20.1-20230612.114412-srg.jar%23129!/:?]
	at jdk.internal.reflect.NativeMethodAccessorImpl.invoke0(Native Method) ~[?:?]
	at jdk.internal.reflect.NativeMethodAccessorImpl.invoke(NativeMethodAccessorImpl.java:77) ~[?:?]
	at jdk.internal.reflect.DelegatingMethodAccessorImpl.invoke(DelegatingMethodAccessorImpl.java:43) ~[?:?]
	at java.lang.reflect.Method.invoke(Method.java:569) ~[?:?]
	at net.minecraftforge.fml.loading.targets.CommonLaunchHandler.runTarget(CommonLaunchHandler.java:111) ~[fmlloader-1.20.1-47.3.7.jar%2367!/:?]
	at net.minecraftforge.fml.loading.targets.CommonLaunchHandler.serverService(CommonLaunchHandler.java:103) ~[fmlloader-1.20.1-47.3.7.jar%2367!/:?]
	at net.minecraftforge.fml.loading.targets.CommonServerLaunchHandler.lambda$makeService$0(CommonServerLaunchHandler.java:27) ~[fmlloader-1.20.1-47.3.7.jar%2367!/:?]
	at cpw.mods.modlauncher.LaunchServiceHandlerDecorator.launch(LaunchServiceHandlerDecorator.java:30) ~[modlauncher-10.0.9.jar%2353!/:?]
	at cpw.mods.modlauncher.LaunchServiceHandler.launch(LaunchServiceHandler.java:53) ~[modlauncher-10.0.9.jar%2353!/:?]
	at cpw.mods.modlauncher.LaunchServiceHandler.launch(LaunchServiceHandler.java:71) ~[modlauncher-10.0.9.jar%2353!/:?]
	at cpw.mods.modlauncher.Launcher.run(Launcher.java:108) ~[modlauncher-10.0.9.jar%2353!/:?]
	at cpw.mods.modlauncher.Launcher.main(Launcher.java:78) ~[modlauncher-10.0.9.jar%2353!/:?]
	at cpw.mods.modlauncher.BootstrapLaunchConsumer.accept(BootstrapLaunchConsumer.java:26) ~[modlauncher-10.0.9.jar%2353!/:?]
	at cpw.mods.modlauncher.BootstrapLaunchConsumer.accept(BootstrapLaunchConsumer.java:23) ~[modlauncher-10.0.9.jar%2353!/:?]
	at cpw.mods.bootstraplauncher.BootstrapLauncher.main(BootstrapLauncher.java:141) ~[bootstraplauncher-1.1.2.jar:?]
Caused by: java.lang.ClassNotFoundException: com.sun.jna.Platform
	at jdk.internal.loader.BuiltinClassLoader.loadClass(BuiltinClassLoader.java:641) ~[?:?]
	at java.lang.ClassLoader.loadClass(ClassLoader.java:525) ~[?:?]
	at cpw.mods.cl.ModuleClassLoader.loadClass(ModuleClassLoader.java:137) ~[securejarhandler-2.1.10.jar:?]
	at java.lang.ClassLoader.loadClass(ClassLoader.java:525) ~[?:?]
	... 22 more
[09Dec2025 04:11:28.362] [main/DEBUG] [mixin/]: Mixing perf.thread_priorities.UtilMixin from modernfix-common.mixins.json into net.minecraft.Util
[09Dec2025 04:11:28.364] [main/DEBUG] [mixin/]: Renaming synthetic method lambda$adjustPriorityOfThreadFactory$0(Ljava/util/concurrent/ForkJoinPool$ForkJoinWorkerThreadFactory;Ljava/util/concurrent/ForkJoinPool;)Ljava/util/concurrent/ForkJoinWorkerThread; to mddb3497$lambda$adjustPriorityOfThreadFactory$0$0 in modernfix-common.mixins.json:perf.thread_priorities.UtilMixin
[09Dec2025 04:11:28.413] [main/DEBUG] [mixin/]: Mixing math.sine_lut.MixinMathHelper from lithium.mixins.json into net.minecraft.util.Mth
[09Dec2025 04:11:28.413] [main/DEBUG] [mixin/]: lithium.mixins.json:math.sine_lut.MixinMathHelper: Class version 61 required is higher than the class version supported by the current version of Mixin (JAVA_16 supports class version 60)
[09Dec2025 04:11:28.467] [main/DEBUG] [mixin/]: Mixing feature.measure_time.BootstrapMixin from modernfix-common.mixins.json into net.minecraft.server.Bootstrap
[09Dec2025 04:11:28.479] [main/DEBUG] [mixin/]: Mixing core.BootstrapMixin from modernfix-forge.mixins.json into net.minecraft.server.Bootstrap
[09Dec2025 04:11:28.527] [main/INFO] [net.minecraft.server.Bootstrap/]: ModernFix reached bootstrap stage (13.08 s after launch)
[09Dec2025 04:11:28.548] [main/DEBUG] [mixin/]: Mixing bugfix.concurrency.MappedRegistryMixin from modernfix-common.mixins.json into net.minecraft.core.MappedRegistry
[09Dec2025 04:11:28.562] [main/DEBUG] [mixin/]: Mixing perf.mojang_registry_size.MappedRegistryMixin from modernfix-common.mixins.json into net.minecraft.core.MappedRegistry
[09Dec2025 04:11:28.612] [main/DEBUG] [mixin/]: Mixing perf.mojang_registry_size.ResourceKeyMixin from modernfix-common.mixins.json into net.minecraft.resources.ResourceKey
[09Dec2025 04:11:28.613] [main/DEBUG] [mixin/]: Renaming synthetic method lambda$createEfficient$0(Lnet/minecraft/resources/ResourceLocation;)Ljava/util/Map; to mddb3497$lambda$createEfficient$0$0 in modernfix-common.mixins.json:perf.mojang_registry_size.ResourceKeyMixin
[09Dec2025 04:11:28.690] [main/DEBUG] [mixin/]: Mixing perf.reduce_blockstate_cache_rebuilds.GameDataMixin from modernfix-forge.mixins.json into net.minecraftforge.registries.GameData
[09Dec2025 04:11:28.742] [main/DEBUG] [mixin/]: Mixing perf.fast_registry_validation.ForgeRegistryMixin from modernfix-forge.mixins.json into net.minecraftforge.registries.ForgeRegistry
[09Dec2025 04:11:28.759] [main/DEBUG] [mixin/]: Mixing perf.forge_registry_alloc.ForgeRegistryMixin from modernfix-forge.mixins.json into net.minecraftforge.registries.ForgeRegistry
[09Dec2025 04:11:28.783] [main/WARN] [mixin/]: @Final field delegatesByName:Ljava/util/Map; in modernfix-forge.mixins.json:perf.forge_registry_alloc.ForgeRegistryMixin should be final
[09Dec2025 04:11:28.787] [main/WARN] [mixin/]: @Final field delegatesByValue:Ljava/util/Map; in modernfix-forge.mixins.json:perf.forge_registry_alloc.ForgeRegistryMixin should be final
[09Dec2025 04:11:28.828] [main/DEBUG] [mixin/]: Mixing perf.reduce_blockstate_cache_rebuilds.BlockCallbacksMixin from modernfix-forge.mixins.json into net.minecraftforge.registries.GameData$BlockCallbacks
[09Dec2025 04:11:28.846] [main/DEBUG] [mixin/]: Mixing ai.pathing.MixinBlock from lithium.mixins.json into net.minecraft.world.level.block.Block
[09Dec2025 04:11:28.848] [main/DEBUG] [mixin/]: lithium.mixins.json:ai.pathing.MixinBlock: Class version 61 required is higher than the class version supported by the current version of Mixin (JAVA_16 supports class version 60)
[09Dec2025 04:11:28.863] [main/DEBUG] [mixin/]: Mixing shapes.blockstate_cache.BlockMixin from lithium.mixins.json into net.minecraft.world.level.block.Block
[09Dec2025 04:11:28.863] [main/DEBUG] [mixin/]: lithium.mixins.json:shapes.blockstate_cache.BlockMixin: Class version 61 required is higher than the class version supported by the current version of Mixin (JAVA_16 supports class version 60)
[09Dec2025 04:11:28.863] [main/DEBUG] [mixin/]: Renaming synthetic method lambda$static$0(Lnet/minecraft/world/phys/shapes/VoxelShape;)Z to mddb3497$lambda$static$0$0 in lithium.mixins.json:shapes.blockstate_cache.BlockMixin
[09Dec2025 04:11:28.877] [main/DEBUG] [mixin/]: Mixing BlockMixin from apotheosis.mixins.json into net.minecraft.world.level.block.Block
[09Dec2025 04:11:28.908] [main/DEBUG] [mixin/]: Mixing perf.forge_registry_alloc.DelegateHolderMixin from modernfix-forge.mixins.json into net.minecraft.world.level.block.Block
[09Dec2025 04:11:28.956] [main/DEBUG] [mixin/]: Mixing math.fast_blockpos.BlockPosMixin from lithium.mixins.json into net.minecraft.core.BlockPos
[09Dec2025 04:11:28.960] [main/DEBUG] [mixin/]: lithium.mixins.json:math.fast_blockpos.BlockPosMixin: Class version 61 required is higher than the class version supported by the current version of Mixin (JAVA_16 supports class version 60)
[09Dec2025 04:11:29.031] [main/DEBUG] [mixin/]: Mixing bugfix.chunk_deadlock.BlockStateBaseMixin from modernfix-common.mixins.json into net.minecraft.world.level.block.state.BlockBehaviour$BlockStateBase
[09Dec2025 04:11:29.036] [main/DEBUG] [mixin/]: Mixing ai.pathing.AbstractBlockStateMixin from lithium.mixins.json into net.minecraft.world.level.block.state.BlockBehaviour$BlockStateBase
[09Dec2025 04:11:29.037] [main/DEBUG] [mixin/]: lithium.mixins.json:ai.pathing.AbstractBlockStateMixin: Class version 61 required is higher than the class version supported by the current version of Mixin (JAVA_16 supports class version 60)
[09Dec2025 04:11:29.056] [main/DEBUG] [mixin/]: Mixing util.block_tracking.AbstractBlockStateMixin from lithium.mixins.json into net.minecraft.world.level.block.state.BlockBehaviour$BlockStateBase
[09Dec2025 04:11:29.057] [main/DEBUG] [mixin/]: lithium.mixins.json:util.block_tracking.AbstractBlockStateMixin: Class version 61 required is higher than the class version supported by the current version of Mixin (JAVA_16 supports class version 60)
[09Dec2025 04:11:29.065] [main/DEBUG] [mixin/]: Mixing BlockStateBaseMixin from ferritecore.blockstatecache.mixin.json into net.minecraft.world.level.block.state.BlockBehaviour$BlockStateBase
[09Dec2025 04:11:29.072] [main/DEBUG] [mixin/]: Mixing perf.reduce_blockstate_cache_rebuilds.BlockStateBaseMixin from modernfix-common.mixins.json into net.minecraft.world.level.block.state.BlockBehaviour$BlockStateBase
[09Dec2025 04:11:29.159] [main/INFO] [ModernFix/]: Injecting BlockStateBase cache population hook into getNeighborPathNodeType from me.jellysquid.mods.lithium.mixin.ai.pathing.AbstractBlockStateMixin
[09Dec2025 04:11:29.160] [main/INFO] [ModernFix/]: Injecting BlockStateBase cache population hook into getPathNodeType from me.jellysquid.mods.lithium.mixin.ai.pathing.AbstractBlockStateMixin
[09Dec2025 04:11:29.160] [main/INFO] [ModernFix/]: Injecting BlockStateBase cache population hook into getAllFlags from me.jellysquid.mods.lithium.mixin.util.block_tracking.AbstractBlockStateMixin
[09Dec2025 04:11:29.177] [main/DEBUG] [mixin/]: Mixing FastMapStateHolderMixin from ferritecore.fastmap.mixin.json into net.minecraft.world.level.block.state.StateHolder
[09Dec2025 04:11:29.216] [main/DEBUG] [mixin/]: Mixing perf.model_optimizations.PropertyMixin from modernfix-common.mixins.json into net.minecraft.world.level.block.state.properties.Property
[09Dec2025 04:11:29.256] [main/DEBUG] [mixin/]: Mixing entity.collisions.fluid.EntityMixin from lithium.mixins.json into net.minecraft.world.entity.Entity
[09Dec2025 04:11:29.258] [main/DEBUG] [mixin/]: lithium.mixins.json:entity.collisions.fluid.EntityMixin: Class version 61 required is higher than the class version supported by the current version of Mixin (JAVA_16 supports class version 60)
[09Dec2025 04:11:29.323] [main/DEBUG] [mixin/]: Mixing EntityMixin from attributeslib.mixins.json into net.minecraft.world.entity.Entity
[09Dec2025 04:11:29.345] [main/DEBUG] [mixin/]: Mixing alloc.deep_passengers.EntityMixin from lithium.mixins.json into net.minecraft.world.entity.Entity
[09Dec2025 04:11:29.348] [main/DEBUG] [mixin/]: lithium.mixins.json:alloc.deep_passengers.EntityMixin: Class version 61 required is higher than the class version supported by the current version of Mixin (JAVA_16 supports class version 60)
[09Dec2025 04:11:29.381] [main/DEBUG] [mixin/]: Mixing collections.fluid_submersion.EntityMixin from lithium.mixins.json into net.minecraft.world.entity.Entity
[09Dec2025 04:11:29.383] [main/DEBUG] [mixin/]: lithium.mixins.json:collections.fluid_submersion.EntityMixin: Class version 61 required is higher than the class version supported by the current version of Mixin (JAVA_16 supports class version 60)
[09Dec2025 04:11:29.394] [main/DEBUG] [mixin/]: Mixing entity.collisions.movement.EntityMixin from lithium.mixins.json into net.minecraft.world.entity.Entity
[09Dec2025 04:11:29.397] [main/DEBUG] [mixin/]: lithium.mixins.json:entity.collisions.movement.EntityMixin: Class version 61 required is higher than the class version supported by the current version of Mixin (JAVA_16 supports class version 60)
[09Dec2025 04:11:29.424] [main/DEBUG] [mixin/]: Mixing entity.collisions.unpushable_cramming.EntityMixin from lithium.mixins.json into net.minecraft.world.entity.Entity
[09Dec2025 04:11:29.425] [main/DEBUG] [mixin/]: lithium.mixins.json:entity.collisions.unpushable_cramming.EntityMixin: Class version 61 required is higher than the class version supported by the current version of Mixin (JAVA_16 supports class version 60)
[09Dec2025 04:11:29.428] [main/DEBUG] [mixin/]: Mixing MixinEntity from vampirism.mixins.json into net.minecraft.world.entity.Entity
[09Dec2025 04:11:29.444] [main/DEBUG] [mixin/]: Mixing bugfix.chunk_deadlock.EntityMixin from modernfix-common.mixins.json into net.minecraft.world.entity.Entity
[09Dec2025 04:11:29.708] [main/DEBUG] [mixin/]: Mixing IForgeEntityMixin from attributeslib.mixins.json into net.minecraftforge.common.extensions.IForgeEntity
[09Dec2025 04:11:29.749] [main/DEBUG] [mixin/]: Mixing LivingEntityMixin from attributeslib.mixins.json into net.minecraft.world.entity.LivingEntity
[09Dec2025 04:11:29.766] [main/DEBUG] [mixin/]: Mixing alloc.enum_values.living_entity.LivingEntityMixin from lithium.mixins.json into net.minecraft.world.entity.LivingEntity
[09Dec2025 04:11:29.766] [main/DEBUG] [mixin/]: lithium.mixins.json:alloc.enum_values.living_entity.LivingEntityMixin: Class version 61 required is higher than the class version supported by the current version of Mixin (JAVA_16 supports class version 60)
[09Dec2025 04:11:29.767] [main/DEBUG] [mixin/]: Mixing entity.collisions.unpushable_cramming.LivingEntityMixin from lithium.mixins.json into net.minecraft.world.entity.LivingEntity
[09Dec2025 04:11:29.767] [main/DEBUG] [mixin/]: lithium.mixins.json:entity.collisions.unpushable_cramming.LivingEntityMixin: Class version 61 required is higher than the class version supported by the current version of Mixin (JAVA_16 supports class version 60)
[09Dec2025 04:11:29.782] [main/DEBUG] [mixin/]: Mixing entity.fast_elytra_check.LivingEntityMixin from lithium.mixins.json into net.minecraft.world.entity.LivingEntity
[09Dec2025 04:11:29.783] [main/DEBUG] [mixin/]: lithium.mixins.json:entity.fast_elytra_check.LivingEntityMixin: Class version 61 required is higher than the class version supported by the current version of Mixin (JAVA_16 supports class version 60)
[09Dec2025 04:11:29.786] [main/DEBUG] [mixin/]: Mixing entity.fast_hand_swing.LivingEntityMixin from lithium.mixins.json into net.minecraft.world.entity.LivingEntity
[09Dec2025 04:11:29.786] [main/DEBUG] [mixin/]: lithium.mixins.json:entity.fast_hand_swing.LivingEntityMixin: Class version 61 required is higher than the class version supported by the current version of Mixin (JAVA_16 supports class version 60)
[09Dec2025 04:11:29.788] [main/DEBUG] [mixin/]: Mixing entity.fast_powder_snow_check.LivingEntityMixin from lithium.mixins.json into net.minecraft.world.entity.LivingEntity
[09Dec2025 04:11:29.788] [main/DEBUG] [mixin/]: lithium.mixins.json:entity.fast_powder_snow_check.LivingEntityMixin: Class version 61 required is higher than the class version supported by the current version of Mixin (JAVA_16 supports class version 60)
[09Dec2025 04:11:29.789] [main/DEBUG] [mixin/]: Mixing entity.skip_equipment_change_check.LivingEntityMixin from lithium.mixins.json into net.minecraft.world.entity.LivingEntity
[09Dec2025 04:11:29.791] [main/DEBUG] [mixin/]: lithium.mixins.json:entity.skip_equipment_change_check.LivingEntityMixin: Class version 61 required is higher than the class version supported by the current version of Mixin (JAVA_16 supports class version 60)
[09Dec2025 04:11:29.792] [main/DEBUG] [mixin/]: Renaming synthetic method lambda$static$0(Lnet/minecraft/world/item/ItemStack;)Z to mddb3497$lambda$static$0$0 in lithium.mixins.json:entity.skip_equipment_change_check.LivingEntityMixin
[09Dec2025 04:11:29.827] [main/DEBUG] [mixin/]: Mixing LivingEntityInvoker from apotheosis.mixins.json into net.minecraft.world.entity.LivingEntity
[09Dec2025 04:11:29.839] [main/DEBUG] [mixin/]: Mixing LivingEntityMixin from apotheosis.mixins.json into net.minecraft.world.entity.LivingEntity
[09Dec2025 04:11:29.849] [main/DEBUG] [mixin/]: Mixing MHFMixinLivingEntity from apotheosis.mixins.json into net.minecraft.world.entity.LivingEntity
[09Dec2025 04:11:29.859] [main/DEBUG] [mixin/]: Mixing LivingEntityAccessor from vampirism.mixins.json into net.minecraft.world.entity.LivingEntity
[09Dec2025 04:11:29.863] [main/DEBUG] [mixin/]: Mixing MixinLivingEntity from vampirism.mixins.json into net.minecraft.world.entity.LivingEntity
[09Dec2025 04:11:29.871] [main/DEBUG] [mixin/]: Mixing perf.forge_cap_retrieval.LivingEntityMixin from modernfix-forge.mixins.json into net.minecraft.world.entity.LivingEntity
[09Dec2025 04:11:29.880] [main/DEBUG] [net.minecraftforge.coremod.transformer.CoreModBaseTransformer/COREMOD]: Transforming net/minecraft/world/entity/EntityType
[09Dec2025 04:11:30.250] [main/DEBUG] [mixin/]: Mixing perf.model_optimizations.BooleanPropertyMixin from modernfix-common.mixins.json into net.minecraft.world.level.block.state.properties.BooleanProperty
[09Dec2025 04:11:30.265] [main/DEBUG] [mixin/]: Mixing alloc.chunk_random.WorldMixin from lithium.mixins.json into net.minecraft.world.level.Level
[09Dec2025 04:11:30.267] [main/DEBUG] [mixin/]: lithium.mixins.json:alloc.chunk_random.WorldMixin: Class version 61 required is higher than the class version supported by the current version of Mixin (JAVA_16 supports class version 60)
[09Dec2025 04:11:30.269] [main/DEBUG] [mixin/]: Mixing entity.collisions.intersection.WorldMixin from lithium.mixins.json into net.minecraft.world.level.Level
[09Dec2025 04:11:30.270] [main/DEBUG] [mixin/]: lithium.mixins.json:entity.collisions.intersection.WorldMixin: Class version 61 required is higher than the class version supported by the current version of Mixin (JAVA_16 supports class version 60)
[09Dec2025 04:11:30.277] [main/DEBUG] [mixin/]: Mixing util.block_entity_retrieval.WorldMixin from lithium.mixins.json into net.minecraft.world.level.Level
[09Dec2025 04:11:30.280] [main/DEBUG] [mixin/]: lithium.mixins.json:util.block_entity_retrieval.WorldMixin: Class version 61 required is higher than the class version supported by the current version of Mixin (JAVA_16 supports class version 60)
[09Dec2025 04:11:30.286] [main/DEBUG] [mixin/]: Mixing util.block_tracking.block_listening.WorldMixin from lithium.mixins.json into net.minecraft.world.level.Level
[09Dec2025 04:11:30.286] [main/DEBUG] [mixin/]: lithium.mixins.json:util.block_tracking.block_listening.WorldMixin: Class version 61 required is higher than the class version supported by the current version of Mixin (JAVA_16 supports class version 60)
[09Dec2025 04:11:30.289] [main/DEBUG] [mixin/]: Mixing world.chunk_access.WorldMixin from lithium.mixins.json into net.minecraft.world.level.Level
[09Dec2025 04:11:30.289] [main/DEBUG] [mixin/]: lithium.mixins.json:world.chunk_access.WorldMixin: Class version 61 required is higher than the class version supported by the current version of Mixin (JAVA_16 supports class version 60)
[09Dec2025 04:11:30.292] [main/DEBUG] [mixin/]: Mixing world.inline_block_access.WorldMixin from lithium.mixins.json into net.minecraft.world.level.Level
[09Dec2025 04:11:30.292] [main/DEBUG] [mixin/]: lithium.mixins.json:world.inline_block_access.WorldMixin: Class version 61 required is higher than the class version supported by the current version of Mixin (JAVA_16 supports class version 60)
[09Dec2025 04:11:30.298] [main/DEBUG] [mixin/]: Mixing world.inline_height.WorldMixin from lithium.mixins.json into net.minecraft.world.level.Level
[09Dec2025 04:11:30.300] [main/DEBUG] [mixin/]: lithium.mixins.json:world.inline_height.WorldMixin: Class version 61 required is higher than the class version supported by the current version of Mixin (JAVA_16 supports class version 60)
[09Dec2025 04:11:30.418] [main/DEBUG] [mixin/]: Mixing util.chunk_access.WorldViewMixin from lithium.mixins.json into net.minecraft.world.level.LevelReader
[09Dec2025 04:11:30.419] [main/DEBUG] [mixin/]: lithium.mixins.json:util.chunk_access.WorldViewMixin: Class version 61 required is higher than the class version supported by the current version of Mixin (JAVA_16 supports class version 60)
[09Dec2025 04:11:30.453] [main/DEBUG] [mixin/]: Mixing alloc.chunk_random.ServerWorldMixin from lithium.mixins.json into net.minecraft.server.level.ServerLevel
[09Dec2025 04:11:30.455] [main/DEBUG] [mixin/]: lithium.mixins.json:alloc.chunk_random.ServerWorldMixin: Class version 61 required is higher than the class version supported by the current version of Mixin (JAVA_16 supports class version 60)
[09Dec2025 04:11:30.456] [main/DEBUG] [mixin/]: Mixing chunk.entity_class_groups.ServerWorldAccessor from lithium.mixins.json into net.minecraft.server.level.ServerLevel
[09Dec2025 04:11:30.458] [main/DEBUG] [mixin/]: lithium.mixins.json:chunk.entity_class_groups.ServerWorldAccessor: Class version 61 required is higher than the class version supported by the current version of Mixin (JAVA_16 supports class version 60)
[09Dec2025 04:11:30.459] [main/DEBUG] [mixin/]: Mixing entity.inactive_navigations.ServerWorldMixin from lithium.mixins.json into net.minecraft.server.level.ServerLevel
[09Dec2025 04:11:30.459] [main/DEBUG] [mixin/]: lithium.mixins.json:entity.inactive_navigations.ServerWorldMixin: Class version 61 required is higher than the class version supported by the current version of Mixin (JAVA_16 supports class version 60)
[09Dec2025 04:11:30.481] [main/DEBUG] [mixin/]: Mixing profiler.ServerWorldMixin from lithium.mixins.json into net.minecraft.server.level.ServerLevel
[09Dec2025 04:11:30.482] [main/DEBUG] [mixin/]: lithium.mixins.json:profiler.ServerWorldMixin: Class version 61 required is higher than the class version supported by the current version of Mixin (JAVA_16 supports class version 60)
[09Dec2025 04:11:30.485] [main/DEBUG] [mixin/]: Mixing util.entity_movement_tracking.ServerWorldAccessor from lithium.mixins.json into net.minecraft.server.level.ServerLevel
[09Dec2025 04:11:30.485] [main/DEBUG] [mixin/]: lithium.mixins.json:util.entity_movement_tracking.ServerWorldAccessor: Class version 61 required is higher than the class version supported by the current version of Mixin (JAVA_16 supports class version 60)
[09Dec2025 04:11:30.486] [main/DEBUG] [mixin/]: Mixing ServerLevelMixin from ksyxis.mixins.json into net.minecraft.server.level.ServerLevel
[09Dec2025 04:11:30.491] [main/DEBUG] [mixin/]: Mixing bugfix.chunk_deadlock.ServerLevelMixin from modernfix-common.mixins.json into net.minecraft.server.level.ServerLevel
[09Dec2025 04:11:30.492] [main/DEBUG] [mixin/]: Mixing perf.faster_structure_location.ServerLevelMixin from modernfix-common.mixins.json into net.minecraft.server.level.ServerLevel
[09Dec2025 04:11:30.497] [main/DEBUG] [mixin/]: Mixing perf.cache_strongholds.ServerLevelMixin from modernfix-common.mixins.json into net.minecraft.server.level.ServerLevel
[09Dec2025 04:11:30.594] [main/DEBUG] [mixin/]: Unexpected: Registered method getEntityManager()Lnet/minecraft/world/level/entity/PersistentEntitySectionManager; in net.minecraft.server.level.ServerLevel was not merged
[09Dec2025 04:11:30.674] [main/DEBUG] [mixin/]: Mixing PlayerMixin from attributeslib.mixins.json into net.minecraft.world.entity.player.Player
[09Dec2025 04:11:30.680] [main/DEBUG] [mixin/]: Mixing MixinPlayerEntity from vampirism.mixins.json into net.minecraft.world.entity.player.Player
[09Dec2025 04:11:30.803] [main/DEBUG] [mixin/]: Mixing bugfix.concurrency.ForgeRegistryTagManagerMixin from modernfix-forge.mixins.json into net.minecraftforge.registries.ForgeRegistryTagManager
[09Dec2025 04:11:30.836] [main/DEBUG] [mixin/]: Mixing bugfix.concurrency.NamespacedWrapperMixin from modernfix-forge.mixins.json into net.minecraftforge.registries.NamespacedWrapper
[09Dec2025 04:11:30.840] [main/DEBUG] [mixin/]: Mixing perf.fast_forge_dummies.NamespacedHolderHelperMixin from modernfix-forge.mixins.json into net.minecraftforge.registries.NamespacedWrapper
[09Dec2025 04:11:30.875] [main/DEBUG] [mixin/]: Mixing ItemMixin from apotheosis.mixins.json into net.minecraft.world.item.Item
[09Dec2025 04:11:30.877] [main/DEBUG] [mixin/]: Mixing ItemMixin from vampirism.mixins.json into net.minecraft.world.item.Item
[09Dec2025 04:11:30.880] [main/DEBUG] [mixin/]: Mixing perf.forge_registry_alloc.DelegateHolderMixin from modernfix-forge.mixins.json into net.minecraft.world.item.Item
[09Dec2025 04:11:30.897] [main/DEBUG] [mixin/]: Mixing IForgeItemMixin from attributeslib.mixins.json into net.minecraftforge.common.extensions.IForgeItem
[09Dec2025 04:11:31.048] [main/DEBUG] [net.minecraftforge.coremod.transformer.CoreModBaseTransformer/COREMOD]: Transforming net/minecraft/world/entity/EntityType
[09Dec2025 04:11:31.154] [main/DEBUG] [mixin/]: Mixing ai.poi.PointOfInterestTypesMixin from lithium.mixins.json into net.minecraftforge.registries.GameData$PointOfInterestTypeCallbacks
[09Dec2025 04:11:31.156] [main/DEBUG] [mixin/]: lithium.mixins.json:ai.poi.PointOfInterestTypesMixin: Class version 61 required is higher than the class version supported by the current version of Mixin (JAVA_16 supports class version 60)
[09Dec2025 04:11:31.278] [main/DEBUG] [mixin/]: Mixing EnchantmentMixin from apotheosis.mixins.json into net.minecraft.world.item.enchantment.Enchantment
[09Dec2025 04:11:31.278] [main/DEBUG] [mixin/]: Renaming synthetic method lambda$apoth_modifyEnchColorForAboveMaxLevel$0(Lnet/minecraft/network/chat/Style;)Lnet/minecraft/network/chat/Style; to mddb3497$lambda$apoth_modifyEnchColorForAboveMaxLevel$0$0 in apotheosis.mixins.json:EnchantmentMixin
[09Dec2025 04:11:31.294] [main/DEBUG] [mixin/]: Mixing TileEntityTypeAccessor from vampirism.mixins.json into net.minecraft.world.level.block.entity.BlockEntityType
[09Dec2025 04:11:31.296] [main/DEBUG] [mixin/]: Mixing perf.dynamic_dfu.BlockEntityTypeMixin from modernfix-common.mixins.json into net.minecraft.world.level.block.entity.BlockEntityType
[09Dec2025 04:11:31.330] [main/DEBUG] [mixin/]: Mixing AttributeMixin from attributeslib.mixins.json into net.minecraft.world.entity.ai.attributes.Attribute
[09Dec2025 04:11:31.429] [main/DEBUG] [net.minecraftforge.coremod.transformer.CoreModBaseTransformer/COREMOD]: Transforming net/minecraft/world/item/CreativeModeTabs
[09Dec2025 04:11:31.915] [main/INFO] [net.minecraftforge.coremod.CoreMod.apotheosis/COREMODLOG]: Replaced 2 calls to Enchantment#getMaxLevel() in net/minecraft/world/item/CreativeModeTabs
[09Dec2025 04:11:31.930] [main/DEBUG] [mixin/]: Mixing perf.memoize_creative_tab_build.CreativeModeTabMixin from modernfix-common.mixins.json into net.minecraft.world.item.CreativeModeTab
[09Dec2025 04:11:31.943] [main/DEBUG] [mixin/]: Mixing math.fast_blockpos.DirectionMixin from lithium.mixins.json into net.minecraft.core.Direction
[09Dec2025 04:11:31.943] [main/DEBUG] [mixin/]: lithium.mixins.json:math.fast_blockpos.DirectionMixin: Class version 61 required is higher than the class version supported by the current version of Mixin (JAVA_16 supports class version 60)
[09Dec2025 04:11:31.945] [main/DEBUG] [mixin/]: Mixing math.fast_util.DirectionMixin from lithium.mixins.json into net.minecraft.core.Direction
[09Dec2025 04:11:31.945] [main/DEBUG] [mixin/]: lithium.mixins.json:math.fast_util.DirectionMixin: Class version 61 required is higher than the class version supported by the current version of Mixin (JAVA_16 supports class version 60)
[09Dec2025 04:11:31.972] [main/DEBUG] [mixin/]: Mixing block.moving_block_shapes.VoxelShapeMixin from lithium.mixins.json into net.minecraft.world.phys.shapes.VoxelShape
[09Dec2025 04:11:31.972] [main/DEBUG] [mixin/]: lithium.mixins.json:block.moving_block_shapes.VoxelShapeMixin: Class version 61 required is higher than the class version supported by the current version of Mixin (JAVA_16 supports class version 60)
[09Dec2025 04:11:31.975] [main/DEBUG] [mixin/]: Mixing shapes.specialized_shapes.VoxelShapeMixin from lithium.mixins.json into net.minecraft.world.phys.shapes.VoxelShape
[09Dec2025 04:11:31.975] [main/DEBUG] [mixin/]: lithium.mixins.json:shapes.specialized_shapes.VoxelShapeMixin: Class version 61 required is higher than the class version supported by the current version of Mixin (JAVA_16 supports class version 60)
[09Dec2025 04:11:31.988] [main/DEBUG] [mixin/]: Mixing VoxelShapeAccess from ferritecore.blockstatecache.mixin.json into net.minecraft.world.phys.shapes.VoxelShape
[09Dec2025 04:11:32.006] [main/DEBUG] [mixin/]: Mixing shapes.optimized_matching.VoxelShapesMixin from lithium.mixins.json into net.minecraft.world.phys.shapes.Shapes
[09Dec2025 04:11:32.006] [main/DEBUG] [mixin/]: lithium.mixins.json:shapes.optimized_matching.VoxelShapesMixin: Class version 61 required is higher than the class version supported by the current version of Mixin (JAVA_16 supports class version 60)
[09Dec2025 04:11:32.007] [main/DEBUG] [mixin/]: Mixing shapes.shape_merging.VoxelShapesMixin from lithium.mixins.json into net.minecraft.world.phys.shapes.Shapes
[09Dec2025 04:11:32.007] [main/DEBUG] [mixin/]: lithium.mixins.json:shapes.shape_merging.VoxelShapesMixin: Class version 61 required is higher than the class version supported by the current version of Mixin (JAVA_16 supports class version 60)
[09Dec2025 04:11:32.009] [main/DEBUG] [mixin/]: Mixing shapes.specialized_shapes.VoxelShapesMixin from lithium.mixins.json into net.minecraft.world.phys.shapes.Shapes
[09Dec2025 04:11:32.009] [main/DEBUG] [mixin/]: lithium.mixins.json:shapes.specialized_shapes.VoxelShapesMixin: Class version 61 required is higher than the class version supported by the current version of Mixin (JAVA_16 supports class version 60)
[09Dec2025 04:11:32.036] [main/DEBUG] [mixin/]: Mixing DiscreteVSAccess from ferritecore.blockstatecache.mixin.json into net.minecraft.world.phys.shapes.DiscreteVoxelShape
[09Dec2025 04:11:32.038] [main/DEBUG] [mixin/]: Mixing BitSetDVSAccess from ferritecore.blockstatecache.mixin.json into net.minecraft.world.phys.shapes.BitSetDiscreteVoxelShape
[09Dec2025 04:11:32.041] [main/DEBUG] [mixin/]: Mixing ArrayVSAccess from ferritecore.blockstatecache.mixin.json into net.minecraft.world.phys.shapes.ArrayVoxelShape
[09Dec2025 04:11:32.046] [main/DEBUG] [mixin/]: Mixing shapes.precompute_shape_arrays.SimpleVoxelShapeMixin from lithium.mixins.json into net.minecraft.world.phys.shapes.CubeVoxelShape
[09Dec2025 04:11:32.047] [main/DEBUG] [mixin/]: lithium.mixins.json:shapes.precompute_shape_arrays.SimpleVoxelShapeMixin: Class version 61 required is higher than the class version supported by the current version of Mixin (JAVA_16 supports class version 60)
[09Dec2025 04:11:32.056] [main/DEBUG] [mixin/]: Mixing SliceShapeAccess from ferritecore.blockstatecache.mixin.json into net.minecraft.world.phys.shapes.SliceShape
[09Dec2025 04:11:32.059] [main/DEBUG] [mixin/]: Mixing shapes.precompute_shape_arrays.FractionalDoubleListMixin from lithium.mixins.json into net.minecraft.world.phys.shapes.CubePointRange
[09Dec2025 04:11:32.059] [main/DEBUG] [mixin/]: lithium.mixins.json:shapes.precompute_shape_arrays.FractionalDoubleListMixin: Class version 61 required is higher than the class version supported by the current version of Mixin (JAVA_16 supports class version 60)
[09Dec2025 04:11:32.203] [main/DEBUG] [mixin/]: Mixing perf.reduce_blockstate_cache_rebuilds.BlocksMixin from modernfix-common.mixins.json into net.minecraft.world.level.block.Blocks
[09Dec2025 04:11:32.203] [main/DEBUG] [mixin/]: Renaming synthetic method lambda$getEmptyConsumer$0(Ljava/lang/Object;)V to mddb3497$lambda$getEmptyConsumer$0$0 in modernfix-common.mixins.json:perf.reduce_blockstate_cache_rebuilds.BlocksMixin
[09Dec2025 04:11:32.239] [main/DEBUG] [net.minecraftforge.coremod.transformer.CoreModBaseTransformer/COREMOD]: Transforming net/minecraft/world/level/block/LiquidBlock
[09Dec2025 04:11:32.261] [main/DEBUG] [mixin/]: Mixing alloc.enum_values.piston_block.PistonBlockMixin from lithium.mixins.json into net.minecraft.world.level.block.piston.PistonBaseBlock
[09Dec2025 04:11:32.262] [main/DEBUG] [mixin/]: lithium.mixins.json:alloc.enum_values.piston_block.PistonBlockMixin: Class version 61 required is higher than the class version supported by the current version of Mixin (JAVA_16 supports class version 60)
[09Dec2025 04:11:32.280] [main/DEBUG] [net.minecraftforge.coremod.transformer.CoreModBaseTransformer/COREMOD]: Transforming net/minecraft/world/level/block/StairBlock
[09Dec2025 04:11:32.292] [main/DEBUG] [mixin/]: Mixing alloc.enum_values.redstone_wire.RedstoneWireBlockMixin from lithium.mixins.json into net.minecraft.world.level.block.RedStoneWireBlock
[09Dec2025 04:11:32.292] [main/DEBUG] [mixin/]: lithium.mixins.json:alloc.enum_values.redstone_wire.RedstoneWireBlockMixin: Class version 61 required is higher than the class version supported by the current version of Mixin (JAVA_16 supports class version 60)
[09Dec2025 04:11:32.293] [main/DEBUG] [mixin/]: Mixing block.redstone_wire.RedstoneWireBlockMixin from lithium.mixins.json into net.minecraft.world.level.block.RedStoneWireBlock
[09Dec2025 04:11:32.293] [main/DEBUG] [mixin/]: lithium.mixins.json:block.redstone_wire.RedstoneWireBlockMixin: Class version 61 required is higher than the class version supported by the current version of Mixin (JAVA_16 supports class version 60)
[09Dec2025 04:11:32.371] [main/DEBUG] [mixin/]: Mixing perf.deduplicate_wall_shapes.WallBlockMixin from modernfix-common.mixins.json into net.minecraft.world.level.block.WallBlock
[09Dec2025 04:11:32.389] [main/DEBUG] [net.minecraftforge.coremod.transformer.CoreModBaseTransformer/COREMOD]: Transforming net/minecraft/world/level/block/FlowerPotBlock
[09Dec2025 04:11:32.410] [main/DEBUG] [mixin/]: Mixing AnvilBlockMixin from placebo.mixins.json into net.minecraft.world.level.block.AnvilBlock
[09Dec2025 04:11:32.417] [main/DEBUG] [mixin/]: Mixing util.inventory_comparator_tracking.ComparatorBlockMixin from lithium.mixins.json into net.minecraft.world.level.block.ComparatorBlock
[09Dec2025 04:11:32.419] [main/DEBUG] [mixin/]: lithium.mixins.json:util.inventory_comparator_tracking.ComparatorBlockMixin: Class version 61 required is higher than the class version supported by the current version of Mixin (JAVA_16 supports class version 60)
[09Dec2025 04:11:32.470] [main/DEBUG] [mixin/]: Mixing MixinBellBlock from vampirism.mixins.json into net.minecraft.world.level.block.BellBlock
[09Dec2025 04:11:32.573] [main/DEBUG] [mixin/]: Mixing CandleBlockMixin from apotheosis.mixins.json into net.minecraft.world.level.block.CandleBlock
[09Dec2025 04:11:32.770] [main/DEBUG] [mixin/]: Mixing BlockBehaviourMixin from mowziesmobs.mixins.json into net.minecraft.world.level.block.state.BlockBehaviour$Properties
[09Dec2025 04:11:32.860] [main/DEBUG] [mixin/]: Mixing perf.state_definition_construct.StateDefinitionMixin from modernfix-common.mixins.json into net.minecraft.world.level.block.state.StateDefinition
[09Dec2025 04:11:32.929] [main/DEBUG] [mixin/]: Mixing block.flatten_states.FluidStateMixin from lithium.mixins.json into net.minecraft.world.level.material.FluidState
[09Dec2025 04:11:32.930] [main/DEBUG] [mixin/]: lithium.mixins.json:block.flatten_states.FluidStateMixin: Class version 61 required is higher than the class version supported by the current version of Mixin (JAVA_16 supports class version 60)
[09Dec2025 04:11:32.975] [main/DEBUG] [mixin/]: Mixing entity.inactive_navigations.MobEntityMixin from lithium.mixins.json into net.minecraft.world.entity.Mob
[09Dec2025 04:11:32.975] [main/DEBUG] [mixin/]: lithium.mixins.json:entity.inactive_navigations.MobEntityMixin: Class version 61 required is higher than the class version supported by the current version of Mixin (JAVA_16 supports class version 60)
[09Dec2025 04:11:32.978] [main/DEBUG] [mixin/]: Mixing entity.skip_equipment_change_check.MobEntityMixin from lithium.mixins.json into net.minecraft.world.entity.Mob
[09Dec2025 04:11:32.978] [main/DEBUG] [mixin/]: lithium.mixins.json:entity.skip_equipment_change_check.MobEntityMixin: Class version 61 required is higher than the class version supported by the current version of Mixin (JAVA_16 supports class version 60)
[09Dec2025 04:11:32.978] [main/DEBUG] [mixin/]: Mixing MixinMobEntity from vampirism.mixins.json into net.minecraft.world.entity.Mob
[09Dec2025 04:11:32.998] [main/DEBUG] [mixin/]: Mixing util.inventory_change_listening.BlockEntityMixin from lithium.mixins.json into net.minecraft.world.level.block.entity.BlockEntity
[09Dec2025 04:11:32.998] [main/DEBUG] [mixin/]: lithium.mixins.json:util.inventory_change_listening.BlockEntityMixin: Class version 61 required is higher than the class version supported by the current version of Mixin (JAVA_16 supports class version 60)
[09Dec2025 04:11:32.999] [main/DEBUG] [mixin/]: Mixing util.inventory_comparator_tracking.BlockEntityMixin from lithium.mixins.json into net.minecraft.world.level.block.entity.BlockEntity
[09Dec2025 04:11:33.000] [main/DEBUG] [mixin/]: lithium.mixins.json:util.inventory_comparator_tracking.BlockEntityMixin: Class version 61 required is higher than the class version supported by the current version of Mixin (JAVA_16 supports class version 60)
[09Dec2025 04:11:33.010] [main/DEBUG] [net.minecraftforge.coremod.transformer.CoreModBaseTransformer/COREMOD]: Transforming net/minecraft/world/item/ItemStack
[09Dec2025 04:11:33.012] [main/DEBUG] [mixin/]: Mixing ItemStackMixin from apotheosis.mixins.json into net.minecraft.world.item.ItemStack
[09Dec2025 04:11:33.012] [main/DEBUG] [mixin/]: Renaming synthetic method lambda$swapDura$2(DD)D to mddb3497$lambda$swapDura$2$0 in apotheosis.mixins.json:ItemStackMixin
[09Dec2025 04:11:33.012] [main/DEBUG] [mixin/]: Renaming synthetic method lambda$swapDura$1(Lnet/minecraft/server/level/ServerPlayer;Ldev/shadowsoffire/apotheosis/adventure/affix/AffixInstance;)D to mddb3497$lambda$swapDura$1$1 in apotheosis.mixins.json:ItemStackMixin
[09Dec2025 04:11:33.012] [main/DEBUG] [mixin/]: Renaming synthetic method lambda$apoth_affixItemName$0(Ldev/shadowsoffire/placebo/reload/DynamicHolder;Lnet/minecraft/network/chat/Style;)Lnet/minecraft/network/chat/Style; to mddb3497$lambda$apoth_affixItemName$0$2 in apotheosis.mixins.json:ItemStackMixin
[09Dec2025 04:11:33.029] [main/DEBUG] [mixin/]: Mixing ItemStackMixin from attributeslib.mixins.json into net.minecraft.world.item.ItemStack
[09Dec2025 04:11:33.029] [main/DEBUG] [mixin/]: Mixing ItemStackMixin from placebo.mixins.json into net.minecraft.world.item.ItemStack
[09Dec2025 04:11:33.030] [main/DEBUG] [mixin/]: Renaming synthetic method lambda$getOrCreate$0(Ljava/util/function/Function;Ljava/util/function/ToIntFunction;Lnet/minecraft/resources/ResourceLocation;)Ldev/shadowsoffire/placebo/util/CachedObject; to mddb3497$lambda$getOrCreate$0$3 in placebo.mixins.json:ItemStackMixin
[09Dec2025 04:11:33.115] [main/DEBUG] [net.minecraftforge.coremod.transformer.CoreModBaseTransformer/COREMOD]: Transforming getEnchantmentLevel with desc (Lnet/minecraft/world/item/enchantment/Enchantment;)I
[09Dec2025 04:11:33.115] [main/INFO] [net.minecraftforge.coremod.CoreMod.placebo/COREMODLOG]: Patching IForgeItemStack#getEnchantmentLevel
[09Dec2025 04:11:33.118] [main/DEBUG] [net.minecraftforge.coremod.transformer.CoreModBaseTransformer/COREMOD]: Transforming getAllEnchantments with desc ()Ljava/util/Map;
[09Dec2025 04:11:33.118] [main/INFO] [net.minecraftforge.coremod.CoreMod.placebo/COREMODLOG]: Patching IForgeItemStack#getEnchantmentLevel
[09Dec2025 04:11:33.120] [main/DEBUG] [mixin/]: Mixing IForgeItemStackMixin from apotheosis.mixins.json into net.minecraftforge.common.extensions.IForgeItemStack
[09Dec2025 04:11:33.129] [main/DEBUG] [mixin/]: Mixing world.explosions.ExplosionMixin from lithium.mixins.json into net.minecraft.world.level.Explosion
[09Dec2025 04:11:33.129] [main/DEBUG] [mixin/]: lithium.mixins.json:world.explosions.ExplosionMixin: Class version 61 required is higher than the class version supported by the current version of Mixin (JAVA_16 supports class version 60)
[09Dec2025 04:11:33.199] [main/INFO] [net.minecraft.server.Bootstrap/]: Vanilla bootstrap took 4663 milliseconds
[09Dec2025 04:11:33.218] [main/DEBUG] [io.netty.util.internal.PlatformDependent0/]: -Dio.netty.noUnsafe: false
[09Dec2025 04:11:33.219] [main/DEBUG] [io.netty.util.internal.PlatformDependent0/]: Java version: 17
[09Dec2025 04:11:33.219] [main/DEBUG] [io.netty.util.internal.PlatformDependent0/]: sun.misc.Unsafe.theUnsafe: available
[09Dec2025 04:11:33.219] [main/DEBUG] [io.netty.util.internal.PlatformDependent0/]: sun.misc.Unsafe.copyMemory: available
[09Dec2025 04:11:33.220] [main/DEBUG] [io.netty.util.internal.PlatformDependent0/]: sun.misc.Unsafe.storeFence: available
[09Dec2025 04:11:33.220] [main/DEBUG] [io.netty.util.internal.PlatformDependent0/]: java.nio.Buffer.address: available
[09Dec2025 04:11:33.220] [main/DEBUG] [io.netty.util.internal.PlatformDependent0/]: direct buffer constructor: unavailable
java.lang.UnsupportedOperationException: Reflective setAccessible(true) disabled
	at io.netty.util.internal.ReflectionUtil.trySetAccessible(ReflectionUtil.java:31) ~[netty-common-4.1.82.Final.jar%2380!/:4.1.82.Final]
	at io.netty.util.internal.PlatformDependent0$5.run(PlatformDependent0.java:288) ~[netty-common-4.1.82.Final.jar%2380!/:4.1.82.Final]
	at java.security.AccessController.doPrivileged(AccessController.java:318) ~[?:?]
	at io.netty.util.internal.PlatformDependent0.<clinit>(PlatformDependent0.java:282) ~[netty-common-4.1.82.Final.jar%2380!/:4.1.82.Final]
	at io.netty.util.internal.PlatformDependent.isAndroid(PlatformDependent.java:333) ~[netty-common-4.1.82.Final.jar%2380!/:4.1.82.Final]
	at io.netty.util.internal.PlatformDependent.<clinit>(PlatformDependent.java:88) ~[netty-common-4.1.82.Final.jar%2380!/:4.1.82.Final]
	at io.netty.util.ConstantPool.<init>(ConstantPool.java:34) ~[netty-common-4.1.82.Final.jar%2380!/:4.1.82.Final]
	at io.netty.util.AttributeKey$1.<init>(AttributeKey.java:27) ~[netty-common-4.1.82.Final.jar%2380!/:4.1.82.Final]
	at io.netty.util.AttributeKey.<clinit>(AttributeKey.java:27) ~[netty-common-4.1.82.Final.jar%2380!/:4.1.82.Final]
	at net.minecraftforge.network.NetworkConstants.<clinit>(NetworkConstants.java:34) ~[forge-1.20.1-47.3.7-universal.jar%23134!/:?]
	at net.minecraft.server.Bootstrap.handler$zmh000$doClassloadHack(Bootstrap.java:1034) ~[server-1.20.1-20230612.114412-srg.jar%23129!/:?]
	at net.minecraft.server.Bootstrap.m_135870_(Bootstrap.java:64) ~[server-1.20.1-20230612.114412-srg.jar%23129!/:?]
	at net.minecraftforge.registries.ForgeRegistries.init(ForgeRegistries.java:212) ~[forge-1.20.1-47.3.7-universal.jar%23134!/:?]
	at net.minecraftforge.registries.ForgeRegistries.<clinit>(ForgeRegistries.java:65) ~[forge-1.20.1-47.3.7-universal.jar%23134!/:?]
	at net.minecraft.world.level.block.LiquidBlock.<init>(LiquidBlock.java:53) ~[server-1.20.1-20230612.114412-srg.jar%23129!/:?]
	at net.minecraft.world.level.block.Blocks.<clinit>(Blocks.java:77) ~[server-1.20.1-20230612.114412-srg.jar%23129!/:?]
	at net.minecraft.world.level.block.FireBlock.m_53484_(FireBlock.java:301) ~[server-1.20.1-20230612.114412-srg.jar%23129!/:?]
	at net.minecraft.server.Bootstrap.m_135870_(Bootstrap.java:46) ~[server-1.20.1-20230612.114412-srg.jar%23129!/:?]
	at net.minecraft.server.Main.main(Main.java:121) ~[server-1.20.1-20230612.114412-srg.jar%23129!/:?]
	at jdk.internal.reflect.NativeMethodAccessorImpl.invoke0(Native Method) ~[?:?]
	at jdk.internal.reflect.NativeMethodAccessorImpl.invoke(NativeMethodAccessorImpl.java:77) ~[?:?]
	at jdk.internal.reflect.DelegatingMethodAccessorImpl.invoke(DelegatingMethodAccessorImpl.java:43) ~[?:?]
	at java.lang.reflect.Method.invoke(Method.java:569) ~[?:?]
	at net.minecraftforge.fml.loading.targets.CommonLaunchHandler.runTarget(CommonLaunchHandler.java:111) ~[fmlloader-1.20.1-47.3.7.jar%2367!/:?]
	at net.minecraftforge.fml.loading.targets.CommonLaunchHandler.serverService(CommonLaunchHandler.java:103) ~[fmlloader-1.20.1-47.3.7.jar%2367!/:?]
	at net.minecraftforge.fml.loading.targets.CommonServerLaunchHandler.lambda$makeService$0(CommonServerLaunchHandler.java:27) ~[fmlloader-1.20.1-47.3.7.jar%2367!/:?]
	at cpw.mods.modlauncher.LaunchServiceHandlerDecorator.launch(LaunchServiceHandlerDecorator.java:30) ~[modlauncher-10.0.9.jar%2353!/:?]
	at cpw.mods.modlauncher.LaunchServiceHandler.launch(LaunchServiceHandler.java:53) ~[modlauncher-10.0.9.jar%2353!/:?]
	at cpw.mods.modlauncher.LaunchServiceHandler.launch(LaunchServiceHandler.java:71) ~[modlauncher-10.0.9.jar%2353!/:?]
	at cpw.mods.modlauncher.Launcher.run(Launcher.java:108) ~[modlauncher-10.0.9.jar%2353!/:?]
	at cpw.mods.modlauncher.Launcher.main(Launcher.java:78) ~[modlauncher-10.0.9.jar%2353!/:?]
	at cpw.mods.modlauncher.BootstrapLaunchConsumer.accept(BootstrapLaunchConsumer.java:26) ~[modlauncher-10.0.9.jar%2353!/:?]
	at cpw.mods.modlauncher.BootstrapLaunchConsumer.accept(BootstrapLaunchConsumer.java:23) ~[modlauncher-10.0.9.jar%2353!/:?]
	at cpw.mods.bootstraplauncher.BootstrapLauncher.main(BootstrapLauncher.java:141) ~[bootstraplauncher-1.1.2.jar:?]
[09Dec2025 04:11:33.221] [main/DEBUG] [io.netty.util.internal.PlatformDependent0/]: java.nio.Bits.unaligned: available, true
[09Dec2025 04:11:33.222] [main/DEBUG] [io.netty.util.internal.PlatformDependent0/]: jdk.internal.misc.Unsafe.allocateUninitializedArray(int): unavailable
java.lang.IllegalAccessException: class io.netty.util.internal.PlatformDependent0$7 (in module io.netty.common) cannot access class jdk.internal.misc.Unsafe (in module java.base) because module java.base does not export jdk.internal.misc to module io.netty.common
	at jdk.internal.reflect.Reflection.newIllegalAccessException(Reflection.java:392) ~[?:?]
	at java.lang.reflect.AccessibleObject.checkAccess(AccessibleObject.java:674) ~[?:?]
	at java.lang.reflect.Method.invoke(Method.java:561) ~[?:?]
	at io.netty.util.internal.PlatformDependent0$7.run(PlatformDependent0.java:410) ~[netty-common-4.1.82.Final.jar%2380!/:4.1.82.Final]
	at java.security.AccessController.doPrivileged(AccessController.java:318) ~[?:?]
	at io.netty.util.internal.PlatformDependent0.<clinit>(PlatformDependent0.java:401) ~[netty-common-4.1.82.Final.jar%2380!/:4.1.82.Final]
	at io.netty.util.internal.PlatformDependent.isAndroid(PlatformDependent.java:333) ~[netty-common-4.1.82.Final.jar%2380!/:4.1.82.Final]
	at io.netty.util.internal.PlatformDependent.<clinit>(PlatformDependent.java:88) ~[netty-common-4.1.82.Final.jar%2380!/:4.1.82.Final]
	at io.netty.util.ConstantPool.<init>(ConstantPool.java:34) ~[netty-common-4.1.82.Final.jar%2380!/:4.1.82.Final]
	at io.netty.util.AttributeKey$1.<init>(AttributeKey.java:27) ~[netty-common-4.1.82.Final.jar%2380!/:4.1.82.Final]
	at io.netty.util.AttributeKey.<clinit>(AttributeKey.java:27) ~[netty-common-4.1.82.Final.jar%2380!/:4.1.82.Final]
	at net.minecraftforge.network.NetworkConstants.<clinit>(NetworkConstants.java:34) ~[forge-1.20.1-47.3.7-universal.jar%23134!/:?]
	at net.minecraft.server.Bootstrap.handler$zmh000$doClassloadHack(Bootstrap.java:1034) ~[server-1.20.1-20230612.114412-srg.jar%23129!/:?]
	at net.minecraft.server.Bootstrap.m_135870_(Bootstrap.java:64) ~[server-1.20.1-20230612.114412-srg.jar%23129!/:?]
	at net.minecraftforge.registries.ForgeRegistries.init(ForgeRegistries.java:212) ~[forge-1.20.1-47.3.7-universal.jar%23134!/:?]
	at net.minecraftforge.registries.ForgeRegistries.<clinit>(ForgeRegistries.java:65) ~[forge-1.20.1-47.3.7-universal.jar%23134!/:?]
	at net.minecraft.world.level.block.LiquidBlock.<init>(LiquidBlock.java:53) ~[server-1.20.1-20230612.114412-srg.jar%23129!/:?]
	at net.minecraft.world.level.block.Blocks.<clinit>(Blocks.java:77) ~[server-1.20.1-20230612.114412-srg.jar%23129!/:?]
	at net.minecraft.world.level.block.FireBlock.m_53484_(FireBlock.java:301) ~[server-1.20.1-20230612.114412-srg.jar%23129!/:?]
	at net.minecraft.server.Bootstrap.m_135870_(Bootstrap.java:46) ~[server-1.20.1-20230612.114412-srg.jar%23129!/:?]
	at net.minecraft.server.Main.main(Main.java:121) ~[server-1.20.1-20230612.114412-srg.jar%23129!/:?]
	at jdk.internal.reflect.NativeMethodAccessorImpl.invoke0(Native Method) ~[?:?]
	at jdk.internal.reflect.NativeMethodAccessorImpl.invoke(NativeMethodAccessorImpl.java:77) ~[?:?]
	at jdk.internal.reflect.DelegatingMethodAccessorImpl.invoke(DelegatingMethodAccessorImpl.java:43) ~[?:?]
	at java.lang.reflect.Method.invoke(Method.java:569) ~[?:?]
	at net.minecraftforge.fml.loading.targets.CommonLaunchHandler.runTarget(CommonLaunchHandler.java:111) ~[fmlloader-1.20.1-47.3.7.jar%2367!/:?]
	at net.minecraftforge.fml.loading.targets.CommonLaunchHandler.serverService(CommonLaunchHandler.java:103) ~[fmlloader-1.20.1-47.3.7.jar%2367!/:?]
	at net.minecraftforge.fml.loading.targets.CommonServerLaunchHandler.lambda$makeService$0(CommonServerLaunchHandler.java:27) ~[fmlloader-1.20.1-47.3.7.jar%2367!/:?]
	at cpw.mods.modlauncher.LaunchServiceHandlerDecorator.launch(LaunchServiceHandlerDecorator.java:30) ~[modlauncher-10.0.9.jar%2353!/:?]
	at cpw.mods.modlauncher.LaunchServiceHandler.launch(LaunchServiceHandler.java:53) ~[modlauncher-10.0.9.jar%2353!/:?]
	at cpw.mods.modlauncher.LaunchServiceHandler.launch(LaunchServiceHandler.java:71) ~[modlauncher-10.0.9.jar%2353!/:?]
	at cpw.mods.modlauncher.Launcher.run(Launcher.java:108) ~[modlauncher-10.0.9.jar%2353!/:?]
	at cpw.mods.modlauncher.Launcher.main(Launcher.java:78) ~[modlauncher-10.0.9.jar%2353!/:?]
	at cpw.mods.modlauncher.BootstrapLaunchConsumer.accept(BootstrapLaunchConsumer.java:26) ~[modlauncher-10.0.9.jar%2353!/:?]
	at cpw.mods.modlauncher.BootstrapLaunchConsumer.accept(BootstrapLaunchConsumer.java:23) ~[modlauncher-10.0.9.jar%2353!/:?]
	at cpw.mods.bootstraplauncher.BootstrapLauncher.main(BootstrapLauncher.java:141) ~[bootstraplauncher-1.1.2.jar:?]
[09Dec2025 04:11:33.224] [main/DEBUG] [io.netty.util.internal.PlatformDependent0/]: java.nio.DirectByteBuffer.<init>(long, int): unavailable
[09Dec2025 04:11:33.224] [main/DEBUG] [io.netty.util.internal.PlatformDependent/]: sun.misc.Unsafe: available
[09Dec2025 04:11:33.224] [main/DEBUG] [io.netty.util.internal.PlatformDependent/]: maxDirectMemory: 17179869184 bytes (maybe)
[09Dec2025 04:11:33.225] [main/DEBUG] [io.netty.util.internal.PlatformDependent/]: -Dio.netty.tmpdir: /tmp (java.io.tmpdir)
[09Dec2025 04:11:33.225] [main/DEBUG] [io.netty.util.internal.PlatformDependent/]: -Dio.netty.bitMode: 64 (sun.arch.data.model)
[09Dec2025 04:11:33.225] [main/DEBUG] [io.netty.util.internal.PlatformDependent/]: -Dio.netty.maxDirectMemory: -1 bytes
[09Dec2025 04:11:33.225] [main/DEBUG] [io.netty.util.internal.PlatformDependent/]: -Dio.netty.uninitializedArrayAllocationThreshold: -1
[09Dec2025 04:11:33.226] [main/DEBUG] [io.netty.util.internal.CleanerJava9/]: java.nio.ByteBuffer.cleaner(): available
[09Dec2025 04:11:33.226] [main/DEBUG] [io.netty.util.internal.PlatformDependent/]: -Dio.netty.noPreferDirect: false
[09Dec2025 04:11:33.362] [main/DEBUG] [mixin/]: Mixing FallingBlockEntityMixin from apotheosis.mixins.json into net.minecraft.world.entity.item.FallingBlockEntity
[09Dec2025 04:11:33.437] [main/DEBUG] [mixin/]: Mixing util.inventory_change_listening.StackListReplacementTracking$InventoryChangeTrackingDispenserBlockEntity from lithium.mixins.json into net.minecraft.world.level.block.entity.DispenserBlockEntity
[09Dec2025 04:11:33.437] [main/DEBUG] [mixin/]: lithium.mixins.json:util.inventory_change_listening.StackListReplacementTracking$InventoryChangeTrackingDispenserBlockEntity: Class version 61 required is higher than the class version supported by the current version of Mixin (JAVA_16 supports class version 60)
[09Dec2025 04:11:33.443] [main/DEBUG] [mixin/]: Mixing util.inventory_change_listening.LockableContainerBlockEntityMixin from lithium.mixins.json into net.minecraft.world.level.block.entity.BaseContainerBlockEntity
[09Dec2025 04:11:33.443] [main/DEBUG] [mixin/]: lithium.mixins.json:util.inventory_change_listening.LockableContainerBlockEntityMixin: Class version 61 required is higher than the class version supported by the current version of Mixin (JAVA_16 supports class version 60)
[09Dec2025 04:11:33.443] [main/DEBUG] [mixin/]: Renaming synthetic method lambda$emitFirstComparatorAdded$0(Lme/jellysquid/mods/lithium/common/block/entity/inventory_change_tracking/InventoryChangeListener;)Z to mddb3497$lambda$emitFirstComparatorAdded$0$0 in lithium.mixins.json:util.inventory_change_listening.LockableContainerBlockEntityMixin
[09Dec2025 04:11:33.449] [main/DEBUG] [mixin/]: Mixing util.inventory_change_listening.StackListReplacementTracking$StackListReplacementTrackingLockableContainerBlockEntity from lithium.mixins.json into net.minecraft.world.level.block.entity.BaseContainerBlockEntity
[09Dec2025 04:11:33.449] [main/DEBUG] [mixin/]: lithium.mixins.json:util.inventory_change_listening.StackListReplacementTracking$StackListReplacementTrackingLockableContainerBlockEntity: Class version 61 required is higher than the class version supported by the current version of Mixin (JAVA_16 supports class version 60)
[09Dec2025 04:11:33.617] [main/DEBUG] [mixin/]: Mixing math.fast_util.AxisCycleDirectionMixin$ForwardMixin from lithium.mixins.json into net.minecraft.core.AxisCycle$2
[09Dec2025 04:11:33.617] [main/DEBUG] [mixin/]: lithium.mixins.json:math.fast_util.AxisCycleDirectionMixin$ForwardMixin: Class version 61 required is higher than the class version supported by the current version of Mixin (JAVA_16 supports class version 60)
[09Dec2025 04:11:33.626] [main/DEBUG] [mixin/]: Mixing math.fast_util.AxisCycleDirectionMixin$BackwardMixin from lithium.mixins.json into net.minecraft.core.AxisCycle$3
[09Dec2025 04:11:33.626] [main/DEBUG] [mixin/]: lithium.mixins.json:math.fast_util.AxisCycleDirectionMixin$BackwardMixin: Class version 61 required is higher than the class version supported by the current version of Mixin (JAVA_16 supports class version 60)
[09Dec2025 04:11:33.674] [main/DEBUG] [mixin/]: Mixing entity.collisions.unpushable_cramming.AbstractMinecartEntityMixin from lithium.mixins.json into net.minecraft.world.entity.vehicle.AbstractMinecart
[09Dec2025 04:11:33.677] [main/DEBUG] [mixin/]: lithium.mixins.json:entity.collisions.unpushable_cramming.AbstractMinecartEntityMixin: Class version 61 required is higher than the class version supported by the current version of Mixin (JAVA_16 supports class version 60)
[09Dec2025 04:11:33.678] [main/DEBUG] [mixin/]: Mixing entity.replace_entitytype_predicates.AbstractMinecartEntityMixin from lithium.mixins.json into net.minecraft.world.entity.vehicle.AbstractMinecart
[09Dec2025 04:11:33.678] [main/DEBUG] [mixin/]: lithium.mixins.json:entity.replace_entitytype_predicates.AbstractMinecartEntityMixin: Class version 61 required is higher than the class version supported by the current version of Mixin (JAVA_16 supports class version 60)
[09Dec2025 04:11:33.678] [main/DEBUG] [mixin/]: Renaming synthetic method lambda$getOtherAbstractMinecarts$0(Lnet/minecraft/world/entity/Entity;Lnet/minecraft/world/entity/vehicle/AbstractMinecart;)Z to mddb3497$lambda$getOtherAbstractMinecarts$0$0 in lithium.mixins.json:entity.replace_entitytype_predicates.AbstractMinecartEntityMixin
[09Dec2025 04:11:33.724] [main/DEBUG] [mixin/]: Mixing math.fast_util.BoxMixin from lithium.mixins.json into net.minecraft.world.phys.AABB
[09Dec2025 04:11:33.724] [main/DEBUG] [mixin/]: lithium.mixins.json:math.fast_util.BoxMixin: Class version 61 required is higher than the class version supported by the current version of Mixin (JAVA_16 supports class version 60)
[09Dec2025 04:11:33.769] [main/DEBUG] [mixin/]: Mixing block.moving_block_shapes.PistonBlockEntityMixin from lithium.mixins.json into net.minecraft.world.level.block.piston.PistonMovingBlockEntity
[09Dec2025 04:11:33.770] [main/DEBUG] [mixin/]: lithium.mixins.json:block.moving_block_shapes.PistonBlockEntityMixin: Class version 61 required is higher than the class version supported by the current version of Mixin (JAVA_16 supports class version 60)
[09Dec2025 04:11:33.877] [main/DEBUG] [mixin/]: Mixing util.inventory_change_listening.ChestBlockEntityMixin from lithium.mixins.json into net.minecraft.world.level.block.entity.ChestBlockEntity
[09Dec2025 04:11:33.877] [main/DEBUG] [mixin/]: lithium.mixins.json:util.inventory_change_listening.ChestBlockEntityMixin: Class version 61 required is higher than the class version supported by the current version of Mixin (JAVA_16 supports class version 60)
[09Dec2025 04:11:33.878] [main/DEBUG] [mixin/]: Mixing util.inventory_change_listening.StackListReplacementTracking$InventoryChangeTrackingChestBlockEntity from lithium.mixins.json into net.minecraft.world.level.block.entity.ChestBlockEntity
[09Dec2025 04:11:33.878] [main/DEBUG] [mixin/]: lithium.mixins.json:util.inventory_change_listening.StackListReplacementTracking$InventoryChangeTrackingChestBlockEntity: Class version 61 required is higher than the class version supported by the current version of Mixin (JAVA_16 supports class version 60)
[09Dec2025 04:11:33.913] [main/DEBUG] [mixin/]: Mixing AbstractContainerMenuInvoker from placebo.mixins.json into net.minecraft.world.inventory.AbstractContainerMenu
[09Dec2025 04:11:33.922] [main/DEBUG] [mixin/]: Mixing util.inventory_change_listening.StackListReplacementTracking$InventoryChangeTrackingAbstractFurnaceBlockEntity from lithium.mixins.json into net.minecraft.world.level.block.entity.AbstractFurnaceBlockEntity
[09Dec2025 04:11:33.922] [main/DEBUG] [mixin/]: lithium.mixins.json:util.inventory_change_listening.StackListReplacementTracking$InventoryChangeTrackingAbstractFurnaceBlockEntity: Class version 61 required is higher than the class version supported by the current version of Mixin (JAVA_16 supports class version 60)
[09Dec2025 04:11:33.922] [main/DEBUG] [mixin/]: Mixing AbstractFurnaceBlockEntityAccessor from vampirism.mixins.json into net.minecraft.world.level.block.entity.AbstractFurnaceBlockEntity
[09Dec2025 04:11:33.923] [main/DEBUG] [mixin/]: Renaming @Invoker method getTotalCookTime(Lnet/minecraft/world/level/Level;Lnet/minecraft/world/level/block/entity/AbstractFurnaceBlockEntity;)I to getTotalCookTime_$md$db3497$0 in vampirism.mixins.json:AbstractFurnaceBlockEntityAccessor
[09Dec2025 04:11:34.064] [main/DEBUG] [mixin/]: Mixing util.inventory_change_listening.StackListReplacementTracking$InventoryChangeTrackingBrewingStandBlockEntity from lithium.mixins.json into net.minecraft.world.level.block.entity.BrewingStandBlockEntity
[09Dec2025 04:11:34.064] [main/DEBUG] [mixin/]: lithium.mixins.json:util.inventory_change_listening.StackListReplacementTracking$InventoryChangeTrackingBrewingStandBlockEntity: Class version 61 required is higher than the class version supported by the current version of Mixin (JAVA_16 supports class version 60)
[09Dec2025 04:11:34.087] [main/DEBUG] [mixin/]: Mixing BeaconBlockEntityMixin from vampirism.mixins.json into net.minecraft.world.level.block.entity.BeaconBlockEntity
[09Dec2025 04:11:34.087] [main/DEBUG] [mixin/]: Renaming @Invoker method applyEffects(Lnet/minecraft/world/level/Level;Lnet/minecraft/core/BlockPos;ILnet/minecraft/world/effect/MobEffect;Lnet/minecraft/world/effect/MobEffect;)V to applyEffects_$md$db3497$0 in vampirism.mixins.json:BeaconBlockEntityMixin
[09Dec2025 04:11:34.144] [main/DEBUG] [net.minecraftforge.coremod.transformer.CoreModBaseTransformer/COREMOD]: Transforming net/minecraft/world/inventory/AnvilMenu
[09Dec2025 04:11:34.191] [main/INFO] [net.minecraftforge.coremod.CoreMod.apotheosis/COREMODLOG]: Replaced 2 calls to Enchantment#getMaxLevel() in net/minecraft/world/inventory/AnvilMenu
[09Dec2025 04:11:34.192] [main/DEBUG] [mixin/]: Mixing AnvilMenuMixin from apotheosis.mixins.json into net.minecraft.world.inventory.AnvilMenu
[09Dec2025 04:11:34.203] [main/DEBUG] [mixin/]: Mixing DamageSourceMixin from apotheosis.mixins.json into net.minecraft.world.damagesource.DamageSource
[09Dec2025 04:11:34.212] [main/DEBUG] [mixin/]: Mixing entity.replace_entitytype_predicates.ItemFrameEntityMixin from lithium.mixins.json into net.minecraft.world.entity.decoration.ItemFrame
[09Dec2025 04:11:34.213] [main/DEBUG] [mixin/]: lithium.mixins.json:entity.replace_entitytype_predicates.ItemFrameEntityMixin: Class version 61 required is higher than the class version supported by the current version of Mixin (JAVA_16 supports class version 60)
[09Dec2025 04:11:34.214] [main/DEBUG] [mixin/]: Renaming synthetic method lambda$getAbstractDecorationEntities$0(Lnet/minecraft/world/entity/Entity;Lnet/minecraft/world/entity/decoration/HangingEntity;)Z to mddb3497$lambda$getAbstractDecorationEntities$0$0 in lithium.mixins.json:entity.replace_entitytype_predicates.ItemFrameEntityMixin
[09Dec2025 04:11:34.221] [main/DEBUG] [mixin/]: Mixing entity.replace_entitytype_predicates.AbstractDecorationEntityMixin from lithium.mixins.json into net.minecraft.world.entity.decoration.HangingEntity
[09Dec2025 04:11:34.221] [main/DEBUG] [mixin/]: lithium.mixins.json:entity.replace_entitytype_predicates.AbstractDecorationEntityMixin: Class version 61 required is higher than the class version supported by the current version of Mixin (JAVA_16 supports class version 60)
[09Dec2025 04:11:34.221] [main/DEBUG] [mixin/]: Renaming synthetic method lambda$getAbstractDecorationEntities$0(Lnet/minecraft/world/entity/Entity;Lnet/minecraft/world/entity/decoration/HangingEntity;)Z to mddb3497$lambda$getAbstractDecorationEntities$0$0 in lithium.mixins.json:entity.replace_entitytype_predicates.AbstractDecorationEntityMixin
[09Dec2025 04:11:34.226] [main/DEBUG] [mixin/]: Mixing entity.hopper_minecart.HopperBlockEntityMixin from lithium.mixins.json into net.minecraft.world.level.block.entity.HopperBlockEntity
[09Dec2025 04:11:34.226] [main/DEBUG] [mixin/]: lithium.mixins.json:entity.hopper_minecart.HopperBlockEntityMixin: Class version 61 required is higher than the class version supported by the current version of Mixin (JAVA_16 supports class version 60)
[09Dec2025 04:11:34.228] [main/DEBUG] [mixin/]: Mixing util.inventory_change_listening.StackListReplacementTracking$InventoryChangeTrackingHopperBlockEntity from lithium.mixins.json into net.minecraft.world.level.block.entity.HopperBlockEntity
[09Dec2025 04:11:34.228] [main/DEBUG] [mixin/]: lithium.mixins.json:util.inventory_change_listening.StackListReplacementTracking$InventoryChangeTrackingHopperBlockEntity: Class version 61 required is higher than the class version supported by the current version of Mixin (JAVA_16 supports class version 60)
[09Dec2025 04:11:34.326] [main/DEBUG] [mixin/]: Mixing util.inventory_change_listening.StackListReplacementTracking$InventoryChangeTrackingShulkerBoxBlockEntity from lithium.mixins.json into net.minecraft.world.level.block.entity.ShulkerBoxBlockEntity
[09Dec2025 04:11:34.326] [main/DEBUG] [mixin/]: lithium.mixins.json:util.inventory_change_listening.StackListReplacementTracking$InventoryChangeTrackingShulkerBoxBlockEntity: Class version 61 required is higher than the class version supported by the current version of Mixin (JAVA_16 supports class version 60)
[09Dec2025 04:11:34.439] [main/DEBUG] [mixin/]: Mixing util.inventory_change_listening.StackListReplacementTracking$InventoryChangeTrackingBarrelBlockEntity from lithium.mixins.json into net.minecraft.world.level.block.entity.BarrelBlockEntity
[09Dec2025 04:11:34.439] [main/DEBUG] [mixin/]: lithium.mixins.json:util.inventory_change_listening.StackListReplacementTracking$InventoryChangeTrackingBarrelBlockEntity: Class version 61 required is higher than the class version supported by the current version of Mixin (JAVA_16 supports class version 60)
[09Dec2025 04:11:34.449] [main/DEBUG] [mixin/]: Mixing SmithingMenuMixin from apotheosis.mixins.json into net.minecraft.world.inventory.SmithingMenu
[09Dec2025 04:11:34.602] [main/DEBUG] [net.minecraftforge.coremod.transformer.CoreModBaseTransformer/COREMOD]: Transforming net/minecraft/world/entity/animal/frog/Tadpole
[09Dec2025 04:11:34.643] [main/DEBUG] [mixin/]: Mixing ArmorItemAccessor from vampirism.mixins.json into net.minecraft.world.item.ArmorItem
[09Dec2025 04:11:34.644] [main/DEBUG] [mixin/]: Renaming @Accessor method getModifierUUID_vampirism()Ljava/util/EnumMap; to getModifierUUID_vampirism_$md$db3497$0 in vampirism.mixins.json:ArmorItemAccessor
[09Dec2025 04:11:34.647] [main/DEBUG] [mixin/]: Mixing ArrowItemMixin from apotheosis.mixins.json into net.minecraft.world.item.ArrowItem
[09Dec2025 04:11:34.656] [main/DEBUG] [net.minecraftforge.coremod.transformer.CoreModBaseTransformer/COREMOD]: Transforming net/minecraft/world/item/BucketItem
[09Dec2025 04:11:34.670] [main/DEBUG] [mixin/]: Mixing ShearsItemMixin from apotheosis.mixins.json into net.minecraft.world.item.ShearsItem
[09Dec2025 04:11:34.681] [main/DEBUG] [net.minecraftforge.coremod.transformer.CoreModBaseTransformer/COREMOD]: Transforming net/minecraft/world/item/EnchantedBookItem
[09Dec2025 04:11:34.703] [main/DEBUG] [mixin/]: Mixing TridentItemMixin from apotheosis.mixins.json into net.minecraft.world.item.TridentItem
[09Dec2025 04:11:34.705] [main/DEBUG] [mixin/]: Mixing CrossbowItemMixin from apotheosis.mixins.json into net.minecraft.world.item.CrossbowItem
[09Dec2025 04:11:34.706] [main/DEBUG] [mixin/]: Mixing CrossbowItemMixin from vampirism.mixins.json into net.minecraft.world.item.CrossbowItem
[09Dec2025 04:11:34.706] [main/DEBUG] [mixin/]: Renaming @Invoker method getChargedProjectiles(Lnet/minecraft/world/item/ItemStack;)Ljava/util/List; to getChargedProjectiles_$md$db3497$0 in vampirism.mixins.json:CrossbowItemMixin
[09Dec2025 04:11:34.706] [main/DEBUG] [mixin/]: Renaming @Invoker method getShotPitches(Lnet/minecraft/util/RandomSource;)[F to getShotPitches_$md$db3497$1 in vampirism.mixins.json:CrossbowItemMixin
[09Dec2025 04:11:34.706] [main/DEBUG] [mixin/]: Renaming @Invoker method onCrossbowShot(Lnet/minecraft/world/level/Level;Lnet/minecraft/world/entity/LivingEntity;Lnet/minecraft/world/item/ItemStack;)V to onCrossbowShot_$md$db3497$2 in vampirism.mixins.json:CrossbowItemMixin
[09Dec2025 04:11:34.706] [main/DEBUG] [mixin/]: Renaming @Invoker method getArrow(Lnet/minecraft/world/level/Level;Lnet/minecraft/world/entity/LivingEntity;Lnet/minecraft/world/item/ItemStack;Lnet/minecraft/world/item/ItemStack;)Lnet/minecraft/world/entity/projectile/AbstractArrow; to getArrow_$md$db3497$3 in vampirism.mixins.json:CrossbowItemMixin
[09Dec2025 04:11:34.706] [main/DEBUG] [mixin/]: Renaming @Invoker method addChargedProjectile(Lnet/minecraft/world/item/ItemStack;Lnet/minecraft/world/item/ItemStack;)V to addChargedProjectile_$md$db3497$4 in vampirism.mixins.json:CrossbowItemMixin
[09Dec2025 04:11:34.755] [main/DEBUG] [mixin/]: Mixing perf.ticking_chunk_alloc.ChunkAccessMixin from modernfix-common.mixins.json into net.minecraft.world.level.chunk.ChunkAccess
[09Dec2025 04:11:34.759] [main/DEBUG] [mixin/]: Mixing world.inline_block_access.WorldChunkMixin from lithium.mixins.json into net.minecraft.world.level.chunk.LevelChunk
[09Dec2025 04:11:34.759] [main/DEBUG] [mixin/]: lithium.mixins.json:world.inline_block_access.WorldChunkMixin: Class version 61 required is higher than the class version supported by the current version of Mixin (JAVA_16 supports class version 60)
[09Dec2025 04:11:34.760] [main/DEBUG] [mixin/]: Mixing collections.block_entity_tickers.WorldChunkMixin from lithium.mixins.json into net.minecraft.world.level.chunk.LevelChunk
[09Dec2025 04:11:34.760] [main/DEBUG] [mixin/]: lithium.mixins.json:collections.block_entity_tickers.WorldChunkMixin: Class version 61 required is higher than the class version supported by the current version of Mixin (JAVA_16 supports class version 60)
[09Dec2025 04:11:34.761] [main/DEBUG] [mixin/]: Mixing world.combined_heightmap_update.WorldChunkMixin from lithium.mixins.json into net.minecraft.world.level.chunk.LevelChunk
[09Dec2025 04:11:34.761] [main/DEBUG] [mixin/]: lithium.mixins.json:world.combined_heightmap_update.WorldChunkMixin: Class version 61 required is higher than the class version supported by the current version of Mixin (JAVA_16 supports class version 60)
[09Dec2025 04:11:34.762] [main/DEBUG] [mixin/]: Mixing world.inline_height.WorldChunkMixin from lithium.mixins.json into net.minecraft.world.level.chunk.LevelChunk
[09Dec2025 04:11:34.762] [main/DEBUG] [mixin/]: lithium.mixins.json:world.inline_height.WorldChunkMixin: Class version 61 required is higher than the class version supported by the current version of Mixin (JAVA_16 supports class version 60)
[09Dec2025 04:11:34.782] [main/DEBUG] [mixin/]: Mixing entity.inactive_navigations.EntityNavigationMixin from lithium.mixins.json into net.minecraft.world.entity.ai.navigation.PathNavigation
[09Dec2025 04:11:34.783] [main/DEBUG] [mixin/]: lithium.mixins.json:entity.inactive_navigations.EntityNavigationMixin: Class version 61 required is higher than the class version supported by the current version of Mixin (JAVA_16 supports class version 60)
[09Dec2025 04:11:34.800] [main/DEBUG] [mixin/]: Mixing perf.dynamic_dfu.EntityTypeBuilderMixin from modernfix-common.mixins.json into net.minecraft.world.entity.EntityType$Builder
[09Dec2025 04:11:34.807] [main/DEBUG] [mixin/]: Mixing AreaEffectCloudMixin from vampirism.mixins.json into net.minecraft.world.entity.AreaEffectCloud
[09Dec2025 04:11:34.864] [main/DEBUG] [mixin/]: Mixing entity.replace_entitytype_predicates.ArmorStandEntityMixin from lithium.mixins.json into net.minecraft.world.entity.decoration.ArmorStand
[09Dec2025 04:11:34.864] [main/DEBUG] [mixin/]: lithium.mixins.json:entity.replace_entitytype_predicates.ArmorStandEntityMixin: Class version 61 required is higher than the class version supported by the current version of Mixin (JAVA_16 supports class version 60)
[09Dec2025 04:11:34.864] [main/DEBUG] [mixin/]: Renaming synthetic method lambda$getMinecartsDirectly$0(Lnet/minecraft/world/entity/Entity;Lnet/minecraft/world/entity/Entity;)Z to mddb3497$lambda$getMinecartsDirectly$0$0 in lithium.mixins.json:entity.replace_entitytype_predicates.ArmorStandEntityMixin
[09Dec2025 04:11:34.864] [main/DEBUG] [mixin/]: Mixing entity.skip_equipment_change_check.ArmorStandEntityMixin from lithium.mixins.json into net.minecraft.world.entity.decoration.ArmorStand
[09Dec2025 04:11:34.864] [main/DEBUG] [mixin/]: lithium.mixins.json:entity.skip_equipment_change_check.ArmorStandEntityMixin: Class version 61 required is higher than the class version supported by the current version of Mixin (JAVA_16 supports class version 60)
[09Dec2025 04:11:34.884] [main/DEBUG] [mixin/]: Mixing perf.ticking_chunk_alloc.BatMixin from modernfix-common.mixins.json into net.minecraft.world.entity.ambient.Bat
[09Dec2025 04:11:34.899] [main/DEBUG] [mixin/]: Mixing TemptGoalMixin from apotheosis.mixins.json into net.minecraft.world.entity.ai.goal.TemptGoal
[09Dec2025 04:11:34.905] [main/DEBUG] [mixin/]: Mixing NearestAttackableTargetGoalMixin from attributeslib.mixins.json into net.minecraft.world.entity.ai.goal.target.NearestAttackableTargetGoal
[09Dec2025 04:11:34.906] [main/DEBUG] [mixin/]: Mixing NearestAttackableTargetGoalMixin from vampirism.mixins.json into net.minecraft.world.entity.ai.goal.target.NearestAttackableTargetGoal
[09Dec2025 04:11:34.907] [main/DEBUG] [mixin/]: Renaming synthetic method lambda$static$1(Lnet/minecraft/world/entity/LivingEntity;)Z to mddb3497$lambda$static$1$0 in vampirism.mixins.json:NearestAttackableTargetGoalMixin
[09Dec2025 04:11:34.907] [main/DEBUG] [mixin/]: Renaming synthetic method lambda$static$0(Lnet/minecraft/world/entity/LivingEntity;)Z to mddb3497$lambda$static$0$1 in vampirism.mixins.json:NearestAttackableTargetGoalMixin
[09Dec2025 04:11:34.920] [main/DEBUG] [mixin/]: Mixing entity.collisions.unpushable_cramming.BoatEntityMixin from lithium.mixins.json into net.minecraft.world.entity.vehicle.Boat
[09Dec2025 04:11:34.920] [main/DEBUG] [mixin/]: lithium.mixins.json:entity.collisions.unpushable_cramming.BoatEntityMixin: Class version 61 required is higher than the class version supported by the current version of Mixin (JAVA_16 supports class version 60)
[09Dec2025 04:11:34.947] [main/DEBUG] [net.minecraftforge.coremod.transformer.CoreModBaseTransformer/COREMOD]: Transforming net/minecraft/world/entity/monster/Spider
[09Dec2025 04:11:35.009] [main/DEBUG] [mixin/]: Mixing entity.inactive_navigations.DrownedEntityMixin from lithium.mixins.json into net.minecraft.world.entity.monster.Drowned
[09Dec2025 04:11:35.010] [main/DEBUG] [net.minecraftforge.coremod.transformer.CoreModBaseTransformer/COREMOD]: Transforming net/minecraft/world/entity/monster/Zombie
[09Dec2025 04:11:35.124] [main/DEBUG] [mixin/]: lithium.mixins.json:entity.inactive_navigations.DrownedEntityMixin: Class version 61 required is higher than the class version supported by the current version of Mixin (JAVA_16 supports class version 60)
[09Dec2025 04:11:35.129] [main/DEBUG] [net.minecraftforge.coremod.transformer.CoreModBaseTransformer/COREMOD]: Transforming net/minecraft/world/entity/monster/Zombie
[09Dec2025 04:11:35.236] [main/DEBUG] [net.minecraftforge.coremod.transformer.CoreModBaseTransformer/COREMOD]: Transforming net/minecraft/world/entity/monster/ZombieVillager
[09Dec2025 04:11:35.307] [main/DEBUG] [mixin/]: Mixing ThrownTridentMixin from attributeslib.mixins.json into net.minecraft.world.entity.projectile.ThrownTrident
[09Dec2025 04:11:35.309] [main/DEBUG] [mixin/]: Mixing ThrownTridentMixin from apotheosis.mixins.json into net.minecraft.world.entity.projectile.ThrownTrident
[09Dec2025 04:11:35.322] [main/DEBUG] [mixin/]: Mixing entity.inactive_navigations.DrownedEntityLeaveWaterGoalMixin from lithium.mixins.json into net.minecraft.world.entity.monster.Drowned$DrownedGoToBeachGoal
[09Dec2025 04:11:35.323] [main/DEBUG] [mixin/]: lithium.mixins.json:entity.inactive_navigations.DrownedEntityLeaveWaterGoalMixin: Class version 61 required is higher than the class version supported by the current version of Mixin (JAVA_16 supports class version 60)
[09Dec2025 04:11:35.344] [main/DEBUG] [mixin/]: Mixing ai.raid.RaiderEntityMixin from lithium.mixins.json into net.minecraft.world.entity.raid.Raider
[09Dec2025 04:11:35.345] [main/DEBUG] [mixin/]: lithium.mixins.json:ai.raid.RaiderEntityMixin: Class version 61 required is higher than the class version supported by the current version of Mixin (JAVA_16 supports class version 60)
[09Dec2025 04:11:35.345] [main/DEBUG] [mixin/]: Renaming synthetic method lambda$static$0(Lnet/minecraft/world/entity/item/ItemEntity;)Z to mddb3497$lambda$static$0$0 in lithium.mixins.json:ai.raid.RaiderEntityMixin
[09Dec2025 04:11:35.351] [main/DEBUG] [mixin/]: Mixing ai.raid.PickupBannerAsLeaderGoalMixin from lithium.mixins.json into net.minecraft.world.entity.raid.Raider$ObtainRaidLeaderBannerGoal
[09Dec2025 04:11:35.352] [main/DEBUG] [mixin/]: lithium.mixins.json:ai.raid.PickupBannerAsLeaderGoalMixin: Class version 61 required is higher than the class version supported by the current version of Mixin (JAVA_16 supports class version 60)
[09Dec2025 04:11:35.355] [main/DEBUG] [mixin/]: Mixing ai.poi.tasks.RaiderEntityAttackHomeGoalMixin from lithium.mixins.json into net.minecraft.world.entity.raid.Raider$RaiderMoveThroughVillageGoal
[09Dec2025 04:11:35.355] [main/DEBUG] [mixin/]: lithium.mixins.json:ai.poi.tasks.RaiderEntityAttackHomeGoalMixin: Class version 61 required is higher than the class version supported by the current version of Mixin (JAVA_16 supports class version 60)
[09Dec2025 04:11:35.359] [main/DEBUG] [net.minecraftforge.coremod.transformer.CoreModBaseTransformer/COREMOD]: Transforming net/minecraft/world/entity/monster/Evoker$EvokerSummonSpellGoal
[09Dec2025 04:11:35.421] [main/DEBUG] [mixin/]: Mixing entity.replace_entitytype_predicates.IronGolemWanderAroundGoalMixin from lithium.mixins.json into net.minecraft.world.entity.ai.goal.GolemRandomStrollInVillageGoal
[09Dec2025 04:11:35.421] [main/DEBUG] [mixin/]: lithium.mixins.json:entity.replace_entitytype_predicates.IronGolemWanderAroundGoalMixin: Class version 61 required is higher than the class version supported by the current version of Mixin (JAVA_16 supports class version 60)
[09Dec2025 04:11:35.424] [main/DEBUG] [net.minecraftforge.coremod.transformer.CoreModBaseTransformer/COREMOD]: Transforming net/minecraft/world/entity/npc/Villager
[09Dec2025 04:11:35.557] [main/DEBUG] [mixin/]: Mixing entity.replace_entitytype_predicates.FormCaravanGoalMixin from lithium.mixins.json into net.minecraft.world.entity.ai.goal.LlamaFollowCaravanGoal
[09Dec2025 04:11:35.557] [main/DEBUG] [mixin/]: lithium.mixins.json:entity.replace_entitytype_predicates.FormCaravanGoalMixin: Class version 61 required is higher than the class version supported by the current version of Mixin (JAVA_16 supports class version 60)
[09Dec2025 04:11:35.557] [main/DEBUG] [mixin/]: Renaming synthetic method lambda$getLlamasForCaravan$0(Lnet/minecraft/world/entity/Entity;Lnet/minecraft/world/entity/animal/horse/Llama;)Z to mddb3497$lambda$getLlamasForCaravan$0$0 in lithium.mixins.json:entity.replace_entitytype_predicates.FormCaravanGoalMixin
[09Dec2025 04:11:35.563] [main/DEBUG] [mixin/]: Mixing SlimeMixin from apotheosis.mixins.json into net.minecraft.world.entity.monster.Slime
[09Dec2025 04:11:35.605] [main/DEBUG] [mixin/]: Mixing ThrowablePotionMixin from vampirism.mixins.json into net.minecraft.world.entity.projectile.ThrownPotion
[09Dec2025 04:11:35.621] [main/DEBUG] [mixin/]: Mixing SheepMixin from apotheosis.mixins.json into net.minecraft.world.entity.animal.Sheep
[09Dec2025 04:11:35.638] [main/DEBUG] [net.minecraftforge.coremod.transformer.CoreModBaseTransformer/COREMOD]: Transforming net/minecraft/world/entity/animal/horse/SkeletonTrapGoal
[09Dec2025 04:11:35.679] [main/DEBUG] [net.minecraftforge.coremod.transformer.CoreModBaseTransformer/COREMOD]: Transforming net/minecraft/world/entity/monster/Strider
[09Dec2025 04:11:35.779] [main/DEBUG] [mixin/]: Mixing entity.data_tracker.use_arrays.DataTrackerMixin from lithium.mixins.json into net.minecraft.network.syncher.SynchedEntityData
[09Dec2025 04:11:35.780] [main/DEBUG] [mixin/]: lithium.mixins.json:entity.data_tracker.use_arrays.DataTrackerMixin: Class version 61 required is higher than the class version supported by the current version of Mixin (JAVA_16 supports class version 60)
[09Dec2025 04:11:35.790] [main/DEBUG] [mixin/]: Mixing entity.data_tracker.no_locks.DataTrackerMixin from lithium.mixins.json into net.minecraft.network.syncher.SynchedEntityData
[09Dec2025 04:11:35.790] [main/DEBUG] [mixin/]: lithium.mixins.json:entity.data_tracker.no_locks.DataTrackerMixin: Class version 61 required is higher than the class version supported by the current version of Mixin (JAVA_16 supports class version 60)
[09Dec2025 04:11:35.808] [main/DEBUG] [mixin/]: Mixing ai.sensor.secondary_poi.SecondaryPointsOfInterestSensorMixin from lithium.mixins.json into net.minecraft.world.entity.ai.sensing.SecondaryPoiSensor
[09Dec2025 04:11:35.811] [main/DEBUG] [mixin/]: lithium.mixins.json:ai.sensor.secondary_poi.SecondaryPointsOfInterestSensorMixin: Class version 61 required is higher than the class version supported by the current version of Mixin (JAVA_16 supports class version 60)
[09Dec2025 04:11:35.826] [main/DEBUG] [mixin/]: Mixing util.world_border_listener.WorldBorderMixin from lithium.mixins.json into net.minecraft.world.level.border.WorldBorder
[09Dec2025 04:11:35.827] [main/DEBUG] [mixin/]: lithium.mixins.json:util.world_border_listener.WorldBorderMixin: Class version 61 required is higher than the class version supported by the current version of Mixin (JAVA_16 supports class version 60)
[09Dec2025 04:11:35.853] [main/DEBUG] [net.minecraftforge.coremod.transformer.CoreModBaseTransformer/COREMOD]: Transforming net/minecraft/world/entity/npc/Villager
[09Dec2025 04:11:35.969] [main/DEBUG] [net.minecraftforge.coremod.transformer.CoreModBaseTransformer/COREMOD]: Transforming m_37145_ with desc (Lnet/minecraft/core/BlockPos;)V
[09Dec2025 04:11:35.977] [main/INFO] [net.minecraftforge.coremod.CoreMod.apotheosis/COREMODLOG]: Patching FishingHook#catchingFish
[09Dec2025 04:11:35.988] [main/DEBUG] [mixin/]: Mixing entity.collisions.unpushable_cramming.EntityPredicatesMixin from lithium.mixins.json into net.minecraft.world.entity.EntitySelector
[09Dec2025 04:11:35.989] [main/DEBUG] [mixin/]: lithium.mixins.json:entity.collisions.unpushable_cramming.EntityPredicatesMixin: Class version 61 required is higher than the class version supported by the current version of Mixin (JAVA_16 supports class version 60)
[09Dec2025 04:11:35.996] [main/DEBUG] [mixin/]: Mixing perf.faster_ingredients.IngredientMixin from modernfix-forge.mixins.json into net.minecraft.world.item.crafting.Ingredient
[09Dec2025 04:11:35.996] [main/DEBUG] [mixin/]: Renaming synthetic method lambda$computeItemsArray$1(I)[Lnet/minecraft/world/item/ItemStack; to mddb3497$lambda$computeItemsArray$1$0 in modernfix-forge.mixins.json:perf.faster_ingredients.IngredientMixin
[09Dec2025 04:11:35.996] [main/DEBUG] [mixin/]: Renaming synthetic method lambda$modernfix$fasterTagIngredientStacking$0(Lnet/minecraft/core/Holder;)I to mddb3497$lambda$modernfix$fasterTagIngredientStacking$0$1 in modernfix-forge.mixins.json:perf.faster_ingredients.IngredientMixin
[09Dec2025 04:11:36.006] [main/DEBUG] [mixin/]: Mixing IngredientAccessor from vampirism.mixins.json into net.minecraft.world.item.crafting.Ingredient
[09Dec2025 04:11:36.007] [main/DEBUG] [mixin/]: Mixing perf.smart_ingredient_sync.IngredientMixin from modernfix-forge.mixins.json into net.minecraft.world.item.crafting.Ingredient
[09Dec2025 04:11:36.091] [main/DEBUG] [net.minecraftforge.coremod.transformer.CoreModBaseTransformer/COREMOD]: Transforming net/minecraft/world/effect/MobEffectInstance
[09Dec2025 04:11:36.094] [main/DEBUG] [mixin/]: Mixing MixinMobEffectInstance from vampirism.mixins.json into net.minecraft.world.effect.MobEffectInstance
[09Dec2025 04:11:36.143] [main/DEBUG] [mixin/]: Mixing bugfix.forge_vehicle_packets.ServerGamePacketListenerImplMixin from modernfix-forge.mixins.json into net.minecraft.server.network.ServerGamePacketListenerImpl
[09Dec2025 04:11:36.165] [main/DEBUG] [mixin/]: Mixing MixinPotionBrewing from vampirism.mixins.json into net.minecraft.world.item.alchemy.PotionBrewing
[09Dec2025 04:11:36.165] [main/DEBUG] [mixin/]: Renaming synthetic method lambda$shouldBlockBrewing_vampirism$0(Ljava/util/List;)Ljava/util/Optional; to mddb3497$lambda$shouldBlockBrewing_vampirism$0$0 in vampirism.mixins.json:MixinPotionBrewing
[09Dec2025 04:11:36.173] [main/DEBUG] [mixin/]: Mixing alloc.nbt.NbtCompoundMixin from lithium.mixins.json into net.minecraft.nbt.CompoundTag
[09Dec2025 04:11:36.174] [main/DEBUG] [mixin/]: lithium.mixins.json:alloc.nbt.NbtCompoundMixin: Class version 61 required is higher than the class version supported by the current version of Mixin (JAVA_16 supports class version 60)
[09Dec2025 04:11:36.181] [main/DEBUG] [mixin/]: Mixing alloc.nbt.NbtCompoundMixin$Type from lithium.mixins.json into net.minecraft.nbt.CompoundTag$1
[09Dec2025 04:11:36.181] [main/DEBUG] [mixin/]: lithium.mixins.json:alloc.nbt.NbtCompoundMixin$Type: Class version 61 required is higher than the class version supported by the current version of Mixin (JAVA_16 supports class version 60)
[09Dec2025 04:11:36.288] [main/DEBUG] [mixin/]: Mixing world.combined_heightmap_update.HeightmapAccessor from lithium.mixins.json into net.minecraft.world.level.levelgen.Heightmap
[09Dec2025 04:11:36.288] [main/DEBUG] [mixin/]: lithium.mixins.json:world.combined_heightmap_update.HeightmapAccessor: Class version 61 required is higher than the class version supported by the current version of Mixin (JAVA_16 supports class version 60)
[09Dec2025 04:11:36.293] [main/DEBUG] [mixin/]: Mixing perf.cache_upgraded_structures.StructureManagerMixin from modernfix-common.mixins.json into net.minecraft.world.level.levelgen.structure.templatesystem.StructureTemplateManager
[09Dec2025 04:11:36.296] [main/DEBUG] [mixin/]: Mixing perf.dynamic_structure_manager.StructureManagerMixin from modernfix-common.mixins.json into net.minecraft.world.level.levelgen.structure.templatesystem.StructureTemplateManager
[09Dec2025 04:11:36.361] [main/DEBUG] [mixin/]: Mixing ShapedRecipeAccessor from vampirism.mixins.json into net.minecraft.world.item.crafting.ShapedRecipe
[09Dec2025 04:11:36.467] [main/DEBUG] [net.minecraftforge.coremod.transformer.CoreModBaseTransformer/COREMOD]: Transforming net/minecraft/world/level/storage/loot/functions/EnchantRandomlyFunction
[09Dec2025 04:11:36.527] [main/INFO] [net.minecraftforge.coremod.CoreMod.apotheosis/COREMODLOG]: Replaced 1 calls to Enchantment#getMaxLevel() in net/minecraft/world/level/storage/loot/functions/EnchantRandomlyFunction
[09Dec2025 04:11:36.527] [main/INFO] [net.minecraftforge.coremod.CoreMod.apotheosis/COREMODLOG]: Replaced 1 calls to Enchantment#isDiscoverable() in net/minecraft/world/level/storage/loot/functions/EnchantRandomlyFunction
[09Dec2025 04:11:36.622] [main/DEBUG] [mixin/]: Mixing collections.mob_spawning.PoolMixin from lithium.mixins.json into net.minecraft.util.random.WeightedRandomList
[09Dec2025 04:11:36.622] [main/DEBUG] [mixin/]: lithium.mixins.json:collections.mob_spawning.PoolMixin: Class version 61 required is higher than the class version supported by the current version of Mixin (JAVA_16 supports class version 60)
[09Dec2025 04:11:36.882] [main/DEBUG] [net.minecraftforge.coremod.transformer.CoreModBaseTransformer/COREMOD]: Transforming net/minecraft/world/level/levelgen/structure/Structure
[09Dec2025 04:11:36.926] [main/DEBUG] [net.minecraftforge.coremod.transformer.CoreModBaseTransformer/COREMOD]: Transforming net/minecraft/world/level/levelgen/structure/structures/OceanRuinPieces$OceanRuinPiece
[09Dec2025 04:11:36.957] [main/DEBUG] [net.minecraftforge.coremod.transformer.CoreModBaseTransformer/COREMOD]: Transforming net/minecraft/world/level/levelgen/structure/structures/SwampHutPiece
[09Dec2025 04:11:36.986] [main/DEBUG] [net.minecraftforge.coremod.transformer.CoreModBaseTransformer/COREMOD]: Transforming net/minecraft/world/level/levelgen/structure/structures/OceanMonumentPieces$OceanMonumentPiece
[09Dec2025 04:11:37.019] [main/DEBUG] [net.minecraftforge.coremod.transformer.CoreModBaseTransformer/COREMOD]: Transforming net/minecraft/world/level/levelgen/structure/structures/WoodlandMansionPieces$WoodlandMansionPiece
[09Dec2025 04:11:37.047] [main/DEBUG] [mixin/]: Mixing collections.mob_spawning.SpawnSettingsMixin from lithium.mixins.json into net.minecraft.world.level.biome.MobSpawnSettings
[09Dec2025 04:11:37.047] [main/DEBUG] [mixin/]: lithium.mixins.json:collections.mob_spawning.SpawnSettingsMixin: Class version 61 required is higher than the class version supported by the current version of Mixin (JAVA_16 supports class version 60)
[09Dec2025 04:11:37.158] [main/DEBUG] [net.minecraftforge.coremod.transformer.CoreModBaseTransformer/COREMOD]: Transforming net/minecraft/world/level/biome/Biome
[09Dec2025 04:11:37.159] [main/DEBUG] [mixin/]: Mixing world.chunk_ticking.spread_ice.BiomeMixin from lithium.mixins.json into net.minecraft.world.level.biome.Biome
[09Dec2025 04:11:37.159] [main/DEBUG] [mixin/]: lithium.mixins.json:world.chunk_ticking.spread_ice.BiomeMixin: Class version 61 required is higher than the class version supported by the current version of Mixin (JAVA_16 supports class version 60)
[09Dec2025 04:11:37.159] [main/DEBUG] [mixin/]: Mixing world.temperature_cache.BiomeMixin from lithium.mixins.json into net.minecraft.world.level.biome.Biome
[09Dec2025 04:11:37.159] [main/DEBUG] [mixin/]: lithium.mixins.json:world.temperature_cache.BiomeMixin: Class version 61 required is higher than the class version supported by the current version of Mixin (JAVA_16 supports class version 60)
[09Dec2025 04:11:37.159] [main/DEBUG] [mixin/]: Mixing perf.remove_biome_temperature_cache.BiomeMixin from modernfix-common.mixins.json into net.minecraft.world.level.biome.Biome
[09Dec2025 04:11:37.160] [main/WARN] [mixin/]: Method overwrite conflict for m_47505_ in modernfix-common.mixins.json:perf.remove_biome_temperature_cache.BiomeMixin, previously written by me.jellysquid.mods.lithium.mixin.world.temperature_cache.BiomeMixin. Skipping method.
[09Dec2025 04:11:37.163] [main/DEBUG] [mixin/]: Unexpected: Registered method m_47505_(Lnet/minecraft/core/BlockPos;)F in net.minecraft.world.level.biome.Biome was not merged
[09Dec2025 04:11:37.214] [main/DEBUG] [mixin/]: Mixing MultiNoiseBiomeSourceParameterListPresetAccessor from vampirism.mixins.json into net.minecraft.world.level.biome.MultiNoiseBiomeSourceParameterList$Preset
[09Dec2025 04:11:37.229] [main/DEBUG] [mixin/]: Mixing NoiseGeneratorSettingsMixin from vampirism.mixins.json into net.minecraft.world.level.levelgen.NoiseGeneratorSettings
[09Dec2025 04:11:37.516] [main/DEBUG] [net.minecraftforge.common.ForgeI18n/CORE]: Loading I18N data entries: 6430
[09Dec2025 04:11:37.532] [main/DEBUG] [net.minecraftforge.fml.ModWorkManager/LOADING]: Using 2 threads for parallel mod-loading
[09Dec2025 04:11:37.538] [main/DEBUG] [net.minecraftforge.fml.javafmlmod.FMLJavaModLanguageProvider/LOADING]: Loading FMLModContainer from classloader cpw.mods.modlauncher.TransformingClassLoader@6870c3c2 - got cpw.mods.cl.ModuleClassLoader@796d3c9f
[09Dec2025 04:11:37.539] [main/DEBUG] [net.minecraftforge.fml.javafmlmod.FMLModContainer/LOADING]: Creating FMLModContainer instance for dev.shadowsoffire.attributeslib.AttributesLib
[09Dec2025 04:11:37.541] [main/DEBUG] [net.minecraftforge.fml.javafmlmod.FMLJavaModLanguageProvider/LOADING]: Loading FMLModContainer from classloader cpw.mods.modlauncher.TransformingClassLoader@6870c3c2 - got cpw.mods.cl.ModuleClassLoader@796d3c9f
[09Dec2025 04:11:37.541] [main/DEBUG] [net.minecraftforge.fml.javafmlmod.FMLModContainer/LOADING]: Creating FMLModContainer instance for me.jellysquid.mods.lithium.common.LithiumMod
[09Dec2025 04:11:37.541] [main/DEBUG] [net.minecraftforge.fml.javafmlmod.FMLJavaModLanguageProvider/LOADING]: Loading FMLModContainer from classloader cpw.mods.modlauncher.TransformingClassLoader@6870c3c2 - got cpw.mods.cl.ModuleClassLoader@796d3c9f
[09Dec2025 04:11:37.542] [main/DEBUG] [net.minecraftforge.fml.javafmlmod.FMLModContainer/LOADING]: Creating FMLModContainer instance for com.llamalad7.mixinextras.platform.forge.MixinExtrasMod
[09Dec2025 04:11:37.542] [main/DEBUG] [net.minecraftforge.fml.javafmlmod.FMLJavaModLanguageProvider/LOADING]: Loading FMLModContainer from classloader cpw.mods.modlauncher.TransformingClassLoader@6870c3c2 - got cpw.mods.cl.ModuleClassLoader@796d3c9f
[09Dec2025 04:11:37.542] [main/DEBUG] [net.minecraftforge.fml.javafmlmod.FMLModContainer/LOADING]: Creating FMLModContainer instance for com.dodgeman.shw.SetHomeWaypoints
[09Dec2025 04:11:37.543] [main/DEBUG] [net.minecraftforge.fml.javafmlmod.FMLJavaModLanguageProvider/LOADING]: Loading FMLModContainer from classloader cpw.mods.modlauncher.TransformingClassLoader@6870c3c2 - got cpw.mods.cl.ModuleClassLoader@796d3c9f
[09Dec2025 04:11:37.543] [main/DEBUG] [net.minecraftforge.fml.javafmlmod.FMLModContainer/LOADING]: Creating FMLModContainer instance for com.bobmowzie.mowziesmobs.MowziesMobs
[09Dec2025 04:11:37.544] [main/DEBUG] [net.minecraftforge.fml.javafmlmod.FMLJavaModLanguageProvider/LOADING]: Loading FMLModContainer from classloader cpw.mods.modlauncher.TransformingClassLoader@6870c3c2 - got cpw.mods.cl.ModuleClassLoader@796d3c9f
[09Dec2025 04:11:37.544] [main/DEBUG] [net.minecraftforge.fml.javafmlmod.FMLModContainer/LOADING]: Creating FMLModContainer instance for net.raphimc.immediatelyfast.forge.ImmediatelyFastForge
[09Dec2025 04:11:37.544] [main/DEBUG] [net.minecraftforge.fml.javafmlmod.FMLJavaModLanguageProvider/LOADING]: Loading FMLModContainer from classloader cpw.mods.modlauncher.TransformingClassLoader@6870c3c2 - got cpw.mods.cl.ModuleClassLoader@796d3c9f
[09Dec2025 04:11:37.545] [main/DEBUG] [net.minecraftforge.fml.javafmlmod.FMLModContainer/LOADING]: Creating FMLModContainer instance for software.bernie.example.GeckoLibMod
[09Dec2025 04:11:37.545] [main/DEBUG] [net.minecraftforge.fml.javafmlmod.FMLJavaModLanguageProvider/LOADING]: Loading FMLModContainer from classloader cpw.mods.modlauncher.TransformingClassLoader@6870c3c2 - got cpw.mods.cl.ModuleClassLoader@796d3c9f
[09Dec2025 04:11:37.545] [main/DEBUG] [net.minecraftforge.fml.javafmlmod.FMLModContainer/LOADING]: Creating FMLModContainer instance for dev.shadowsoffire.apotheosis.Apotheosis
[09Dec2025 04:11:37.546] [main/DEBUG] [net.minecraftforge.fml.javafmlmod.FMLJavaModLanguageProvider/LOADING]: Loading FMLModContainer from classloader cpw.mods.modlauncher.TransformingClassLoader@6870c3c2 - got cpw.mods.cl.ModuleClassLoader@796d3c9f
[09Dec2025 04:11:37.546] [main/DEBUG] [net.minecraftforge.fml.javafmlmod.FMLModContainer/LOADING]: Creating FMLModContainer instance for malte0811.ferritecore.ModMainForge
[09Dec2025 04:11:37.547] [main/DEBUG] [net.minecraftforge.fml.javafmlmod.FMLJavaModLanguageProvider/LOADING]: Loading FMLModContainer from classloader cpw.mods.modlauncher.TransformingClassLoader@6870c3c2 - got cpw.mods.cl.ModuleClassLoader@796d3c9f
[09Dec2025 04:11:37.547] [main/DEBUG] [net.minecraftforge.fml.javafmlmod.FMLModContainer/LOADING]: Creating FMLModContainer instance for dev.isxander.culllessleaves.CullLessLeaves
[09Dec2025 04:11:37.547] [main/DEBUG] [net.minecraftforge.fml.javafmlmod.FMLJavaModLanguageProvider/LOADING]: Loading FMLModContainer from classloader cpw.mods.modlauncher.TransformingClassLoader@6870c3c2 - got cpw.mods.cl.ModuleClassLoader@796d3c9f
[09Dec2025 04:11:37.547] [main/DEBUG] [net.minecraftforge.fml.javafmlmod.FMLModContainer/LOADING]: Creating FMLModContainer instance for mezz.jei.forge.JustEnoughItems
[09Dec2025 04:11:37.548] [main/DEBUG] [net.minecraftforge.fml.javafmlmod.FMLJavaModLanguageProvider/LOADING]: Loading FMLModContainer from classloader cpw.mods.modlauncher.TransformingClassLoader@6870c3c2 - got cpw.mods.cl.ModuleClassLoader@796d3c9f
[09Dec2025 04:11:37.548] [main/DEBUG] [net.minecraftforge.fml.javafmlmod.FMLModContainer/LOADING]: Creating FMLModContainer instance for de.teamlapen.vampirism.VampirismMod
[09Dec2025 04:11:37.550] [main/DEBUG] [net.minecraftforge.fml.javafmlmod.FMLJavaModLanguageProvider/LOADING]: Loading FMLModContainer from classloader cpw.mods.modlauncher.TransformingClassLoader@6870c3c2 - got cpw.mods.cl.ModuleClassLoader@796d3c9f
[09Dec2025 04:11:37.550] [main/DEBUG] [net.minecraftforge.fml.javafmlmod.FMLModContainer/LOADING]: Creating FMLModContainer instance for de.teamlapen.lib.VampLib
[09Dec2025 04:11:37.550] [main/DEBUG] [net.minecraftforge.fml.javafmlmod.FMLJavaModLanguageProvider/LOADING]: Loading FMLModContainer from classloader cpw.mods.modlauncher.TransformingClassLoader@6870c3c2 - got cpw.mods.cl.ModuleClassLoader@796d3c9f
[09Dec2025 04:11:37.551] [main/DEBUG] [net.minecraftforge.fml.javafmlmod.FMLModContainer/LOADING]: Creating FMLModContainer instance for ru.vidtu.ksyxis.platform.KForge
[09Dec2025 04:11:37.551] [main/DEBUG] [net.minecraftforge.fml.javafmlmod.FMLJavaModLanguageProvider/LOADING]: Loading FMLModContainer from classloader cpw.mods.modlauncher.TransformingClassLoader@6870c3c2 - got cpw.mods.cl.ModuleClassLoader@796d3c9f
[09Dec2025 04:11:37.551] [main/DEBUG] [net.minecraftforge.fml.javafmlmod.FMLModContainer/LOADING]: Creating FMLModContainer instance for me.lucko.spark.forge.ForgeSparkMod
[09Dec2025 04:11:37.552] [main/DEBUG] [net.minecraftforge.fml.javafmlmod.FMLJavaModLanguageProvider/LOADING]: Loading FMLModContainer from classloader cpw.mods.modlauncher.TransformingClassLoader@6870c3c2 - got cpw.mods.cl.ModuleClassLoader@796d3c9f
[09Dec2025 04:11:37.552] [main/DEBUG] [net.minecraftforge.fml.javafmlmod.FMLModContainer/LOADING]: Creating FMLModContainer instance for net.minecraftforge.common.ForgeMod
[09Dec2025 04:11:37.555] [main/DEBUG] [net.minecraftforge.fml.javafmlmod.FMLJavaModLanguageProvider/LOADING]: Loading FMLModContainer from classloader cpw.mods.modlauncher.TransformingClassLoader@6870c3c2 - got cpw.mods.cl.ModuleClassLoader@796d3c9f
[09Dec2025 04:11:37.556] [main/DEBUG] [net.minecraftforge.fml.javafmlmod.FMLModContainer/LOADING]: Creating FMLModContainer instance for me.jellysquid.mods.sodium.client.SodiumClientMod
[09Dec2025 04:11:37.556] [main/DEBUG] [net.minecraftforge.fml.javafmlmod.FMLJavaModLanguageProvider/LOADING]: Loading FMLModContainer from classloader cpw.mods.modlauncher.TransformingClassLoader@6870c3c2 - got cpw.mods.cl.ModuleClassLoader@796d3c9f
[09Dec2025 04:11:37.556] [main/DEBUG] [net.minecraftforge.fml.javafmlmod.FMLModContainer/LOADING]: Creating FMLModContainer instance for me.jellysquid.mods.sodium.client.RubidiumStub
[09Dec2025 04:11:37.557] [main/DEBUG] [net.minecraftforge.fml.javafmlmod.FMLJavaModLanguageProvider/LOADING]: Loading FMLModContainer from classloader cpw.mods.modlauncher.TransformingClassLoader@6870c3c2 - got cpw.mods.cl.ModuleClassLoader@796d3c9f
[09Dec2025 04:11:37.557] [main/DEBUG] [net.minecraftforge.fml.javafmlmod.FMLModContainer/LOADING]: Creating FMLModContainer instance for dev.shadowsoffire.placebo.Placebo
[09Dec2025 04:11:37.557] [main/DEBUG] [net.minecraftforge.fml.javafmlmod.FMLJavaModLanguageProvider/LOADING]: Loading FMLModContainer from classloader cpw.mods.modlauncher.TransformingClassLoader@6870c3c2 - got cpw.mods.cl.ModuleClassLoader@796d3c9f
[09Dec2025 04:11:37.557] [main/DEBUG] [net.minecraftforge.fml.javafmlmod.FMLModContainer/LOADING]: Creating FMLModContainer instance for org.embeddedt.modernfix.forge.init.ModernFixForge
[09Dec2025 04:11:37.652] [modloading-worker-0/DEBUG] [net.minecraftforge.fml.javafmlmod.AutomaticEventSubscriber/LOADING]: Attempting to inject @EventBusSubscriber classes into the eventbus for radium
[09Dec2025 04:11:37.657] [modloading-worker-0/DEBUG] [mixin/]: Mixing perf.forge_registry_lambda.RegistryObjectMixin from modernfix-forge.mixins.json into net.minecraftforge.registries.RegistryObject
[09Dec2025 04:11:37.660] [modloading-worker-0/DEBUG] [net.minecraftforge.fml.javafmlmod.AutomaticEventSubscriber/LOADING]: Attempting to inject @EventBusSubscriber classes into the eventbus for mixinextras
[09Dec2025 04:11:37.683] [modloading-worker-0/DEBUG] [net.minecraftforge.fml.config.ConfigTracker/CONFIG]: Config file shw-server.toml for shw tracking
[09Dec2025 04:11:37.691] [modloading-worker-0/DEBUG] [net.minecraftforge.fml.javafmlmod.AutomaticEventSubscriber/LOADING]: Attempting to inject @EventBusSubscriber classes into the eventbus for shw
[09Dec2025 04:11:37.709] [modloading-worker-0/DEBUG] [mixin/]: Mixing GameTypeMixin from attributeslib.mixins.json into net.minecraft.world.level.GameType
[09Dec2025 04:11:37.733] [modloading-worker-0/DEBUG] [mixin/]: Mixing AttributeInstanceAccessor from attributeslib.mixins.json into net.minecraft.world.entity.ai.attributes.AttributeInstance
[09Dec2025 04:11:37.741] [modloading-worker-0/DEBUG] [mixin/]: Mixing ReloadableServerResourcesAccessor from vampirism.mixins.json into net.minecraft.server.ReloadableServerResources
[09Dec2025 04:11:37.741] [modloading-worker-0/DEBUG] [mixin/]: Mixing ServerResourcesMixin from placebo.mixins.json into net.minecraft.server.ReloadableServerResources
[09Dec2025 04:11:37.777] [modloading-worker-0/DEBUG] [net.minecraftforge.fml.javafmlmod.AutomaticEventSubscriber/LOADING]: Attempting to inject @EventBusSubscriber classes into the eventbus for attributeslib
[09Dec2025 04:11:37.780] [modloading-worker-0/DEBUG] [net.minecraftforge.fml.javafmlmod.AutomaticEventSubscriber/LOADING]: Attempting to inject @EventBusSubscriber classes into the eventbus for immediatelyfast
[09Dec2025 04:11:37.780] [modloading-worker-0/DEBUG] [net.minecraftforge.fml.javafmlmod.AutomaticEventSubscriber/LOADING]: Attempting to inject @EventBusSubscriber classes into the eventbus for geckolib
[09Dec2025 04:11:37.781] [modloading-worker-0/DEBUG] [net.minecraftforge.fml.javafmlmod.AutomaticEventSubscriber/LOADING]: Auto-subscribing software.bernie.example.GeckoLibMod to FORGE
[09Dec2025 04:11:37.781] [modloading-worker-0/DEBUG] [net.minecraftforge.fml.javafmlmod.AutomaticEventSubscriber/LOADING]: Auto-subscribing software.bernie.example.CommonListener to MOD
[09Dec2025 04:11:37.940] [modloading-worker-0/DEBUG] [net.minecraftforge.fml.config.ConfigTracker/CONFIG]: Config file mowziesmobs-common.toml for mowziesmobs tracking
[09Dec2025 04:11:37.972] [modloading-worker-0/DEBUG] [net.minecraftforge.fml.javafmlmod.AutomaticEventSubscriber/LOADING]: Attempting to inject @EventBusSubscriber classes into the eventbus for apotheosis
[09Dec2025 04:11:37.974] [modloading-worker-0/DEBUG] [net.minecraftforge.fml.javafmlmod.AutomaticEventSubscriber/LOADING]: Auto-subscribing dev.shadowsoffire.apotheosis.village.wanderer.WandererReplacements to MOD
[09Dec2025 04:11:37.988] [modloading-worker-0/DEBUG] [net.minecraftforge.fml.javafmlmod.AutomaticEventSubscriber/LOADING]: Auto-subscribing dev.shadowsoffire.apotheosis.adventure.loot.ShieldBreakerTest to FORGE
[09Dec2025 04:11:37.993] [modloading-worker-0/DEBUG] [net.minecraftforge.fml.javafmlmod.AutomaticEventSubscriber/LOADING]: Attempting to inject @EventBusSubscriber classes into the eventbus for ferritecore
[09Dec2025 04:11:37.995] [modloading-worker-0/DEBUG] [net.minecraftforge.fml.javafmlmod.AutomaticEventSubscriber/LOADING]: Attempting to inject @EventBusSubscriber classes into the eventbus for culllessleaves
[09Dec2025 04:11:37.999] [modloading-worker-0/DEBUG] [net.minecraftforge.fml.config.ConfigTracker/CONFIG]: Config file jei-server.toml for jei tracking
[09Dec2025 04:11:38.007] [modloading-worker-0/DEBUG] [net.minecraftforge.fml.javafmlmod.AutomaticEventSubscriber/LOADING]: Attempting to inject @EventBusSubscriber classes into the eventbus for jei
[09Dec2025 04:11:38.030] [modloading-worker-0/DEBUG] [net.minecraftforge.fml.javafmlmod.AutomaticEventSubscriber/LOADING]: Attempting to inject @EventBusSubscriber classes into the eventbus for mowziesmobs
[09Dec2025 04:11:38.030] [modloading-worker-0/DEBUG] [net.minecraftforge.fml.javafmlmod.AutomaticEventSubscriber/LOADING]: Auto-subscribing com.bobmowzie.mowziesmobs.server.sound.MMSounds to FORGE
[09Dec2025 04:11:38.030] [modloading-worker-0/DEBUG] [net.minecraftforge.fml.javafmlmod.AutomaticEventSubscriber/LOADING]: Auto-subscribing com.bobmowzie.mowziesmobs.server.inventory.ContainerHandler to MOD
[09Dec2025 04:11:38.030] [modloading-worker-0/DEBUG] [net.minecraftforge.fml.javafmlmod.AutomaticEventSubscriber/LOADING]: Auto-subscribing com.bobmowzie.mowziesmobs.server.entity.EntityHandler to MOD
[09Dec2025 04:11:38.031] [modloading-worker-0/DEBUG] [net.minecraftforge.fml.javafmlmod.AutomaticEventSubscriber/LOADING]: Auto-subscribing com.bobmowzie.mowziesmobs.server.config.ConfigHandler to MOD
[09Dec2025 04:11:38.031] [modloading-worker-0/DEBUG] [net.minecraftforge.fml.javafmlmod.AutomaticEventSubscriber/LOADING]: Auto-subscribing com.bobmowzie.mowziesmobs.MowziesMobs to FORGE
[09Dec2025 04:11:38.031] [modloading-worker-0/DEBUG] [net.minecraftforge.fml.javafmlmod.AutomaticEventSubscriber/LOADING]: Auto-subscribing com.bobmowzie.mowziesmobs.datagen.DataGenerators to MOD
[09Dec2025 04:11:38.045] [modloading-worker-0/DEBUG] [net.minecraftforge.fml.javafmlmod.AutomaticEventSubscriber/LOADING]: Attempting to inject @EventBusSubscriber classes into the eventbus for teamlapenlib
[09Dec2025 04:11:38.046] [modloading-worker-0/INFO] [Ksyxis/MOD_KSYXIS]: Ksyxis: Booting... (platform: Forge/KForge, manual: false)
[09Dec2025 04:11:38.047] [modloading-worker-0/DEBUG] [Ksyxis/MOD_KSYXIS]: Ksyxis: Found Mixin library. (mixinVersion: 0.8.5)
[09Dec2025 04:11:38.047] [modloading-worker-0/INFO] [Ksyxis/MOD_KSYXIS]: Ksyxis: Ready. As always, this mod will speed up your world loading and might or might not break it. (mixinVersion: 0.8.5, time: 0 ms)
[09Dec2025 04:11:38.047] [modloading-worker-0/DEBUG] [net.minecraftforge.fml.javafmlmod.AutomaticEventSubscriber/LOADING]: Attempting to inject @EventBusSubscriber classes into the eventbus for ksyxis
[09Dec2025 04:11:38.051] [modloading-worker-0/DEBUG] [net.minecraftforge.fml.javafmlmod.AutomaticEventSubscriber/LOADING]: Attempting to inject @EventBusSubscriber classes into the eventbus for spark
[09Dec2025 04:11:38.065] [modloading-worker-0/DEBUG] [net.minecraftforge.versions.forge.ForgeVersion/CORE]: Forge Version package package net.minecraftforge.versions.forge, Forge, version 47.3 from cpw.mods.modlauncher.TransformingClassLoader@6870c3c2
[09Dec2025 04:11:38.066] [modloading-worker-0/DEBUG] [net.minecraftforge.versions.forge.ForgeVersion/CORE]: Found Forge version 47.3.7
[09Dec2025 04:11:38.066] [modloading-worker-0/DEBUG] [net.minecraftforge.versions.forge.ForgeVersion/CORE]: Found Forge spec 47.3
[09Dec2025 04:11:38.066] [modloading-worker-0/DEBUG] [mixin/]: Mixing perf.smart_ingredient_sync.PlayerListMixin from modernfix-forge.mixins.json into net.minecraft.server.players.PlayerList
[09Dec2025 04:11:38.066] [modloading-worker-0/DEBUG] [net.minecraftforge.versions.forge.ForgeVersion/CORE]: Found Forge group net.minecraftforge
[09Dec2025 04:11:38.090] [modloading-worker-0/DEBUG] [net.minecraftforge.versions.mcp.MCPVersion/CORE]: MCP Version package package net.minecraftforge.versions.mcp, Minecraft, version 1.20.1 from cpw.mods.modlauncher.TransformingClassLoader@6870c3c2
[09Dec2025 04:11:38.090] [modloading-worker-0/DEBUG] [net.minecraftforge.versions.mcp.MCPVersion/CORE]: Found MC version information 1.20.1
[09Dec2025 04:11:38.090] [modloading-worker-0/DEBUG] [net.minecraftforge.versions.mcp.MCPVersion/CORE]: Found MCP version information 20230612.114412
[09Dec2025 04:11:38.090] [modloading-worker-0/INFO] [net.minecraftforge.common.ForgeMod/FORGEMOD]: Forge mod loading, version 47.3.7, for MC 1.20.1 with MCP 20230612.114412
[09Dec2025 04:11:38.090] [modloading-worker-0/INFO] [net.minecraftforge.common.MinecraftForge/FORGE]: MinecraftForge v47.3.7 Initialized
[09Dec2025 04:11:38.115] [modloading-worker-0/DEBUG] [net.minecraftforge.common.ForgeMod/FORGEMOD]: Loading Network data for FML net version: FML3
[09Dec2025 04:11:38.131] [modloading-worker-0/DEBUG] [net.minecraftforge.fml.config.ConfigTracker/CONFIG]: Config file forge-client.toml for forge tracking
[09Dec2025 04:11:38.133] [modloading-worker-0/DEBUG] [net.minecraftforge.fml.config.ConfigTracker/CONFIG]: Config file forge-server.toml for forge tracking
[09Dec2025 04:11:38.133] [modloading-worker-0/DEBUG] [net.minecraftforge.fml.ModLoadingContext/]: Attempted to register an empty config for type COMMON on mod forge
[09Dec2025 04:11:38.160] [modloading-worker-0/DEBUG] [net.minecraftforge.fml.javafmlmod.AutomaticEventSubscriber/LOADING]: Attempting to inject @EventBusSubscriber classes into the eventbus for forge
[09Dec2025 04:11:38.160] [modloading-worker-0/DEBUG] [net.minecraftforge.fml.javafmlmod.AutomaticEventSubscriber/LOADING]: Auto-subscribing net.minecraftforge.common.ForgeSpawnEggItem$CommonHandler to MOD
[09Dec2025 04:11:38.173] [modloading-worker-0/DEBUG] [net.minecraftforge.fml.javafmlmod.AutomaticEventSubscriber/LOADING]: Attempting to inject @EventBusSubscriber classes into the eventbus for embeddium
[09Dec2025 04:11:38.175] [modloading-worker-0/DEBUG] [net.minecraftforge.fml.javafmlmod.AutomaticEventSubscriber/LOADING]: Attempting to inject @EventBusSubscriber classes into the eventbus for rubidium
[09Dec2025 04:11:38.188] [modloading-worker-0/DEBUG] [net.minecraftforge.fml.javafmlmod.AutomaticEventSubscriber/LOADING]: Attempting to inject @EventBusSubscriber classes into the eventbus for placebo
[09Dec2025 04:11:38.189] [modloading-worker-0/DEBUG] [net.minecraftforge.fml.javafmlmod.AutomaticEventSubscriber/LOADING]: Auto-subscribing dev.shadowsoffire.placebo.util.PlaceboTaskQueue to FORGE
[09Dec2025 04:11:38.214] [modloading-worker-0/DEBUG] [net.minecraftforge.fml.config.ConfigTracker/CONFIG]: Config file modernfix-common.toml for modernfix tracking
[09Dec2025 04:11:38.221] [modloading-worker-0/DEBUG] [net.minecraftforge.fml.javafmlmod.AutomaticEventSubscriber/LOADING]: Attempting to inject @EventBusSubscriber classes into the eventbus for modernfix
[09Dec2025 04:11:39.076] [modloading-worker-0/DEBUG] [net.minecraftforge.fml.javafmlmod.AutomaticEventSubscriber/LOADING]: Attempting to inject @EventBusSubscriber classes into the eventbus for vampirism
[09Dec2025 04:11:39.077] [modloading-worker-0/DEBUG] [net.minecraftforge.fml.javafmlmod.AutomaticEventSubscriber/LOADING]: Auto-subscribing de.teamlapen.vampirism.misc.VampirismCreativeTab to MOD
[09Dec2025 04:11:39.082] [modloading-worker-0/DEBUG] [net.minecraftforge.fml.javafmlmod.AutomaticEventSubscriber/LOADING]: Auto-subscribing de.teamlapen.vampirism.data.provider.DataProvider to MOD
[09Dec2025 04:11:39.718] [main/DEBUG] [net.minecraftforge.common.capabilities.CapabilityManager/CAPABILITIES]: Attempting to automatically register: Lnet/minecraftforge/energy/IEnergyStorage;
[09Dec2025 04:11:39.719] [main/DEBUG] [net.minecraftforge.common.capabilities.CapabilityManager/CAPABILITIES]: Attempting to automatically register: Lnet/minecraftforge/fluids/capability/IFluidHandler;
[09Dec2025 04:11:39.719] [main/DEBUG] [net.minecraftforge.common.capabilities.CapabilityManager/CAPABILITIES]: Attempting to automatically register: Lnet/minecraftforge/fluids/capability/IFluidHandlerItem;
[09Dec2025 04:11:39.719] [main/DEBUG] [net.minecraftforge.common.capabilities.CapabilityManager/CAPABILITIES]: Attempting to automatically register: Lnet/minecraftforge/items/IItemHandler;
[09Dec2025 04:11:40.138] [main/DEBUG] [net.minecraftforge.fml.config.ConfigTracker/CONFIG]: Config file vampirism-common.toml for vampirism tracking
[09Dec2025 04:11:40.141] [main/DEBUG] [net.minecraftforge.fml.config.ConfigTracker/CONFIG]: Config file vampirism-client.toml for vampirism tracking
[09Dec2025 04:11:40.141] [main/DEBUG] [net.minecraftforge.fml.config.ConfigTracker/CONFIG]: Config file vampirism-server.toml for vampirism tracking
[09Dec2025 04:11:40.141] [main/DEBUG] [net.minecraftforge.fml.config.ConfigTracker/CONFIG]: Config file vampirism-balance.toml for vampirism tracking
[09Dec2025 04:11:43.746] [main/DEBUG] [mixin/]: Mixing collections.mob_spawning.ForgeEventFactoryMixin from lithium.mixins.json into net.minecraftforge.event.ForgeEventFactory
[09Dec2025 04:11:43.746] [main/DEBUG] [mixin/]: lithium.mixins.json:collections.mob_spawning.ForgeEventFactoryMixin: Class version 61 required is higher than the class version supported by the current version of Mixin (JAVA_16 supports class version 60)
[09Dec2025 04:11:43.747] [main/DEBUG] [mixin/]: Mixing perf.potential_spawns_alloc.ForgeEventFactoryMixin from modernfix-forge.mixins.json into net.minecraftforge.event.ForgeEventFactory
[09Dec2025 04:11:43.769] [main/DEBUG] [mixin/]: Mixing collections.mob_spawning.PotentialSpawnsEventMixin from lithium.mixins.json into net.minecraftforge.event.level.LevelEvent$PotentialSpawns
[09Dec2025 04:11:43.769] [main/DEBUG] [mixin/]: lithium.mixins.json:collections.mob_spawning.PotentialSpawnsEventMixin: Class version 61 required is higher than the class version supported by the current version of Mixin (JAVA_16 supports class version 60)
[09Dec2025 04:11:43.770] [main/DEBUG] [mixin/]: Mixing perf.potential_spawns_alloc.PotentialSpawnsMixin from modernfix-forge.mixins.json into net.minecraftforge.event.level.LevelEvent$PotentialSpawns
[09Dec2025 04:11:43.842] [main/DEBUG] [software.bernie.geckolib.GeckoLib/]: Registered SyncedAnimatable for class com.bobmowzie.mowziesmobs.server.item.ItemEarthrendGauntlet
[09Dec2025 04:11:43.842] [main/DEBUG] [software.bernie.geckolib.GeckoLib/]: Registered SyncedAnimatable for class com.bobmowzie.mowziesmobs.server.item.ItemSculptorStaff
[09Dec2025 04:11:44.055] [main/DEBUG] [mixin/]: Mixing ai.task.launch.BrainMixin from lithium.mixins.json into net.minecraft.world.entity.ai.Brain
[09Dec2025 04:11:44.056] [main/DEBUG] [mixin/]: lithium.mixins.json:ai.task.launch.BrainMixin: Class version 61 required is higher than the class version supported by the current version of Mixin (JAVA_16 supports class version 60)
[09Dec2025 04:11:44.060] [main/DEBUG] [mixin/]: Mixing ai.task.memory_change_counting.BrainMixin from lithium.mixins.json into net.minecraft.world.entity.ai.Brain
[09Dec2025 04:11:44.060] [main/DEBUG] [mixin/]: lithium.mixins.json:ai.task.memory_change_counting.BrainMixin: Class version 61 required is higher than the class version supported by the current version of Mixin (JAVA_16 supports class version 60)
[09Dec2025 04:11:44.061] [main/DEBUG] [mixin/]: Mixing collections.brain.BrainMixin from lithium.mixins.json into net.minecraft.world.entity.ai.Brain
[09Dec2025 04:11:44.061] [main/DEBUG] [mixin/]: lithium.mixins.json:collections.brain.BrainMixin: Class version 61 required is higher than the class version supported by the current version of Mixin (JAVA_16 supports class version 60)
[09Dec2025 04:11:44.082] [main/DEBUG] [mixin/]: Mixing AttributeMapMixin from attributeslib.mixins.json into net.minecraft.world.entity.ai.attributes.AttributeMap
[09Dec2025 04:11:44.082] [main/DEBUG] [mixin/]: Renaming synthetic method lambda$setAttributesUpdating$0(Lnet/minecraft/world/entity/ai/attributes/Attribute;Lcom/mojang/datafixers/util/Pair;)V to mddb3497$lambda$setAttributesUpdating$0$0 in attributeslib.mixins.json:AttributeMapMixin
[09Dec2025 04:11:44.085] [main/DEBUG] [mixin/]: Mixing collections.attributes.AttributeContainerMixin from lithium.mixins.json into net.minecraft.world.entity.ai.attributes.AttributeMap
[09Dec2025 04:11:44.085] [main/DEBUG] [mixin/]: lithium.mixins.json:collections.attributes.AttributeContainerMixin: Class version 61 required is higher than the class version supported by the current version of Mixin (JAVA_16 supports class version 60)
[09Dec2025 04:11:44.092] [main/DEBUG] [mixin/]: Mixing MixinEntityPredicate from vampirism.mixins.json into net.minecraft.world.entity.ai.targeting.TargetingConditions
[09Dec2025 04:11:44.092] [main/DEBUG] [mixin/]: Mixing TargetConditionAccessor from vampirism.mixins.json into net.minecraft.world.entity.ai.targeting.TargetingConditions
[09Dec2025 04:11:44.147] [main/DEBUG] [placebo/]: Registered 5 recipe types.
[09Dec2025 04:11:44.297] [main/DEBUG] [io.netty.util.internal.InternalThreadLocalMap/]: -Dio.netty.threadLocalMap.stringBuilder.initialSize: 1024
[09Dec2025 04:11:44.297] [main/DEBUG] [io.netty.util.internal.InternalThreadLocalMap/]: -Dio.netty.threadLocalMap.stringBuilder.maxSize: 4096
[09Dec2025 04:11:44.298] [main/DEBUG] [io.netty.util.internal.ThreadLocalRandom/]: -Dio.netty.initialSeedUniquifier: 0x995363dacc4176cd
[09Dec2025 04:11:44.363] [main/DEBUG] [mixin/]: Mixing perf.faster_ingredients.ForgeHooksMixin from modernfix-forge.mixins.json into net.minecraftforge.common.ForgeHooks
[09Dec2025 04:11:44.364] [main/DEBUG] [mixin/]: Mixing ForgeHooksMixin from apotheosis.mixins.json into net.minecraftforge.common.ForgeHooks
[09Dec2025 04:11:44.406] [main/DEBUG] [net.minecraftforge.coremod.transformer.CoreModBaseTransformer/COREMOD]: Transforming net/minecraft/world/entity/raid/Raid
[09Dec2025 04:11:44.526] [main/DEBUG] [mixin/]: Mixing ai.raid.RaidMixin from lithium.mixins.json into net.minecraft.world.entity.raid.Raid
[09Dec2025 04:11:44.526] [main/DEBUG] [mixin/]: lithium.mixins.json:ai.raid.RaidMixin: Class version 61 required is higher than the class version supported by the current version of Mixin (JAVA_16 supports class version 60)
[09Dec2025 04:11:44.844] [main/DEBUG] [net.minecraftforge.fml.config.ConfigTracker/CONFIG]: Loading configs type COMMON
[09Dec2025 04:11:44.846] [main/DEBUG] [net.minecraftforge.fml.config.ConfigFileTypeHandler/CONFIG]: Built TOML config for /workspaces/jhf/servidor_minecraft/config/mowziesmobs-common.toml
[09Dec2025 04:11:44.855] [main/DEBUG] [net.minecraftforge.fml.config.ConfigFileTypeHandler/CONFIG]: Loaded TOML config file /workspaces/jhf/servidor_minecraft/config/mowziesmobs-common.toml
[09Dec2025 04:11:44.860] [main/DEBUG] [net.minecraftforge.fml.config.ConfigFileTypeHandler/CONFIG]: Watching TOML config file /workspaces/jhf/servidor_minecraft/config/mowziesmobs-common.toml for changes
[09Dec2025 04:11:44.878] [main/DEBUG] [net.minecraftforge.fml.config.ConfigFileTypeHandler/CONFIG]: Built TOML config for /workspaces/jhf/servidor_minecraft/config/modernfix-common.toml
[09Dec2025 04:11:44.879] [main/DEBUG] [net.minecraftforge.fml.config.ConfigFileTypeHandler/CONFIG]: Loaded TOML config file /workspaces/jhf/servidor_minecraft/config/modernfix-common.toml
[09Dec2025 04:11:44.879] [main/DEBUG] [net.minecraftforge.fml.config.ConfigFileTypeHandler/CONFIG]: Watching TOML config file /workspaces/jhf/servidor_minecraft/config/modernfix-common.toml for changes
[09Dec2025 04:11:44.879] [main/DEBUG] [net.minecraftforge.fml.config.ConfigFileTypeHandler/CONFIG]: Built TOML config for /workspaces/jhf/servidor_minecraft/config/vampirism-common.toml
[09Dec2025 04:11:44.880] [main/DEBUG] [net.minecraftforge.fml.config.ConfigFileTypeHandler/CONFIG]: Loaded TOML config file /workspaces/jhf/servidor_minecraft/config/vampirism-common.toml
[09Dec2025 04:11:44.880] [main/DEBUG] [net.minecraftforge.fml.config.ConfigFileTypeHandler/CONFIG]: Watching TOML config file /workspaces/jhf/servidor_minecraft/config/vampirism-common.toml for changes
[09Dec2025 04:11:45.199] [modloading-worker-0/DEBUG] [mixin/]: Mixing PotionUtilsMixin from attributeslib.mixins.json into net.minecraft.world.item.alchemy.PotionUtils
[09Dec2025 04:11:45.241] [modloading-worker-0/DEBUG] [mixin/]: Mixing LootTableAccessor from vampirism.mixins.json into net.minecraft.world.level.storage.loot.LootTable
[09Dec2025 04:11:45.296] [Forge Version Check/INFO] [net.minecraftforge.fml.VersionChecker/]: [radium] Starting version check at https://api.modrinth.com/updates/radium/forge_updates.json
[09Dec2025 04:11:45.336] [modloading-worker-0/DEBUG] [ModernFix/]: Cleared 1457 object holder stacktrace references
[09Dec2025 04:11:45.364] [main/DEBUG] [net.minecraftforge.fml.DeferredWorkQueue/LOADING]: Dispatching synchronous work for work queue COMMON_SETUP: 15 jobs
[09Dec2025 04:11:45.390] [main/DEBUG] [mixin/]: Mixing LootTablesMixin from placebo.mixins.json into net.minecraft.world.level.storage.loot.LootDataManager
[09Dec2025 04:11:45.390] [main/DEBUG] [mixin/]: Renaming synthetic method lambda$apply$0(Lnet/minecraft/world/level/storage/loot/LootDataId;Lnet/minecraft/world/level/storage/loot/LootTable;)V to mddb3497$lambda$apply$0$0 in placebo.mixins.json:LootTablesMixin
[09Dec2025 04:11:45.409] [Forge Version Check/DEBUG] [net.minecraftforge.fml.VersionChecker/]: [radium] Received version check data:
{"homepage":"https://modrinth.com/mod/radium","promos":{"1.20-latest":"1.20-0.11.2","1.20.1-latest":"0.12.4","1.20.1-recommended":"0.12.4"}}
[09Dec2025 04:11:45.409] [Forge Version Check/INFO] [net.minecraftforge.fml.VersionChecker/]: [radium] Found status: AHEAD Current: 0.12.4+git.26c9d8e Target: null
[09Dec2025 04:11:45.411] [Forge Version Check/INFO] [net.minecraftforge.fml.VersionChecker/]: [vampirism] Starting version check at https://api.modrinth.com/updates/vampirism/forge_updates.json
[09Dec2025 04:11:45.442] [main/DEBUG] [net.minecraftforge.coremod.transformer.CoreModBaseTransformer/COREMOD]: Transforming net/minecraft/world/entity/npc/VillagerTrades$EnchantBookForEmeralds
[09Dec2025 04:11:45.458] [main/INFO] [net.minecraftforge.coremod.CoreMod.apotheosis/COREMODLOG]: Replaced 1 calls to Enchantment#getMaxLevel() in net/minecraft/world/entity/npc/VillagerTrades$EnchantBookForEmeralds
[09Dec2025 04:11:45.458] [main/INFO] [net.minecraftforge.coremod.CoreMod.apotheosis/COREMODLOG]: Replaced 1 calls to Enchantment#isTreasureOnly() in net/minecraft/world/entity/npc/VillagerTrades$EnchantBookForEmeralds
[09Dec2025 04:11:45.459] [main/INFO] [net.minecraftforge.coremod.CoreMod.apotheosis/COREMODLOG]: Replaced 1 calls to Enchantment#isTradeable() in net/minecraft/world/entity/npc/VillagerTrades$EnchantBookForEmeralds
[09Dec2025 04:11:45.467] [main/INFO] [de.teamlapen.vampirism.core.ModEffects/]: Fixing vanilla night vision potion types
[09Dec2025 04:11:45.468] [main/DEBUG] [mixin/]: Mixing EntitySubPredicateTypesAccessor from vampirism.mixins.json into net.minecraft.advancements.critereon.EntitySubPredicate$Types
[09Dec2025 04:11:45.468] [main/DEBUG] [mixin/]: Renaming @Accessor method setTypes(Lcom/google/common/collect/BiMap;)V to setTypes_$md$db3497$0 in vampirism.mixins.json:EntitySubPredicateTypesAccessor
[09Dec2025 04:11:45.498] [Forge Version Check/DEBUG] [net.minecraftforge.fml.VersionChecker/]: [vampirism] Received version check data:
{"homepage":"https://modrinth.com/mod/vampirism","promos":{"1.14.4-latest":"1.14.4-1.7.1","1.18.1-recommended":"1.18.1-1.8.1","1.19.3-recommended":"1.19.3-1.9.1","1.12.2-latest":"1.12.2-1.6.2","1.19.1-latest":"1.19.1-1.8.0-alpha+20220729-2305","1.18.1-latest":"1.18.1-1.8.1","1.16.4-recommended":"1.16.4-1.7.12","1.12.2-recommended":"1.12.2-1.6.2","1.16.5-recommended":"1.16.5-1.9.10","1.16.5-latest":"1.16.5-1.9.10","1.19.4-recommended":"1.19.4-1.9.3","1.16.4-latest":"1.16.4-1.7.12","1.14.4-recommended":"1.14.4-1.7.1","1.19.2-latest":"1.19.2-1.9.5","1.18.2-latest":"1.18.2-1.8.8","1.15.2-recommended":"1.15.2-1.7.2","1.17.1-latest":"1.17.1-1.8.4-beta.1","1.20.1-recommended":"1.10.13","1.19.4-latest":"1.19.4-1.9.3","1.15.2-latest":"1.15.2-1.7.2","1.18.2-recommended":"1.18.2-1.8.8","1.19.3-latest":"1.19.3-1.9.1","1.20.1-latest":"1.10.13","1.19.2-recommended":"1.19.2-1.9.5"}}
[09Dec2025 04:11:45.498] [Forge Version Check/INFO] [net.minecraftforge.fml.VersionChecker/]: [vampirism] Found status: UP_TO_DATE Current: 1.10.13 Target: null
[09Dec2025 04:11:45.503] [Forge Version Check/INFO] [net.minecraftforge.fml.VersionChecker/]: [ksyxis] Starting version check at https://raw.githubusercontent.com/VidTu/Ksyxis/main/updater_ksyxis_forge.json
[09Dec2025 04:11:45.566] [main/DEBUG] [net.minecraftforge.fml.DeferredWorkQueue/LOADING]: Synchronous work queue completed in 201.2 ms
[09Dec2025 04:11:45.572] [Forge Version Check/DEBUG] [net.minecraftforge.fml.VersionChecker/]: [ksyxis] Received version check data:
{
  "homepage": "https://modrinth.com/mod/ksyxis",
  "promos": {
    "1.21.8-latest": "1.3.4",
    "1.21.8-recommended": "1.3.4",
    "1.21.7-latest": "1.3.4",
    "1.21.7-recommended": "1.3.4",
    "1.21.6-latest": "1.3.4",
    "1.21.6-recommended": "1.3.4",
    "1.21.5-latest": "1.3.4",
    "1.21.5-recommended": "1.3.4",
    "1.21.4-latest": "1.3.4",
    "1.21.4-recommended": "1.3.4",
    "1.21.3-latest": "1.3.4",
    "1.21.3-recommended": "1.3.4",
    "1.21.2-latest": "1.3.4",
    "1.21.2-recommended": "1.3.4",
    "1.21.1-latest": "1.3.4",
    "1.21.1-recommended": "1.3.4",
    "1.21-latest": "1.3.4",
    "1.21-recommended": "1.3.4",
    "1.20.6-latest": "1.3.4",
    "1.20.6-recommended": "1.3.4",
    "1.20.5-latest": "1.3.4",
    "1.20.5-recommended": "1.3.4",
    "1.20.4-latest": "1.3.4",
    "1.20.4-recommended": "1.3.4",
    "1.20.3-latest": "1.3.4",
    "1.20.3-recommended": "1.3.4",
    "1.20.2-latest": "1.3.4",
    "1.20.2-recommended": "1.3.4",
    "1.20.1-latest": "1.3.4",
    "1.20.1-recommended": "1.3.4",
    "1.20-latest": "1.3.4",
    "1.20-recommended": "1.3.4",
    "1.19.4-latest": "1.3.4",
    "1.19.4-recommended": "1.3.4",
    "1.19.3-latest": "1.3.4",
    "1.19.3-recommended": "1.3.4",
    "1.19.2-latest": "1.3.4",
    "1.19.2-recommended": "1.3.4",
    "1.19.1-latest": "1.3.4",
    "1.19.1-recommended": "1.3.4",
    "1.19-latest": "1.3.4",
    "1.19-recommended": "1.3.4",
    "1.18.2-latest": "1.3.4",
    "1.18.2-recommended": "1.3.4",
    "1.18.1-latest": "1.3.4",
    "1.18.1-recommended": "1.3.4",
    "1.18-latest": "1.3.4",
    "1.18-recommended": "1.3.4",
    "1.17.1-latest": "1.3.4",
    "1.17.1-recommended": "1.3.4",
    "1.17-latest": "1.3.4",
    "1.17-recommended": "1.3.4",
    "1.16.5-latest": "1.3.4",
    "1.16.5-recommended": "1.3.4",
    "1.16.4-latest": "1.3.4",
    "1.16.4-recommended": "1.3.4",
    "1.16.3-latest": "1.3.4",
    "1.16.3-recommended": "1.3.4",
    "1.16.2-latest": "1.3.4",
    "1.16.2-recommended": "1.3.4",
    "1.16.1-latest": "1.3.4",
    "1.16.1-recommended": "1.3.4",
    "1.16-latest": "1.3.4",
    "1.16-recommended": "1.3.4",
    "1.15.2-latest": "1.3.4",
    "1.15.2-recommended": "1.3.4",
    "1.15.1-latest": "1.3.4",
    "1.15.1-recommended": "1.3.4",
    "1.15-latest": "1.3.4",
    "1.15-recommended": "1.3.4",
    "1.14.4-latest": "1.3.4",
    "1.14.4-recommended": "1.3.4",
    "1.14.3-latest": "1.3.4",
    "1.14.3-recommended": "1.3.4",
    "1.14.2-latest": "1.3.4",
    "1.14.2-recommended": "1.3.4",
    "1.14.1-latest": "1.3.4",
    "1.14.1-recommended": "1.3.4",
    "1.14-latest": "1.3.4",
    "1.14-recommended": "1.3.4",
    "1.13.2-latest": "1.3.4",
    "1.13.2-recommended": "1.3.4",
    "1.13.1-latest": "1.3.4",
    "1.13.1-recommended": "1.3.4",
    "1.13-latest": "1.3.4",
    "1.13-recommended": "1.3.4",
    "1.12.2-latest": "1.3.4",
    "1.12.2-recommended": "1.3.4",
    "1.12.1-latest": "1.3.4",
    "1.12.1-recommended": "1.3.4",
    "1.12-latest": "1.3.4",
    "1.12-recommended": "1.3.4",
    "1.11.2-latest": "1.3.4",
    "1.11.2-recommended": "1.3.4",
    "1.11.1-latest": "1.3.4",
    "1.11.1-recommended": "1.3.4",
    "1.11-latest": "1.3.4",
    "1.11-recommended": "1.3.4",
    "1.10.2-latest": "1.3.4",
    "1.10.2-recommended": "1.3.4",
    "1.10.1-latest": "1.3.4",
    "1.10.1-recommended": "1.3.4",
    "1.10-latest": "1.3.4",
    "1.10-recommended": "1.3.4",
    "1.9.4-latest": "1.3.4",
    "1.9.4-recommended": "1.3.4",
    "1.9.3-latest": "1.3.4",
    "1.9.3-recommended": "1.3.4",
    "1.9.2-latest": "1.3.4",
    "1.9.2-recommended": "1.3.4",
    "1.9.1-latest": "1.3.4",
    "1.9.1-recommended": "1.3.4",
    "1.9-latest": "1.3.4",
    "1.9-recommended": "1.3.4",
    "1.8.9-latest": "1.3.4",
    "1.8.9-recommended": "1.3.4",
    "1.8.8-latest": "1.3.4",
    "1.8.8-recommended": "1.3.4",
    "1.8.7-latest": "1.3.4",
    "1.8.7-recommended": "1.3.4",
    "1.8.6-latest": "1.3.4",
    "1.8.6-recommended": "1.3.4",
    "1.8.5-latest": "1.3.4",
    "1.8.5-recommended": "1.3.4",
    "1.8.4-latest": "1.3.4",
    "1.8.4-recommended": "1.3.4",
    "1.8.3-latest": "1.3.4",
    "1.8.3-recommended": "1.3.4",
    "1.8.2-latest": "1.3.4",
    "1.8.2-recommended": "1.3.4",
    "1.8.1-latest": "1.3.4",
    "1.8.1-recommended": "1.3.4",
    "1.8-latest": "1.3.4",
    "1.8-recommended": "1.3.4"
  }
}
[09Dec2025 04:11:45.573] [Forge Version Check/INFO] [net.minecraftforge.fml.VersionChecker/]: [ksyxis] Found status: UP_TO_DATE Current: 1.3.4 Target: null
[09Dec2025 04:11:45.574] [Forge Version Check/INFO] [net.minecraftforge.fml.VersionChecker/]: [forge] Starting version check at https://files.minecraftforge.net/net/minecraftforge/forge/promotions_slim.json
[09Dec2025 04:11:45.746] [Forge Version Check/DEBUG] [net.minecraftforge.fml.VersionChecker/]: [forge] Received version check data:
{
  "homepage": "https://files.minecraftforge.net/net/minecraftforge/forge/",
  "promos": {
    "1.1-latest": "1.3.4.29",
    "1.2.3-latest": "1.4.1.64",
    "1.2.4-latest": "2.0.0.68",
    "1.2.5-latest": "3.4.9.171",
    "1.3.2-latest": "4.3.5.318",
    "1.4.0-latest": "5.0.0.326",
    "1.4.1-latest": "6.0.0.329",
    "1.4.2-latest": "6.0.1.355",
    "1.4.3-latest": "6.2.1.358",
    "1.4.4-latest": "6.3.0.378",
    "1.4.5-latest": "6.4.2.448",
    "1.4.6-latest": "6.5.0.489",
    "1.4.7-latest": "6.6.2.534",
    "1.5-latest": "7.7.0.598",
    "1.5.1-latest": "7.7.2.682",
    "1.5.2-latest": "7.8.1.738",
    "1.5.2-recommended": "7.8.1.738",
    "1.6.1-latest": "8.9.0.775",
    "1.6.2-latest": "9.10.1.871",
    "1.6.2-recommended": "9.10.1.871",
    "1.6.3-latest": "9.11.0.878",
    "1.6.4-latest": "9.11.1.1345",
    "1.6.4-recommended": "9.11.1.1345",
    "1.7.2-latest": "10.12.2.1161",
    "1.7.2-recommended": "10.12.2.1161",
    "1.7.10-latest": "10.13.4.1614",
    "1.7.10-recommended": "10.13.4.1614",
    "1.8-latest": "11.14.4.1577",
    "1.8-recommended": "11.14.4.1563",
    "1.8.8-latest": "11.15.0.1655",
    "1.8.9-latest": "11.15.1.2318",
    "1.8.9-recommended": "11.15.1.2318",
    "1.9-latest": "12.16.1.1938",
    "1.9-recommended": "12.16.1.1887",
    "1.9.4-latest": "12.17.0.2317",
    "1.9.4-recommended": "12.17.0.2317",
    "1.10-latest": "12.18.0.2000",
    "1.10.2-latest": "12.18.3.2511",
    "1.10.2-recommended": "12.18.3.2511",
    "1.11-latest": "13.19.1.2199",
    "1.11-recommended": "13.19.1.2189",
    "1.11.2-latest": "13.20.1.2588",
    "1.11.2-recommended": "13.20.1.2588",
    "1.12-latest": "14.21.1.2443",
    "1.12-recommended": "14.21.1.2387",
    "1.12.1-latest": "14.22.1.2485",
    "1.12.1-recommended": "14.22.1.2478",
    "1.12.2-latest": "14.23.5.2864",
    "1.12.2-recommended": "14.23.5.2859",
    "1.13.2-latest": "25.0.223",
    "1.14.2-latest": "26.0.63",
    "1.14.3-latest": "27.0.60",
    "1.14.4-latest": "28.2.27",
    "1.14.4-recommended": "28.2.26",
    "1.15-latest": "29.0.4",
    "1.15.1-latest": "30.0.51",
    "1.15.2-latest": "31.2.60",
    "1.15.2-recommended": "31.2.57",
    "1.16.1-latest": "32.0.108",
    "1.16.2-latest": "33.0.61",
    "1.16.3-latest": "34.1.42",
    "1.16.3-recommended": "34.1.0",
    "1.16.4-latest": "35.1.37",
    "1.16.4-recommended": "35.1.4",
    "1.16.5-latest": "36.2.42",
    "1.16.5-recommended": "36.2.34",
    "1.17.1-latest": "37.1.1",
    "1.17.1-recommended": "37.1.1",
    "1.18-latest": "38.0.17",
    "1.18.1-latest": "39.1.2",
    "1.18.1-recommended": "39.1.0",
    "1.18.2-recommended": "40.3.0",
    "1.18.2-latest": "40.3.12",
    "1.19-latest": "41.1.0",
    "1.19-recommended": "41.1.0",
    "1.19.1-latest": "42.0.9",
    "1.19.2-recommended": "43.5.0",
    "1.19.2-latest": "43.5.2",
    "1.19.3-latest": "44.1.23",
    "1.19.3-recommended": "44.1.0",
    "1.19.4-recommended": "45.4.0",
    "1.19.4-latest": "45.4.3",
    "1.20-latest": "46.0.14",
    "1.20.1-recommended": "47.4.10",
    "1.20.1-latest": "47.4.13",
    "1.20.2-latest": "48.1.0",
    "1.20.2-recommended": "48.1.0",
    "1.20.3-latest": "49.0.2",
    "1.20.4-latest": "49.2.4",
    "1.20.4-recommended": "49.2.0",
    "1.20.6-latest": "50.2.4",
    "1.20.6-recommended": "50.2.0",
    "1.21-latest": "51.0.33",
    "1.21.1-latest": "52.1.8",
    "1.21.1-recommended": "52.1.0",
    "1.21.3-latest": "53.1.6",
    "1.21.3-recommended": "53.1.0",
    "1.21.4-latest": "54.1.11",
    "1.21.4-recommended": "54.1.0",
    "1.21.5-latest": "55.1.4",
    "1.21.5-recommended": "55.1.0",
    "1.21.6-latest": "56.0.9",
    "1.21.7-latest": "57.0.3",
    "1.21.8-latest": "58.1.11",
    "1.21.8-recommended": "58.1.0",
    "1.21.9-latest": "59.0.5",
    "1.21.10-latest": "60.1.5",
    "1.21.10-recommended": "60.1.0"
  }
}
[09Dec2025 04:11:45.746] [Forge Version Check/INFO] [net.minecraftforge.fml.VersionChecker/]: [forge] Found status: OUTDATED Current: 47.3.7 Target: 47.4.10
[09Dec2025 04:11:45.976] [main/DEBUG] [net.minecraftforge.fml.DeferredWorkQueue/LOADING]: Dispatching synchronous work for work queue COMPLETE: 2 jobs
[09Dec2025 04:11:45.977] [main/INFO] [de.teamlapen.vampirism.core.ModEffects/]: Fixing vanilla night vision potion types
[09Dec2025 04:11:45.978] [main/DEBUG] [net.minecraftforge.fml.DeferredWorkQueue/LOADING]: Synchronous work queue completed in 1.068 ms
[09Dec2025 04:11:46.523] [main/INFO] [com.mojang.authlib.yggdrasil.YggdrasilAuthenticationService/]: Environment: authHost='https://authserver.mojang.com', accountsHost='https://api.mojang.com', sessionHost='https://sessionserver.mojang.com', servicesHost='https://api.minecraftservices.com', name='PROD'
[09Dec2025 04:11:46.549] [main/DEBUG] [mixin/]: Mixing bugfix.removed_dimensions.LevelStorageSourceMixin from modernfix-forge.mixins.json into net.minecraft.world.level.storage.LevelStorageSource
[09Dec2025 04:11:46.557] [main/DEBUG] [mixin/]: Mixing perf.dynamic_dfu.DataFixersMixin from modernfix-common.mixins.json into net.minecraft.util.datafix.DataFixers
[09Dec2025 04:11:46.557] [main/DEBUG] [mixin/]: Renaming synthetic method lambda$createLazyFixerUpper$0(Ljava/util/Set;)Lcom/mojang/datafixers/DataFixer; to mddb3497$lambda$createLazyFixerUpper$0$0 in modernfix-common.mixins.json:perf.dynamic_dfu.DataFixersMixin
[09Dec2025 04:11:46.689] [main/INFO] [ModernFix/]: Bypassed Mojang DFU
[09Dec2025 04:11:47.086] [main/DEBUG] [mixin/]: Mixing perf.dynamic_dfu.DataFixTypesMixin from modernfix-common.mixins.json into net.minecraft.util.datafix.DataFixTypes
[09Dec2025 04:11:47.097] [main/DEBUG] [mixin/]: Mixing collections.gamerules.GameRulesMixin from lithium.mixins.json into net.minecraft.world.level.GameRules
[09Dec2025 04:11:47.097] [main/DEBUG] [mixin/]: lithium.mixins.json:collections.gamerules.GameRulesMixin: Class version 61 required is higher than the class version supported by the current version of Mixin (JAVA_16 supports class version 60)
[09Dec2025 04:11:47.119] [main/WARN] [net.minecraft.server.packs.VanillaPackResourcesBuilder/]: Assets URL 'union:/workspaces/jhf/servidor_minecraft/libraries/net/minecraft/server/1.20.1-20230612.114412/server-1.20.1-20230612.114412-srg.jar%23129!/assets/.mcassetsroot' uses unexpected schema
[09Dec2025 04:11:47.120] [main/WARN] [net.minecraft.server.packs.VanillaPackResourcesBuilder/]: Assets URL 'union:/workspaces/jhf/servidor_minecraft/libraries/net/minecraft/server/1.20.1-20230612.114412/server-1.20.1-20230612.114412-srg.jar%23129!/data/.mcassetsroot' uses unexpected schema
[09Dec2025 04:11:47.145] [main/DEBUG] [mixin/]: Mixing feature.measure_time.WorldLoaderMixin from modernfix-common.mixins.json into net.minecraft.server.WorldLoader
[09Dec2025 04:11:47.145] [main/DEBUG] [mixin/]: Renaming synthetic method lambda$finishStopwatch$0(Lcom/google/common/base/Stopwatch;Ljava/lang/Object;Ljava/lang/Throwable;)V to mddb3497$lambda$finishStopwatch$0$0 in modernfix-common.mixins.json:feature.measure_time.WorldLoaderMixin
[09Dec2025 04:11:47.146] [main/DEBUG] [mixin/]: Mixing core.WorldLoaderMixin from modernfix-forge.mixins.json into net.minecraft.server.WorldLoader
[09Dec2025 04:11:47.146] [main/DEBUG] [mixin/]: Renaming synthetic method lambda$trackEndReload$0(Ljava/lang/Object;)Ljava/lang/Object; to mddb3497$lambda$trackEndReload$0$1 in modernfix-forge.mixins.json:core.WorldLoaderMixin
[09Dec2025 04:11:47.158] [main/DEBUG] [mixin/]: Mixing perf.resourcepacks.ForgePathPackResourcesMixin from modernfix-forge.mixins.json into net.minecraftforge.resource.PathPackResources
[09Dec2025 04:11:47.159] [main/DEBUG] [mixin/]: Renaming synthetic method lambda$generateResourceCache$0(Lnet/minecraft/server/packs/PackType;)Ljava/nio/file/Path; to mddb3497$lambda$generateResourceCache$0$0 in modernfix-forge.mixins.json:perf.resourcepacks.ForgePathPackResourcesMixin
[09Dec2025 04:11:47.184] [main/DEBUG] [net.minecraftforge.server.ServerLifecycleHooks/CORE]: Generating PackInfo named mod:attributeslib for mod file /workspaces/jhf/servidor_minecraft/mods/ApothicAttributes-1.20.1-1.3.7.jar
[09Dec2025 04:11:47.185] [main/DEBUG] [net.minecraftforge.server.ServerLifecycleHooks/CORE]: Generating PackInfo named mod:radium for mod file /workspaces/jhf/servidor_minecraft/mods/radium-mc1.20.1-0.12.4+git.26c9d8e.jar
[09Dec2025 04:11:47.185] [main/DEBUG] [net.minecraftforge.server.ServerLifecycleHooks/CORE]: Generating PackInfo named mod:mixinextras for mod file 
[09Dec2025 04:11:47.185] [main/DEBUG] [net.minecraftforge.server.ServerLifecycleHooks/CORE]: Generating PackInfo named mod:shw for mod file /workspaces/jhf/servidor_minecraft/mods/SHW 1.1.0 [FORGE] 1.20.1.jar
[09Dec2025 04:11:47.186] [main/DEBUG] [net.minecraftforge.server.ServerLifecycleHooks/CORE]: Generating PackInfo named mod:mowziesmobs for mod file /workspaces/jhf/servidor_minecraft/mods/mowziesmobs-1.7.3.jar
[09Dec2025 04:11:47.186] [main/DEBUG] [net.minecraftforge.server.ServerLifecycleHooks/CORE]: Generating PackInfo named mod:immediatelyfast for mod file /workspaces/jhf/servidor_minecraft/mods/ImmediatelyFast-Forge-1.5.2+1.20.4.jar
[09Dec2025 04:11:47.186] [main/DEBUG] [net.minecraftforge.server.ServerLifecycleHooks/CORE]: Generating PackInfo named mod:geckolib for mod file /workspaces/jhf/servidor_minecraft/mods/geckolib-forge-1.20.1-4.8.2.jar
[09Dec2025 04:11:47.186] [main/DEBUG] [net.minecraftforge.server.ServerLifecycleHooks/CORE]: Generating PackInfo named mod:apotheosis for mod file /workspaces/jhf/servidor_minecraft/mods/Apotheosis-1.20.1-7.4.8.jar
[09Dec2025 04:11:47.186] [main/DEBUG] [net.minecraftforge.server.ServerLifecycleHooks/CORE]: Generating PackInfo named mod:ferritecore for mod file /workspaces/jhf/servidor_minecraft/mods/ferritecore-6.0.1-forge.jar
[09Dec2025 04:11:47.187] [main/DEBUG] [net.minecraftforge.server.ServerLifecycleHooks/CORE]: Generating PackInfo named mod:culllessleaves for mod file /workspaces/jhf/servidor_minecraft/mods/CullLessLeaves-Reforged-1.20.1-1.0.5.jar
[09Dec2025 04:11:47.187] [main/DEBUG] [net.minecraftforge.server.ServerLifecycleHooks/CORE]: Generating PackInfo named mod:jei for mod file /workspaces/jhf/servidor_minecraft/mods/jei-1.20.1-forge-15.20.0.116.jar
[09Dec2025 04:11:47.187] [main/DEBUG] [net.minecraftforge.server.ServerLifecycleHooks/CORE]: Generating PackInfo named mod:vampirism for mod file /workspaces/jhf/servidor_minecraft/mods/Vampirism-1.20.1-1.10.13.jar
[09Dec2025 04:11:47.187] [main/DEBUG] [net.minecraftforge.server.ServerLifecycleHooks/CORE]: Generating PackInfo named mod:ksyxis for mod file /workspaces/jhf/servidor_minecraft/mods/Ksyxis-1.3.4.jar
[09Dec2025 04:11:47.187] [main/DEBUG] [net.minecraftforge.server.ServerLifecycleHooks/CORE]: Generating PackInfo named mod:spark for mod file /workspaces/jhf/servidor_minecraft/mods/spark-1.10.53-forge.jar
[09Dec2025 04:11:47.188] [main/DEBUG] [net.minecraftforge.server.ServerLifecycleHooks/CORE]: Generating PackInfo named mod:forge for mod file /workspaces/jhf/servidor_minecraft/libraries/net/minecraftforge/forge/1.20.1-47.3.7/forge-1.20.1-47.3.7-universal.jar
[09Dec2025 04:11:47.188] [main/DEBUG] [net.minecraftforge.server.ServerLifecycleHooks/CORE]: Generating PackInfo named mod:embeddium for mod file /workspaces/jhf/servidor_minecraft/mods/embeddium-0.3.31+mc1.20.1.jar
[09Dec2025 04:11:47.188] [main/DEBUG] [net.minecraftforge.server.ServerLifecycleHooks/CORE]: Generating PackInfo named mod:placebo for mod file /workspaces/jhf/servidor_minecraft/mods/Placebo-1.20.1-8.6.3.jar
[09Dec2025 04:11:47.188] [main/DEBUG] [net.minecraftforge.server.ServerLifecycleHooks/CORE]: Generating PackInfo named mod:modernfix for mod file /workspaces/jhf/servidor_minecraft/mods/modernfix-forge-5.24.4+mc1.20.1.jar
[09Dec2025 04:11:47.237] [main/DEBUG] [ModernFix/]: Generated cache for /assets in 15.33 ms
[09Dec2025 04:11:47.274] [main/DEBUG] [ModernFix/]: Generated cache for /assets in 35.70 ms
[09Dec2025 04:11:47.284] [main/DEBUG] [ModernFix/]: Generated cache for /assets in 8.827 ms
[09Dec2025 04:11:47.286] [main/DEBUG] [ModernFix/]: Generated cache for /assets in 2.449 ms
[09Dec2025 04:11:47.311] [main/DEBUG] [ModernFix/]: Generated cache for /assets in 24.39 ms
[09Dec2025 04:11:47.312] [main/DEBUG] [ModernFix/]: Generated cache for /assets in 522.3 μs
[09Dec2025 04:11:47.313] [main/DEBUG] [ModernFix/]: Generated cache for /assets in 374.5 μs
[09Dec2025 04:11:47.318] [main/DEBUG] [ModernFix/]: Generated cache for /assets in 133.2 μs
[09Dec2025 04:11:47.318] [main/DEBUG] [ModernFix/]: Generated cache for /assets in 106.4 μs
[09Dec2025 04:11:47.318] [main/DEBUG] [ModernFix/]: Generated cache for /assets in 60.76 μs
[09Dec2025 04:11:47.320] [main/DEBUG] [ModernFix/]: Generated cache for /assets in 1.347 ms
[09Dec2025 04:11:47.321] [main/DEBUG] [ModernFix/]: Generated cache for /assets in 896.4 μs
[09Dec2025 04:11:47.321] [main/DEBUG] [ModernFix/]: Generated cache for /assets in 114.4 μs
[09Dec2025 04:11:47.322] [main/DEBUG] [ModernFix/]: Generated cache for /assets in 96.31 μs
[09Dec2025 04:11:47.322] [main/DEBUG] [ModernFix/]: Generated cache for /assets in 157.4 μs
[09Dec2025 04:11:48.619] [main/DEBUG] [de.teamlapen.vampirism.world.biome.OverworldModifications/]: Removing biome ResourceKey[minecraft:worldgen/biome / minecraft:taiga] from parameter point ParameterPoint[temperature=[-4500--1500], humidity=[1000-3000], continentalness=[-1900-300], erosion=[-3750-500], depth=0, weirdness=[-5666--4000], offset=0] in overworld preset
[09Dec2025 04:11:48.619] [main/DEBUG] [de.teamlapen.vampirism.world.biome.OverworldModifications/]: Removing biome ResourceKey[minecraft:worldgen/biome / minecraft:taiga] from parameter point ParameterPoint[temperature=[-4500--1500], humidity=[1000-3000], continentalness=[300-10000], erosion=[-3750--2225], depth=0, weirdness=[-5666--4000], offset=0] in overworld preset
[09Dec2025 04:11:48.620] [main/DEBUG] [de.teamlapen.vampirism.world.biome.OverworldModifications/]: Removing biome ResourceKey[minecraft:worldgen/biome / minecraft:taiga] from parameter point ParameterPoint[temperature=[-4500--1500], humidity=[1000-3000], continentalness=[-1100-300], erosion=[-3750--2225], depth=0, weirdness=[-4000--2666], offset=0] in overworld preset
[09Dec2025 04:11:48.620] [main/DEBUG] [de.teamlapen.vampirism.world.biome.OverworldModifications/]: Removing biome ResourceKey[minecraft:worldgen/biome / minecraft:taiga] from parameter point ParameterPoint[temperature=[-4500--1500], humidity=[1000-3000], continentalness=[300-3000], erosion=[-3750--2225], depth=0, weirdness=[-4000--2666], offset=0] in overworld preset
[09Dec2025 04:11:48.621] [main/DEBUG] [de.teamlapen.vampirism.world.biome.OverworldModifications/]: Removing biome ResourceKey[minecraft:worldgen/biome / minecraft:taiga] from parameter point ParameterPoint[temperature=[-4500--1500], humidity=[1000-3000], continentalness=[3000-10000], erosion=[-3750--2225], depth=0, weirdness=[-4000--2666], offset=0] in overworld preset
[09Dec2025 04:11:48.624] [main/DEBUG] [de.teamlapen.vampirism.world.biome.OverworldModifications/]: Removing biome ResourceKey[minecraft:worldgen/biome / minecraft:taiga] from parameter point ParameterPoint[temperature=[-4500--1500], humidity=[1000-3000], continentalness=[-1100-300], erosion=[-3750-500], depth=0, weirdness=[-2666--500], offset=0] in overworld preset
[09Dec2025 04:11:48.624] [main/DEBUG] [de.teamlapen.vampirism.world.biome.OverworldModifications/]: Removing biome ResourceKey[minecraft:worldgen/biome / minecraft:taiga] from parameter point ParameterPoint[temperature=[-4500--1500], humidity=[1000-3000], continentalness=[300-10000], erosion=[-3750-500], depth=0, weirdness=[-2666--500], offset=0] in overworld preset
[09Dec2025 04:11:48.625] [main/DEBUG] [de.teamlapen.vampirism.world.biome.OverworldModifications/]: Removing biome ResourceKey[minecraft:worldgen/biome / minecraft:taiga] from parameter point ParameterPoint[temperature=[-4500--1500], humidity=[1000-3000], continentalness=[-1100-300], erosion=[-3750-500], depth=0, weirdness=[500-2666], offset=0] in overworld preset
[09Dec2025 04:11:48.626] [main/DEBUG] [de.teamlapen.vampirism.world.biome.OverworldModifications/]: Removing biome ResourceKey[minecraft:worldgen/biome / minecraft:taiga] from parameter point ParameterPoint[temperature=[-4500--1500], humidity=[1000-3000], continentalness=[300-10000], erosion=[-3750-500], depth=0, weirdness=[500-2666], offset=0] in overworld preset
[09Dec2025 04:11:48.627] [main/DEBUG] [de.teamlapen.vampirism.world.biome.OverworldModifications/]: Removing biome ResourceKey[minecraft:worldgen/biome / minecraft:taiga] from parameter point ParameterPoint[temperature=[-4500--1500], humidity=[1000-3000], continentalness=[-1100-300], erosion=[-3750--2225], depth=0, weirdness=[2666-4000], offset=0] in overworld preset
[09Dec2025 04:11:48.627] [main/DEBUG] [de.teamlapen.vampirism.world.biome.OverworldModifications/]: Removing biome ResourceKey[minecraft:worldgen/biome / minecraft:taiga] from parameter point ParameterPoint[temperature=[-4500--1500], humidity=[1000-3000], continentalness=[300-3000], erosion=[-3750--2225], depth=0, weirdness=[2666-4000], offset=0] in overworld preset
[09Dec2025 04:11:48.627] [main/DEBUG] [de.teamlapen.vampirism.world.biome.OverworldModifications/]: Removing biome ResourceKey[minecraft:worldgen/biome / minecraft:meadow] from parameter point ParameterPoint[temperature=[-4500--1500], humidity=[1000-3000], continentalness=[3000-10000], erosion=[-3750--2225], depth=0, weirdness=[2666-4000], offset=0] in overworld preset
[09Dec2025 04:11:48.632] [main/DEBUG] [de.teamlapen.vampirism.world.biome.OverworldModifications/]: Removed a total of 12 points from 7593
[09Dec2025 04:11:48.632] [main/INFO] [de.teamlapen.vampirism.world.biome.OverworldModifications/]: Adding biome vampirism:vampire_forest to ParameterPoints [ParameterPoint[temperature=[-4000--1900], humidity=[1000-3000], continentalness=[-1100-5500], erosion=[-3750--2225], depth=0, weirdness=[-5666--500], offset=0], ParameterPoint[temperature=[-4000--1900], humidity=[1000-3000], continentalness=[-1100-5500], erosion=[-3750--2225], depth=0, weirdness=[500-4000], offset=0]] in Preset.OVERWORLD
[09Dec2025 04:11:48.803] [main/DEBUG] [mixin/]: Mixing bugfix.registry_ops_cme.RegistryOpsMemoizedMixin from modernfix-common.mixins.json into net.minecraft.resources.RegistryOps$1
[09Dec2025 04:11:48.871] [main/DEBUG] [mixin/]: Mixing TagManagerAccessor from vampirism.mixins.json into net.minecraft.tags.TagManager
[09Dec2025 04:11:48.978] [main/DEBUG] [net.minecraftforge.coremod.transformer.CoreModBaseTransformer/COREMOD]: Transforming net/minecraft/server/commands/EnchantCommand
[09Dec2025 04:11:49.002] [main/INFO] [net.minecraftforge.coremod.CoreMod.apotheosis/COREMODLOG]: Replaced 2 calls to Enchantment#getMaxLevel() in net/minecraft/server/commands/EnchantCommand
[09Dec2025 04:11:49.223] [main/DEBUG] [net.minecraftforge.coremod.transformer.CoreModBaseTransformer/COREMOD]: Transforming net/minecraft/server/commands/SummonCommand
[09Dec2025 04:11:49.459] [main/DEBUG] [mixin/]: Mixing RecipeManagerAccessor from vampirism.mixins.json into net.minecraft.world.item.crafting.RecipeManager
[09Dec2025 04:11:49.460] [main/DEBUG] [mixin/]: Mixing perf.datapack_reload_exceptions.RecipeManagerMixin from modernfix-forge.mixins.json into net.minecraft.world.item.crafting.RecipeManager
[09Dec2025 04:11:49.467] [main/DEBUG] [mixin/]: Mixing feature.measure_time.AddReloadListenerEventWrapperMixin from modernfix-forge.mixins.json into net.minecraftforge.event.AddReloadListenerEvent$WrappedStateAwareListener
[09Dec2025 04:11:49.479] [main/DEBUG] [mixin/]: Mixing feature.measure_time.SimpleReloadInstanceMixin from modernfix-common.mixins.json into net.minecraft.server.packs.resources.SimpleReloadInstance
[09Dec2025 04:11:49.496] [Worker-Main-3/DEBUG] [mixin/]: Mixing perf.tag_id_caching.TagEntryMixin from modernfix-forge.mixins.json into net.minecraft.tags.TagEntry
[09Dec2025 04:11:50.052] [Worker-Main-3/ERROR] [net.minecraftforge.common.ForgeHooks/]: Couldn't parse element loot_tables:apotheosis:book
com.google.gson.JsonSyntaxException: Expected name to be an item, was unknown string 'patchouli:guide_book'
	at net.minecraft.util.GsonHelper.m_13866_(GsonHelper.java:145) ~[server-1.20.1-20230612.114412-srg.jar%23129!/:?]
	at java.util.Optional.orElseThrow(Optional.java:403) ~[?:?]
	at net.minecraft.util.GsonHelper.m_13874_(GsonHelper.java:145) ~[server-1.20.1-20230612.114412-srg.jar%23129!/:?]
	at net.minecraft.util.GsonHelper.m_13909_(GsonHelper.java:153) ~[server-1.20.1-20230612.114412-srg.jar%23129!/:?]
	at net.minecraft.world.level.storage.loot.entries.LootItem$Serializer.m_7267_(LootItem.java:55) ~[server-1.20.1-20230612.114412-srg.jar%23129!/:?]
	at net.minecraft.world.level.storage.loot.entries.LootItem$Serializer.m_7267_(LootItem.java:40) ~[server-1.20.1-20230612.114412-srg.jar%23129!/:?]
	at net.minecraft.world.level.storage.loot.entries.LootPoolSingletonContainer$Serializer.m_5921_(LootPoolSingletonContainer.java:151) ~[server-1.20.1-20230612.114412-srg.jar%23129!/:?]
	at net.minecraft.world.level.storage.loot.entries.LootPoolSingletonContainer$Serializer.m_5921_(LootPoolSingletonContainer.java:129) ~[server-1.20.1-20230612.114412-srg.jar%23129!/:?]
	at net.minecraft.world.level.storage.loot.entries.LootPoolEntryContainer$Serializer.m_7561_(LootPoolEntryContainer.java:86) ~[server-1.20.1-20230612.114412-srg.jar%23129!/:?]
	at net.minecraft.world.level.storage.loot.entries.LootPoolEntryContainer$Serializer.m_7561_(LootPoolEntryContainer.java:74) ~[server-1.20.1-20230612.114412-srg.jar%23129!/:?]
	at net.minecraft.world.level.storage.loot.GsonAdapterFactory$JsonAdapter.deserialize(GsonAdapterFactory.java:102) ~[server-1.20.1-20230612.114412-srg.jar%23129!/:?]
	at com.google.gson.internal.bind.TreeTypeAdapter.read(TreeTypeAdapter.java:76) ~[gson-2.10.jar%2370!/:?]
	at com.google.gson.internal.bind.TypeAdapterRuntimeTypeWrapper.read(TypeAdapterRuntimeTypeWrapper.java:40) ~[gson-2.10.jar%2370!/:?]
	at com.google.gson.internal.bind.ArrayTypeAdapter.read(ArrayTypeAdapter.java:72) ~[gson-2.10.jar%2370!/:?]
	at com.google.gson.Gson.fromJson(Gson.java:1214) ~[gson-2.10.jar%2370!/:?]
	at com.google.gson.Gson.fromJson(Gson.java:1319) ~[gson-2.10.jar%2370!/:?]
	at com.google.gson.Gson.fromJson(Gson.java:1290) ~[gson-2.10.jar%2370!/:?]
	at com.google.gson.internal.bind.TreeTypeAdapter$GsonContextImpl.deserialize(TreeTypeAdapter.java:179) ~[gson-2.10.jar%2370!/:?]
	at net.minecraft.util.GsonHelper.m_13808_(GsonHelper.java:463) ~[server-1.20.1-20230612.114412-srg.jar%23129!/:?]
	at net.minecraft.util.GsonHelper.m_13836_(GsonHelper.java:471) ~[server-1.20.1-20230612.114412-srg.jar%23129!/:?]
	at net.minecraft.world.level.storage.loot.LootPool$Serializer.deserialize(LootPool.java:192) ~[server-1.20.1-20230612.114412-srg.jar%23129!/:?]
	at net.minecraft.world.level.storage.loot.LootPool$Serializer.deserialize(LootPool.java:189) ~[server-1.20.1-20230612.114412-srg.jar%23129!/:?]
	at com.google.gson.internal.bind.TreeTypeAdapter.read(TreeTypeAdapter.java:76) ~[gson-2.10.jar%2370!/:?]
	at com.google.gson.internal.bind.TypeAdapterRuntimeTypeWrapper.read(TypeAdapterRuntimeTypeWrapper.java:40) ~[gson-2.10.jar%2370!/:?]
	at com.google.gson.internal.bind.ArrayTypeAdapter.read(ArrayTypeAdapter.java:72) ~[gson-2.10.jar%2370!/:?]
	at com.google.gson.Gson.fromJson(Gson.java:1214) ~[gson-2.10.jar%2370!/:?]
	at com.google.gson.Gson.fromJson(Gson.java:1319) ~[gson-2.10.jar%2370!/:?]
	at com.google.gson.Gson.fromJson(Gson.java:1290) ~[gson-2.10.jar%2370!/:?]
	at com.google.gson.internal.bind.TreeTypeAdapter$GsonContextImpl.deserialize(TreeTypeAdapter.java:179) ~[gson-2.10.jar%2370!/:?]
	at net.minecraft.util.GsonHelper.m_13808_(GsonHelper.java:463) ~[server-1.20.1-20230612.114412-srg.jar%23129!/:?]
	at net.minecraft.util.GsonHelper.m_13845_(GsonHelper.java:481) ~[server-1.20.1-20230612.114412-srg.jar%23129!/:?]
	at net.minecraft.world.level.storage.loot.LootTable$Serializer.deserialize(LootTable.java:294) ~[server-1.20.1-20230612.114412-srg.jar%23129!/:?]
	at net.minecraft.world.level.storage.loot.LootTable$Serializer.deserialize(LootTable.java:291) ~[server-1.20.1-20230612.114412-srg.jar%23129!/:?]
	at com.google.gson.internal.bind.TreeTypeAdapter.read(TreeTypeAdapter.java:76) ~[gson-2.10.jar%2370!/:?]
	at com.google.gson.Gson.fromJson(Gson.java:1214) ~[gson-2.10.jar%2370!/:?]
	at com.google.gson.Gson.fromJson(Gson.java:1319) ~[gson-2.10.jar%2370!/:?]
	at com.google.gson.Gson.fromJson(Gson.java:1261) ~[gson-2.10.jar%2370!/:?]
	at net.minecraftforge.common.ForgeHooks.loadLootTable(ForgeHooks.java:871) ~[forge-1.20.1-47.3.7-universal.jar%23134!/:?]
	at net.minecraftforge.common.ForgeHooks.lambda$getLootTableDeserializer$3(ForgeHooks.java:848) ~[forge-1.20.1-47.3.7-universal.jar%23134!/:?]
	at net.minecraft.world.level.storage.loot.LootDataType.deserialize(LootDataType.java:45) ~[server-1.20.1-20230612.114412-srg.jar%23129!/:?]
	at net.minecraft.world.level.storage.loot.LootDataManager.lambda$scheduleElementParse$4(LootDataManager.java:56) ~[server-1.20.1-20230612.114412-srg.jar%23129!/:?]
	at java.util.HashMap.forEach(HashMap.java:1421) ~[?:?]
	at net.minecraft.world.level.storage.loot.LootDataManager.m_278660_(LootDataManager.java:55) ~[server-1.20.1-20230612.114412-srg.jar%23129!/:?]
	at java.util.concurrent.CompletableFuture$AsyncRun.run(CompletableFuture.java:1804) ~[?:?]
	at java.util.concurrent.CompletableFuture$AsyncRun.exec(CompletableFuture.java:1796) ~[?:?]
	at java.util.concurrent.ForkJoinTask.doExec(ForkJoinTask.java:373) ~[?:?]
	at java.util.concurrent.ForkJoinPool$WorkQueue.topLevelExec(ForkJoinPool.java:1182) ~[?:?]
	at java.util.concurrent.ForkJoinPool.scan(ForkJoinPool.java:1655) ~[?:?]
	at java.util.concurrent.ForkJoinPool.runWorker(ForkJoinPool.java:1622) ~[?:?]
	at java.util.concurrent.ForkJoinWorkerThread.run(ForkJoinWorkerThread.java:165) ~[?:?]
[09Dec2025 04:11:50.471] [main/INFO] [placebo/]: Registered 34 additional loot tables.
[09Dec2025 04:11:50.531] [main/INFO] [net.minecraft.world.item.crafting.RecipeManager/]: Skipping loading recipe vampirism:general/umbrella as it's serializer returned null
[09Dec2025 04:11:50.578] [main/INFO] [net.minecraft.world.item.crafting.RecipeManager/]: Skipping loading recipe vampirism:general/guidebook as it's serializer returned null
[09Dec2025 04:11:50.593] [main/INFO] [net.minecraft.world.item.crafting.RecipeManager/]: Skipping loading recipe vampirism:vampire/blood_bottle as it's serializer returned null
[09Dec2025 04:11:50.608] [main/INFO] [net.minecraft.world.item.crafting.RecipeManager/]: Loaded 15 recipes
[09Dec2025 04:11:50.782] [main/INFO] [net.minecraft.advancements.AdvancementList/]: Loaded 1645 advancements
[09Dec2025 04:11:50.795] [main/INFO] [placebo/]: Registered 26 additional recipes.
[09Dec2025 04:11:50.827] [main/INFO] [de.teamlapen.vampirism.entity.player.skills.SkillTree/]: Loaded 53 skill nodes
[09Dec2025 04:11:50.835] [main/DEBUG] [de.teamlapen.vampirism.entity.converted.VampirismEntityRegistry/]: Registering convertible Llama with blood 10 and handler de.teamlapen.vampirism.entity.converted.DefaultConvertingHandler
[09Dec2025 04:11:50.837] [main/DEBUG] [de.teamlapen.vampirism.entity.converted.VampirismEntityRegistry/]: Registering convertible Pig with blood 5 and handler de.teamlapen.vampirism.entity.converted.DefaultConvertingHandler
[09Dec2025 04:11:50.839] [main/DEBUG] [de.teamlapen.vampirism.entity.converted.VampirismEntityRegistry/]: Registering convertible Sheep with blood 5 and handler de.teamlapen.vampirism.entity.converted.SpecialConvertingHandler
[09Dec2025 04:11:50.839] [main/DEBUG] [de.teamlapen.vampirism.entity.converted.VampirismEntityRegistry/]: Registering convertible Cow with blood 10 and handler de.teamlapen.vampirism.entity.converted.SpecialConvertingHandler
[09Dec2025 04:11:50.839] [main/DEBUG] [de.teamlapen.vampirism.entity.converted.VampirismEntityRegistry/]: Registering convertible Donkey with blood 13 and handler de.teamlapen.vampirism.entity.converted.SpecialConvertingHandler
[09Dec2025 04:11:50.839] [main/DEBUG] [de.teamlapen.vampirism.entity.converted.VampirismEntityRegistry/]: Registering convertible Polar Bear with blood 10 and handler de.teamlapen.vampirism.entity.converted.DefaultConvertingHandler
[09Dec2025 04:11:50.839] [main/DEBUG] [de.teamlapen.vampirism.entity.converted.VampirismEntityRegistry/]: Registering convertible Horse with blood 13 and handler de.teamlapen.vampirism.entity.converted.SpecialConvertingHandler
[09Dec2025 04:11:50.839] [main/DEBUG] [de.teamlapen.vampirism.entity.converted.VampirismEntityRegistry/]: Registering convertible Mule with blood 13 and handler de.teamlapen.vampirism.entity.converted.SpecialConvertingHandler
[09Dec2025 04:11:50.839] [main/DEBUG] [de.teamlapen.vampirism.entity.converted.VampirismEntityRegistry/]: Registering convertible Fox with blood 4 and handler de.teamlapen.vampirism.entity.converted.SpecialConvertingHandler
[09Dec2025 04:11:50.839] [main/DEBUG] [de.teamlapen.vampirism.entity.converted.VampirismEntityRegistry/]: Registering convertible Rabbit with blood 2 and handler de.teamlapen.vampirism.entity.converted.DefaultConvertingHandler
[09Dec2025 04:11:50.840] [main/DEBUG] [de.teamlapen.vampirism.entity.converted.VampirismEntityRegistry/]: Registering convertible Ocelot with blood 4 and handler de.teamlapen.vampirism.entity.converted.DefaultConvertingHandler
[09Dec2025 04:11:50.840] [main/DEBUG] [de.teamlapen.vampirism.entity.converted.VampirismEntityRegistry/]: Registering convertible Panda with blood 13 and handler de.teamlapen.vampirism.entity.converted.DefaultConvertingHandler
[09Dec2025 04:11:50.840] [main/DEBUG] [de.teamlapen.vampirism.entity.converted.VampirismEntityRegistry/]: Registering convertible Goat with blood 7 and handler de.teamlapen.vampirism.entity.converted.SpecialConvertingHandler
[09Dec2025 04:11:50.840] [main/DEBUG] [de.teamlapen.vampirism.entity.converted.VampirismEntityRegistry/]: Registering convertible Villager with blood 15 and handler de.teamlapen.vampirism.entity.converted.SpecialConvertingHandler
[09Dec2025 04:11:50.840] [main/INFO] [de.teamlapen.vampirism.entity.converted.VampirismEntityRegistry/]: Registered 14 convertibles
[09Dec2025 04:11:50.861] [main/INFO] [Apotheosis : Enchantment/]: Registered 29 enchanting_stats.
[09Dec2025 04:11:50.864] [main/INFO] [Apotheosis : Adventure/]: Registered 6 rarities.
[09Dec2025 04:11:50.896] [main/INFO] [Apotheosis : Adventure/]: Registered 81 affixes.
[09Dec2025 04:11:50.904] [main/WARN] [Apotheosis : Adventure/]: Insufficient number of affixes to satisfy the loot rules (ignoring backup rules) of rarity apotheosis:mythic for category helmetRequired: 3; Provided: 2
[09Dec2025 04:11:50.905] [main/WARN] [Apotheosis : Adventure/]: Insufficient number of affixes to satisfy the loot rules (ignoring backup rules) of rarity apotheosis:mythic for category bootsRequired: 3; Provided: 2
[09Dec2025 04:11:50.906] [main/WARN] [Apotheosis : Adventure/]: Insufficient number of affixes to satisfy the loot rules (ignoring backup rules) of rarity apotheosis:ancient for category helmetRequired: 4; Provided: 2
[09Dec2025 04:11:50.907] [main/WARN] [Apotheosis : Adventure/]: Insufficient number of affixes to satisfy the loot rules (ignoring backup rules) of rarity apotheosis:ancient for category bootsRequired: 4; Provided: 2
[09Dec2025 04:11:50.908] [main/WARN] [Apotheosis : Adventure/]: Insufficient number of affixes to satisfy the loot rules (ignoring backup rules) of rarity apotheosis:ancient for category bowRequired: 5; Provided: 4
[09Dec2025 04:11:50.908] [main/WARN] [Apotheosis : Adventure/]: Insufficient number of affixes to satisfy the loot rules (ignoring backup rules) of rarity apotheosis:ancient for category crossbowRequired: 5; Provided: 4
[09Dec2025 04:11:50.909] [main/WARN] [Apotheosis : Adventure/]: Insufficient number of affixes to satisfy the loot rules (ignoring backup rules) of rarity apotheosis:ancient for category pickaxeRequired: 5; Provided: 4
[09Dec2025 04:11:50.909] [main/WARN] [Apotheosis : Adventure/]: Insufficient number of affixes to satisfy the loot rules (ignoring backup rules) of rarity apotheosis:ancient for category shovelRequired: 5; Provided: 4
[09Dec2025 04:11:50.909] [main/WARN] [Apotheosis : Adventure/]: Insufficient number of affixes to satisfy the loot rules (ignoring backup rules) of rarity apotheosis:ancient for category shieldRequired: 5; Provided: 4
[09Dec2025 04:11:50.936] [main/INFO] [Apotheosis : Adventure/]: Registered 19 gems.
[09Dec2025 04:11:50.952] [main/INFO] [Apotheosis : Adventure/]: Registered 67 affix_loot_entries.
[09Dec2025 04:11:50.965] [main/INFO] [Apotheosis : Adventure/]: Registered 17 bosses.
[09Dec2025 04:11:50.975] [main/INFO] [Apotheosis : Adventure/]: Registered 8 rogue_spawners.
[09Dec2025 04:11:50.988] [main/INFO] [placebo/]: Registered 16 gear_sets.
[09Dec2025 04:11:50.992] [main/INFO] [Apotheosis : Adventure/]: Registered 5 minibosses.
[09Dec2025 04:11:51.002] [main/INFO] [Apotheosis : Village/]: Registered 28 wanderer_trades.
[09Dec2025 04:11:51.044] [main/WARN] [ModernFix/]: Initial datapack load took 3.892 s
[09Dec2025 04:11:51.061] [main/DEBUG] [net.minecraftforge.common.ForgeHooks/WP]: Gathering id map for writing to world save world
[09Dec2025 04:11:51.085] [main/DEBUG] [net.minecraftforge.common.ForgeHooks/WP]: ID Map collection complete world
[09Dec2025 04:11:51.150] [main/DEBUG] [mixin/]: Mixing feature.mcfunction_profiling.ServerFunctionManagerMixin from modernfix-common.mixins.json into net.minecraft.server.ServerFunctionManager
[09Dec2025 04:11:51.150] [main/DEBUG] [mixin/]: Renaming synthetic method lambda$mfix$getProfilingResults$2(Ljava/util/Map$Entry;)Ljava/time/Duration; to mddb3497$lambda$mfix$getProfilingResults$2$0 in modernfix-common.mixins.json:feature.mcfunction_profiling.ServerFunctionManagerMixin
[09Dec2025 04:11:51.151] [main/DEBUG] [mixin/]: Renaming synthetic method lambda$pruneUnusedWatches$1(Lcom/google/common/base/Stopwatch;)Z to mddb3497$lambda$pruneUnusedWatches$1$1 in modernfix-common.mixins.json:feature.mcfunction_profiling.ServerFunctionManagerMixin
[09Dec2025 04:11:51.151] [main/DEBUG] [mixin/]: Renaming synthetic method lambda$startWatch$0(Lnet/minecraft/resources/ResourceLocation;)Lcom/google/common/base/Stopwatch; to mddb3497$lambda$startWatch$0$2 in modernfix-common.mixins.json:feature.mcfunction_profiling.ServerFunctionManagerMixin
[09Dec2025 04:11:51.167] [Server thread/INFO] [net.minecraft.server.dedicated.DedicatedServer/]: Starting minecraft server version 1.20.1
[09Dec2025 04:11:51.167] [Server thread/INFO] [net.minecraft.server.dedicated.DedicatedServer/]: Loading properties
[09Dec2025 04:11:51.167] [Server thread/INFO] [net.minecraft.server.dedicated.DedicatedServer/]: Default game type: SURVIVAL
[09Dec2025 04:11:51.167] [Server thread/INFO] [net.minecraft.server.MinecraftServer/]: Generating keypair
[09Dec2025 04:11:51.703] [Server thread/INFO] [net.minecraft.server.dedicated.DedicatedServer/]: Starting Minecraft server on *:25565
[09Dec2025 04:11:51.706] [Server thread/DEBUG] [net.minecraftforge.network.DualStackUtils/]: Detected IPv6 address: "0:0:0:0:0:0:0:0"
[09Dec2025 04:11:51.725] [Server thread/DEBUG] [io.netty.util.internal.NativeLibraryLoader/]: -Dio.netty.native.workdir: /tmp (io.netty.tmpdir)
[09Dec2025 04:11:51.725] [Server thread/DEBUG] [io.netty.util.internal.NativeLibraryLoader/]: -Dio.netty.native.deleteLibAfterLoading: true
[09Dec2025 04:11:51.725] [Server thread/DEBUG] [io.netty.util.internal.NativeLibraryLoader/]: -Dio.netty.native.tryPatchShadedId: true
[09Dec2025 04:11:51.725] [Server thread/DEBUG] [io.netty.util.internal.NativeLibraryLoader/]: -Dio.netty.native.detectNativeLibraryDuplicates: true
[09Dec2025 04:11:51.741] [Server thread/DEBUG] [io.netty.util.internal.NativeLibraryLoader/]: Successfully loaded the library /tmp/libnetty_transport_native_epoll_x86_64568807293307374633.so
[09Dec2025 04:11:51.745] [Server thread/DEBUG] [io.netty.util.NetUtil/]: -Djava.net.preferIPv4Stack: false
[09Dec2025 04:11:51.745] [Server thread/DEBUG] [io.netty.util.NetUtil/]: -Djava.net.preferIPv6Addresses: true
[09Dec2025 04:11:51.746] [Server thread/DEBUG] [io.netty.util.NetUtilInitializations/]: Loopback interface: lo (lo, 0:0:0:0:0:0:0:1%lo)
[09Dec2025 04:11:51.747] [Server thread/DEBUG] [io.netty.util.NetUtil/]: /proc/sys/net/core/somaxconn: 4096
[09Dec2025 04:11:51.752] [Server thread/INFO] [net.minecraft.server.network.ServerConnectionListener/]: Using epoll channel type
[09Dec2025 04:11:51.766] [Server thread/DEBUG] [mixin/]: Mixing perf.smart_ingredient_sync.ConnectionMixin from modernfix-forge.mixins.json into net.minecraft.network.Connection
[09Dec2025 04:11:51.777] [Server thread/DEBUG] [io.netty.channel.MultithreadEventLoopGroup/]: -Dio.netty.eventLoopThreads: 4
[09Dec2025 04:11:51.798] [Server thread/DEBUG] [io.netty.util.internal.PlatformDependent/]: org.jctools-core.MpscChunkedArrayQueue: available
[09Dec2025 04:11:51.809] [Server thread/DEBUG] [io.netty.channel.DefaultChannelId/]: -Dio.netty.processId: 2960 (auto-detected)
[09Dec2025 04:11:51.811] [Server thread/DEBUG] [io.netty.channel.DefaultChannelId/]: -Dio.netty.machineId: 7c:1e:52:ff:fe:97:43:ab (auto-detected)
[09Dec2025 04:11:51.861] [Server thread/DEBUG] [io.netty.buffer.PooledByteBufAllocator/]: -Dio.netty.allocator.numHeapArenas: 4
[09Dec2025 04:11:51.861] [Server thread/DEBUG] [io.netty.buffer.PooledByteBufAllocator/]: -Dio.netty.allocator.numDirectArenas: 4
[09Dec2025 04:11:51.862] [Server thread/DEBUG] [io.netty.buffer.PooledByteBufAllocator/]: -Dio.netty.allocator.pageSize: 8192
[09Dec2025 04:11:51.862] [Server thread/DEBUG] [io.netty.buffer.PooledByteBufAllocator/]: -Dio.netty.allocator.maxOrder: 9
[09Dec2025 04:11:51.862] [Server thread/DEBUG] [io.netty.buffer.PooledByteBufAllocator/]: -Dio.netty.allocator.chunkSize: 4194304
[09Dec2025 04:11:51.862] [Server thread/DEBUG] [io.netty.buffer.PooledByteBufAllocator/]: -Dio.netty.allocator.smallCacheSize: 256
[09Dec2025 04:11:51.864] [Server thread/DEBUG] [io.netty.buffer.PooledByteBufAllocator/]: -Dio.netty.allocator.normalCacheSize: 64
[09Dec2025 04:11:51.864] [Server thread/DEBUG] [io.netty.buffer.PooledByteBufAllocator/]: -Dio.netty.allocator.maxCachedBufferCapacity: 32768
[09Dec2025 04:11:51.864] [Server thread/DEBUG] [io.netty.buffer.PooledByteBufAllocator/]: -Dio.netty.allocator.cacheTrimInterval: 8192
[09Dec2025 04:11:51.864] [Server thread/DEBUG] [io.netty.buffer.PooledByteBufAllocator/]: -Dio.netty.allocator.cacheTrimIntervalMillis: 0
[09Dec2025 04:11:51.864] [Server thread/DEBUG] [io.netty.buffer.PooledByteBufAllocator/]: -Dio.netty.allocator.useCacheForAllThreads: false
[09Dec2025 04:11:51.864] [Server thread/DEBUG] [io.netty.buffer.PooledByteBufAllocator/]: -Dio.netty.allocator.maxCachedByteBuffersPerChunk: 1023
[09Dec2025 04:11:51.878] [Server thread/DEBUG] [io.netty.buffer.ByteBufUtil/]: -Dio.netty.allocator.type: pooled
[09Dec2025 04:11:51.881] [Server thread/DEBUG] [io.netty.buffer.ByteBufUtil/]: -Dio.netty.threadLocalDirectBufferSize: 0
[09Dec2025 04:11:51.881] [Server thread/DEBUG] [io.netty.buffer.ByteBufUtil/]: -Dio.netty.maxThreadLocalCharBufferSize: 16384
[09Dec2025 04:11:51.905] [Server thread/WARN] [net.minecraft.server.dedicated.DedicatedServer/]: **** SERVER IS RUNNING IN OFFLINE/INSECURE MODE!
[09Dec2025 04:11:51.905] [Server thread/WARN] [net.minecraft.server.dedicated.DedicatedServer/]: The server will make no attempt to authenticate usernames. Beware.
[09Dec2025 04:11:51.905] [Server thread/WARN] [net.minecraft.server.dedicated.DedicatedServer/]: While this makes the game possible to play without internet access, it also opens up the ability for hackers to connect with any username they choose.
[09Dec2025 04:11:51.906] [Server thread/WARN] [net.minecraft.server.dedicated.DedicatedServer/]: To change this, set "online-mode" to "true" in the server.properties file.
[09Dec2025 04:11:51.969] [Server thread/DEBUG] [net.minecraftforge.fml.config.ConfigTracker/CONFIG]: Loading configs type SERVER
[09Dec2025 04:11:51.969] [Server thread/DEBUG] [net.minecraftforge.fml.config.ConfigFileTypeHandler/CONFIG]: Built TOML config for ./world/serverconfig/shw-server.toml
[09Dec2025 04:11:51.970] [Server thread/DEBUG] [net.minecraftforge.fml.config.ConfigFileTypeHandler/CONFIG]: Loaded TOML config file ./world/serverconfig/shw-server.toml
[09Dec2025 04:11:51.971] [Server thread/DEBUG] [net.minecraftforge.fml.config.ConfigFileTypeHandler/CONFIG]: Watching TOML config file ./world/serverconfig/shw-server.toml for changes
[09Dec2025 04:11:51.972] [Server thread/DEBUG] [net.minecraftforge.fml.config.ConfigFileTypeHandler/CONFIG]: Built TOML config for ./world/serverconfig/jei-server.toml
[09Dec2025 04:11:51.972] [Server thread/DEBUG] [net.minecraftforge.fml.config.ConfigFileTypeHandler/CONFIG]: Loaded TOML config file ./world/serverconfig/jei-server.toml
[09Dec2025 04:11:51.972] [Server thread/DEBUG] [net.minecraftforge.fml.config.ConfigFileTypeHandler/CONFIG]: Watching TOML config file ./world/serverconfig/jei-server.toml for changes
[09Dec2025 04:11:51.973] [Server thread/DEBUG] [net.minecraftforge.fml.config.ConfigFileTypeHandler/CONFIG]: Built TOML config for ./world/serverconfig/forge-server.toml
[09Dec2025 04:11:51.974] [Server thread/DEBUG] [net.minecraftforge.fml.config.ConfigFileTypeHandler/CONFIG]: Loaded TOML config file ./world/serverconfig/forge-server.toml
[09Dec2025 04:11:51.974] [Server thread/DEBUG] [net.minecraftforge.fml.config.ConfigFileTypeHandler/CONFIG]: Watching TOML config file ./world/serverconfig/forge-server.toml for changes
[09Dec2025 04:11:51.975] [Server thread/DEBUG] [net.minecraftforge.common.ForgeConfig/FORGEMOD]: Loaded forge config file forge-server.toml
[09Dec2025 04:11:51.975] [Server thread/DEBUG] [net.minecraftforge.fml.config.ConfigFileTypeHandler/CONFIG]: Built TOML config for ./world/serverconfig/vampirism-server.toml
[09Dec2025 04:11:51.976] [Server thread/DEBUG] [net.minecraftforge.fml.config.ConfigFileTypeHandler/CONFIG]: Loaded TOML config file ./world/serverconfig/vampirism-server.toml
[09Dec2025 04:11:51.976] [Server thread/DEBUG] [net.minecraftforge.fml.config.ConfigFileTypeHandler/CONFIG]: Watching TOML config file ./world/serverconfig/vampirism-server.toml for changes
[09Dec2025 04:11:51.979] [Server thread/DEBUG] [net.minecraftforge.fml.config.ConfigFileTypeHandler/CONFIG]: Built TOML config for ./world/serverconfig/vampirism-balance.toml
[09Dec2025 04:11:51.983] [Server thread/DEBUG] [net.minecraftforge.fml.config.ConfigFileTypeHandler/CONFIG]: Loaded TOML config file ./world/serverconfig/vampirism-balance.toml
[09Dec2025 04:11:51.983] [Server thread/DEBUG] [net.minecraftforge.fml.config.ConfigFileTypeHandler/CONFIG]: Watching TOML config file ./world/serverconfig/vampirism-balance.toml for changes
[09Dec2025 04:11:52.170] [Server thread/INFO] [spark/]: Starting background profiler...
[09Dec2025 04:11:52.690] [Server thread/DEBUG] [mixin/]: Mixing ProcessorListsAccessor from vampirism.mixins.json into net.minecraft.data.worldgen.ProcessorLists
[09Dec2025 04:11:52.717] [Server thread/DEBUG] [io.netty.buffer.AbstractByteBuf/]: -Dio.netty.buffer.checkAccessible: true
[09Dec2025 04:11:52.717] [Server thread/DEBUG] [io.netty.buffer.AbstractByteBuf/]: -Dio.netty.buffer.checkBounds: true
[09Dec2025 04:11:52.718] [Server thread/DEBUG] [io.netty.util.ResourceLeakDetectorFactory/]: Loaded default ResourceLeakDetector: io.netty.util.ResourceLeakDetector@776f5e3b
[09Dec2025 04:11:52.725] [Server thread/INFO] [net.minecraft.server.dedicated.DedicatedServer/]: Preparing level "world"
[09Dec2025 04:11:52.727] [Server thread/DEBUG] [mixin/]: Mixing feature.branding.BrandingControlMixin from modernfix-forge.mixins.json into net.minecraftforge.internal.BrandingControl
[09Dec2025 04:11:52.741] [Server thread/DEBUG] [net.minecraftforge.coremod.transformer.CoreModBaseTransformer/COREMOD]: Transforming net/minecraft/world/level/levelgen/PhantomSpawner
[09Dec2025 04:11:52.755] [Server thread/DEBUG] [net.minecraftforge.coremod.transformer.CoreModBaseTransformer/COREMOD]: Transforming net/minecraft/world/level/levelgen/PatrolSpawner
[09Dec2025 04:11:52.768] [Server thread/DEBUG] [net.minecraftforge.coremod.transformer.CoreModBaseTransformer/COREMOD]: Transforming net/minecraft/world/entity/npc/CatSpawner
[09Dec2025 04:11:52.781] [Server thread/DEBUG] [net.minecraftforge.coremod.transformer.CoreModBaseTransformer/COREMOD]: Transforming net/minecraft/world/entity/ai/village/VillageSiege
[09Dec2025 04:11:52.803] [Server thread/DEBUG] [mixin/]: Mixing WandererSpawnerMixin from apotheosis.mixins.json into net.minecraft.world.entity.npc.WanderingTraderSpawner
[09Dec2025 04:11:52.806] [Server thread/DEBUG] [net.minecraftforge.coremod.transformer.CoreModBaseTransformer/COREMOD]: Transforming net/minecraft/world/level/NaturalSpawner
[09Dec2025 04:11:52.870] [Server thread/DEBUG] [mixin/]: Mixing alloc.chunk_ticking.ServerChunkManagerMixin from lithium.mixins.json into net.minecraft.server.level.ServerChunkCache
[09Dec2025 04:11:52.870] [Server thread/DEBUG] [mixin/]: lithium.mixins.json:alloc.chunk_ticking.ServerChunkManagerMixin: Class version 61 required is higher than the class version supported by the current version of Mixin (JAVA_16 supports class version 60)
[09Dec2025 04:11:52.871] [Server thread/DEBUG] [mixin/]: Mixing world.chunk_access.ServerChunkManagerMixin from lithium.mixins.json into net.minecraft.server.level.ServerChunkCache
[09Dec2025 04:11:52.871] [Server thread/DEBUG] [mixin/]: lithium.mixins.json:world.chunk_access.ServerChunkManagerMixin: Class version 61 required is higher than the class version supported by the current version of Mixin (JAVA_16 supports class version 60)
[09Dec2025 04:11:52.871] [Server thread/DEBUG] [mixin/]: Renaming synthetic method lambda$getChunkOffThread$0(IILnet/minecraft/world/level/chunk/ChunkStatus;Z)Lnet/minecraft/world/level/chunk/ChunkAccess; to mddb3497$lambda$getChunkOffThread$0$0 in lithium.mixins.json:world.chunk_access.ServerChunkManagerMixin
[09Dec2025 04:11:52.879] [Server thread/DEBUG] [mixin/]: Mixing bugfix.chunk_deadlock.ServerChunkCache_CurrentLoadingMixin from modernfix-forge.mixins.json into net.minecraft.server.level.ServerChunkCache
[09Dec2025 04:11:52.907] [Server thread/DEBUG] [mixin/]: Mixing collections.entity_ticking.EntityListMixin from lithium.mixins.json into net.minecraft.world.level.entity.EntityTickList
[09Dec2025 04:11:52.908] [Server thread/DEBUG] [mixin/]: lithium.mixins.json:collections.entity_ticking.EntityListMixin: Class version 61 required is higher than the class version supported by the current version of Mixin (JAVA_16 supports class version 60)
[09Dec2025 04:11:52.915] [Server thread/DEBUG] [mixin/]: Mixing world.tick_scheduler.ChunkTickSchedulerMixin from lithium.mixins.json into net.minecraft.world.ticks.LevelChunkTicks
[09Dec2025 04:11:52.915] [Server thread/DEBUG] [mixin/]: lithium.mixins.json:world.tick_scheduler.ChunkTickSchedulerMixin: Class version 61 required is higher than the class version supported by the current version of Mixin (JAVA_16 supports class version 60)
[09Dec2025 04:11:52.916] [Server thread/DEBUG] [mixin/]: Renaming synthetic method lambda$queueTick$0(J)Lme/jellysquid/mods/lithium/common/world/scheduler/OrderedTickQueue; to mddb3497$lambda$queueTick$0$0 in lithium.mixins.json:world.tick_scheduler.ChunkTickSchedulerMixin
[09Dec2025 04:11:52.952] [Server thread/DEBUG] [mixin/]: Mixing chunk.entity_class_groups.ServerEntityManagerAccessor from lithium.mixins.json into net.minecraft.world.level.entity.PersistentEntitySectionManager
[09Dec2025 04:11:52.952] [Server thread/DEBUG] [mixin/]: lithium.mixins.json:chunk.entity_class_groups.ServerEntityManagerAccessor: Class version 61 required is higher than the class version supported by the current version of Mixin (JAVA_16 supports class version 60)
[09Dec2025 04:11:52.953] [Server thread/DEBUG] [mixin/]: Mixing util.entity_movement_tracking.ServerEntityManagerAccessor from lithium.mixins.json into net.minecraft.world.level.entity.PersistentEntitySectionManager
[09Dec2025 04:11:52.953] [Server thread/DEBUG] [mixin/]: lithium.mixins.json:util.entity_movement_tracking.ServerEntityManagerAccessor: Class version 61 required is higher than the class version supported by the current version of Mixin (JAVA_16 supports class version 60)
[09Dec2025 04:11:52.953] [Server thread/DEBUG] [mixin/]: Unexpected: Registered method getCache()Lnet/minecraft/world/level/entity/EntitySectionStorage; in net.minecraft.world.level.entity.PersistentEntitySectionManager was not merged
[09Dec2025 04:11:52.957] [Server thread/DEBUG] [mixin/]: Mixing entity.inactive_navigations.ServerEntityHandlerMixin from lithium.mixins.json into net.minecraft.server.level.ServerLevel$EntityCallbacks
[09Dec2025 04:11:52.957] [Server thread/DEBUG] [mixin/]: lithium.mixins.json:entity.inactive_navigations.ServerEntityHandlerMixin: Class version 61 required is higher than the class version supported by the current version of Mixin (JAVA_16 supports class version 60)
[09Dec2025 04:11:52.962] [Server thread/DEBUG] [mixin/]: Mixing entity.fast_retrieval.SectionedEntityCacheMixin from lithium.mixins.json into net.minecraft.world.level.entity.EntitySectionStorage
[09Dec2025 04:11:52.963] [Server thread/DEBUG] [mixin/]: lithium.mixins.json:entity.fast_retrieval.SectionedEntityCacheMixin: Class version 61 required is higher than the class version supported by the current version of Mixin (JAVA_16 supports class version 60)
[09Dec2025 04:11:52.966] [Server thread/DEBUG] [mixin/]: Mixing util.entity_movement_tracking.SectionedEntityCacheMixin from lithium.mixins.json into net.minecraft.world.level.entity.EntitySectionStorage
[09Dec2025 04:11:52.966] [Server thread/DEBUG] [mixin/]: lithium.mixins.json:util.entity_movement_tracking.SectionedEntityCacheMixin: Class version 61 required is higher than the class version supported by the current version of Mixin (JAVA_16 supports class version 60)
[09Dec2025 04:11:52.970] [Server thread/DEBUG] [mixin/]: Mixing util.entity_section_position.SectionedEntityCacheMixin from lithium.mixins.json into net.minecraft.world.level.entity.EntitySectionStorage
[09Dec2025 04:11:52.970] [Server thread/DEBUG] [mixin/]: lithium.mixins.json:util.entity_section_position.SectionedEntityCacheMixin: Class version 61 required is higher than the class version supported by the current version of Mixin (JAVA_16 supports class version 60)
[09Dec2025 04:11:52.987] [Server thread/DEBUG] [mixin/]: Mixing perf.ticking_chunk_alloc.ChunkHolderMixin from modernfix-common.mixins.json into net.minecraft.server.level.ChunkHolder
[09Dec2025 04:11:52.988] [Server thread/DEBUG] [mixin/]: Mixing world.chunk_access.ChunkHolderMixin from lithium.mixins.json into net.minecraft.server.level.ChunkHolder
[09Dec2025 04:11:52.988] [Server thread/DEBUG] [mixin/]: lithium.mixins.json:world.chunk_access.ChunkHolderMixin: Class version 61 required is higher than the class version supported by the current version of Mixin (JAVA_16 supports class version 60)
[09Dec2025 04:11:52.999] [Server thread/DEBUG] [mixin/]: Mixing world.player_chunk_tick.ThreadedAnvilChunkStorageMixin from lithium.mixins.json into net.minecraft.server.level.ChunkMap
[09Dec2025 04:11:52.999] [Server thread/DEBUG] [mixin/]: lithium.mixins.json:world.player_chunk_tick.ThreadedAnvilChunkStorageMixin: Class version 61 required is higher than the class version supported by the current version of Mixin (JAVA_16 supports class version 60)
[09Dec2025 04:11:53.003] [Server thread/DEBUG] [mixin/]: Mixing bugfix.paper_chunk_patches.ChunkMapMixin from modernfix-common.mixins.json into net.minecraft.server.level.ChunkMap
[09Dec2025 04:11:53.003] [Server thread/DEBUG] [mixin/]: Renaming synthetic method lambda$useLegacySchedulingLogic$1(Lnet/minecraft/world/level/chunk/ChunkStatus;Lnet/minecraft/world/level/ChunkPos;Lnet/minecraft/server/level/ChunkHolder;Lcom/mojang/datafixers/util/Either;)Ljava/util/concurrent/CompletionStage; to mddb3497$lambda$useLegacySchedulingLogic$1$0 in modernfix-common.mixins.json:bugfix.paper_chunk_patches.ChunkMapMixin
[09Dec2025 04:11:53.004] [Server thread/DEBUG] [mixin/]: Renaming synthetic method lambda$useLegacySchedulingLogic$0(Lnet/minecraft/server/level/ChunkHolder;Lnet/minecraft/world/level/chunk/ChunkAccess;)Ljava/util/concurrent/CompletableFuture; to mddb3497$lambda$useLegacySchedulingLogic$0$1 in modernfix-common.mixins.json:bugfix.paper_chunk_patches.ChunkMapMixin
[09Dec2025 04:11:53.005] [Server thread/DEBUG] [mixin/]: Mixing bugfix.chunk_deadlock.ChunkMapLoadMixin from modernfix-forge.mixins.json into net.minecraft.server.level.ChunkMap
[09Dec2025 04:11:53.295] [Server thread/DEBUG] [mixin/]: Mixing perf.cache_strongholds.ChunkGeneratorMixin from modernfix-common.mixins.json into net.minecraft.world.level.chunk.ChunkGeneratorStructureState
[09Dec2025 04:11:53.296] [Server thread/DEBUG] [mixin/]: Renaming synthetic method lambda$saveCachedData$0(Ljava/util/List;)Ljava/util/List; to mddb3497$lambda$saveCachedData$0$0 in modernfix-common.mixins.json:perf.cache_strongholds.ChunkGeneratorMixin
[09Dec2025 04:11:53.384] [Server thread/DEBUG] [mixin/]: Mixing chunk.no_validation.PackedIntegerArrayMixin from lithium.mixins.json into net.minecraft.util.SimpleBitStorage
[09Dec2025 04:11:53.384] [Server thread/DEBUG] [mixin/]: lithium.mixins.json:chunk.no_validation.PackedIntegerArrayMixin: Class version 61 required is higher than the class version supported by the current version of Mixin (JAVA_16 supports class version 60)
[09Dec2025 04:11:53.384] [Server thread/DEBUG] [mixin/]: Mixing chunk.serialization.PackedIntegerArrayMixin from lithium.mixins.json into net.minecraft.util.SimpleBitStorage
[09Dec2025 04:11:53.384] [Server thread/DEBUG] [mixin/]: lithium.mixins.json:chunk.serialization.PackedIntegerArrayMixin: Class version 61 required is higher than the class version supported by the current version of Mixin (JAVA_16 supports class version 60)
[09Dec2025 04:11:53.415] [Server thread/DEBUG] [mixin/]: Mixing ai.poi.PointOfInterestStorageMixin from lithium.mixins.json into net.minecraft.world.entity.ai.village.poi.PoiManager
[09Dec2025 04:11:53.416] [Server thread/DEBUG] [mixin/]: lithium.mixins.json:ai.poi.PointOfInterestStorageMixin: Class version 61 required is higher than the class version supported by the current version of Mixin (JAVA_16 supports class version 60)
[09Dec2025 04:11:53.417] [Server thread/DEBUG] [mixin/]: Renaming synthetic method lambda$withinSphereChunkSectionSorted$6(Lnet/minecraft/core/BlockPos;DLjava/util/ArrayList;Lnet/minecraft/world/entity/ai/village/poi/PoiRecord;)V to mddb3497$lambda$withinSphereChunkSectionSorted$6$0 in lithium.mixins.json:ai.poi.PointOfInterestStorageMixin
[09Dec2025 04:11:53.417] [Server thread/DEBUG] [mixin/]: Renaming synthetic method lambda$withinSphereChunkSectionSortedStream$5(Ljava/util/function/Predicate;Lnet/minecraft/world/entity/ai/village/poi/PoiManager$Occupancy;Lnet/minecraft/core/BlockPos;DLjava/util/stream/Stream;)Ljava/util/stream/Stream; to mddb3497$lambda$withinSphereChunkSectionSortedStream$5$1 in lithium.mixins.json:ai.poi.PointOfInterestStorageMixin
[09Dec2025 04:11:53.417] [Server thread/DEBUG] [mixin/]: Renaming synthetic method lambda$withinSphereChunkSectionSortedStream$4(Ljava/util/function/Predicate;Lnet/minecraft/world/entity/ai/village/poi/PoiManager$Occupancy;Lnet/minecraft/core/BlockPos;DLnet/minecraft/world/entity/ai/village/poi/PoiSection;)Ljava/util/stream/Stream; to mddb3497$lambda$withinSphereChunkSectionSortedStream$4$2 in lithium.mixins.json:ai.poi.PointOfInterestStorageMixin
[09Dec2025 04:11:53.418] [Server thread/DEBUG] [mixin/]: Renaming synthetic method lambda$withinSphereChunkSectionSortedStream$3(Lnet/minecraft/core/BlockPos;DLnet/minecraft/world/entity/ai/village/poi/PoiRecord;)Z to mddb3497$lambda$withinSphereChunkSectionSortedStream$3$3 in lithium.mixins.json:ai.poi.PointOfInterestStorageMixin
[09Dec2025 04:11:53.418] [Server thread/DEBUG] [mixin/]: Renaming synthetic method lambda$findNearestForPortalLogic$2(Lnet/minecraft/world/level/border/WorldBorder;Ljava/util/function/Predicate;Lnet/minecraft/world/entity/ai/village/poi/PoiRecord;)Z to mddb3497$lambda$findNearestForPortalLogic$2$4 in lithium.mixins.json:ai.poi.PointOfInterestStorageMixin
[09Dec2025 04:11:53.418] [Server thread/DEBUG] [mixin/]: Renaming synthetic method lambda$getNearestPosition$1(Ljava/util/function/Predicate;Lnet/minecraft/world/entity/ai/village/poi/PoiRecord;)Z to mddb3497$lambda$getNearestPosition$1$5 in lithium.mixins.json:ai.poi.PointOfInterestStorageMixin
[09Dec2025 04:11:53.418] [Server thread/DEBUG] [mixin/]: Renaming synthetic method lambda$getInChunk$0(Ljava/util/function/Predicate;Lnet/minecraft/world/entity/ai/village/poi/PoiManager$Occupancy;Lnet/minecraft/world/entity/ai/village/poi/PoiSection;)Ljava/util/stream/Stream; to mddb3497$lambda$getInChunk$0$6 in lithium.mixins.json:ai.poi.PointOfInterestStorageMixin
[09Dec2025 04:11:53.425] [Server thread/DEBUG] [mixin/]: Mixing ai.poi.fast_portals.PointOfInterestStorageMixin from lithium.mixins.json into net.minecraft.world.entity.ai.village.poi.PoiManager
[09Dec2025 04:11:53.426] [Server thread/DEBUG] [mixin/]: lithium.mixins.json:ai.poi.fast_portals.PointOfInterestStorageMixin: Class version 61 required is higher than the class version supported by the current version of Mixin (JAVA_16 supports class version 60)
[09Dec2025 04:11:53.446] [Server thread/DEBUG] [mixin/]: Mixing ai.poi.SerializingRegionBasedStorageMixin from lithium.mixins.json into net.minecraft.world.level.chunk.storage.SectionStorage
[09Dec2025 04:11:53.446] [Server thread/DEBUG] [mixin/]: lithium.mixins.json:ai.poi.SerializingRegionBasedStorageMixin: Class version 61 required is higher than the class version supported by the current version of Mixin (JAVA_16 supports class version 60)
[09Dec2025 04:11:53.451] [Server thread/DEBUG] [mixin/]: Renaming synthetic method lambda$getInChunkColumn$0(Ljava/util/BitSet;Lit/unimi/dsi/fastutil/longs/Long2ObjectMap;ILnet/minecraft/world/level/LevelHeightAccessor;I)Ljava/util/Iterator; to mddb3497$lambda$getInChunkColumn$0$0 in lithium.mixins.json:ai.poi.SerializingRegionBasedStorageMixin
[09Dec2025 04:11:53.468] [Server thread/DEBUG] [mixin/]: Mixing ai.poi.PointOfInterestSetMixin from lithium.mixins.json into net.minecraft.world.entity.ai.village.poi.PoiSection
[09Dec2025 04:11:53.468] [Server thread/DEBUG] [mixin/]: lithium.mixins.json:ai.poi.PointOfInterestSetMixin: Class version 61 required is higher than the class version supported by the current version of Mixin (JAVA_16 supports class version 60)
[09Dec2025 04:11:53.469] [Server thread/DEBUG] [mixin/]: Renaming synthetic method lambda$computeIfAbsent$0(Ljava/lang/Object;)Ljava/lang/Object; to mddb3497$lambda$computeIfAbsent$0$0 in lithium.mixins.json:ai.poi.PointOfInterestSetMixin
[09Dec2025 04:11:53.492] [Server thread/DEBUG] [mixin/]: Mixing ai.poi.fast_portals.PortalForcerMixin from lithium.mixins.json into net.minecraft.world.level.portal.PortalForcer
[09Dec2025 04:11:53.493] [Server thread/DEBUG] [mixin/]: lithium.mixins.json:ai.poi.fast_portals.PortalForcerMixin: Class version 61 required is higher than the class version supported by the current version of Mixin (JAVA_16 supports class version 60)
[09Dec2025 04:11:53.493] [Server thread/DEBUG] [mixin/]: Renaming synthetic method lambda$getPortalRect$2(Lnet/minecraft/world/entity/ai/village/poi/PoiRecord;)Lnet/minecraft/BlockUtil$FoundRectangle; to mddb3497$lambda$getPortalRect$2$0 in lithium.mixins.json:ai.poi.fast_portals.PortalForcerMixin
[09Dec2025 04:11:53.493] [Server thread/DEBUG] [mixin/]: Renaming synthetic method lambda$getPortalRect$1(Lnet/minecraft/world/level/block/state/BlockState;Lnet/minecraft/core/BlockPos;)Z to mddb3497$lambda$getPortalRect$1$1 in lithium.mixins.json:ai.poi.fast_portals.PortalForcerMixin
[09Dec2025 04:11:53.493] [Server thread/DEBUG] [mixin/]: Renaming synthetic method lambda$getPortalRect$0(Lnet/minecraft/world/entity/ai/village/poi/PoiRecord;)Z to mddb3497$lambda$getPortalRect$0$2 in lithium.mixins.json:ai.poi.fast_portals.PortalForcerMixin
[09Dec2025 04:11:53.523] [Server thread/DEBUG] [mixin/]: Mixing perf.faster_structure_location.StructureCheckMixin from modernfix-common.mixins.json into net.minecraft.world.level.levelgen.structure.StructureCheck
[09Dec2025 04:11:53.525] [Server thread/DEBUG] [net.minecraftforge.coremod.transformer.CoreModBaseTransformer/COREMOD]: Transforming net/minecraft/world/level/levelgen/structure/Structure
[09Dec2025 04:11:53.577] [Server thread/DEBUG] [ModernFix/]: Loaded stronghold cache for dimension minecraft:overworld with 128 positions
[09Dec2025 04:11:53.581] [Server thread/INFO] [de.teamlapen.vampirism.GeneralEventHandler/]: Replacing DistanceManager.chunksToUpdateFutures for level ResourceKey[minecraft:dimension / minecraft:overworld] with concurrent set.
[09Dec2025 04:11:53.611] [Server thread/INFO] [de.teamlapen.vampirism.GeneralEventHandler/]: Replacing DistanceManager.chunksToUpdateFutures for level ResourceKey[minecraft:dimension / minecraft:the_end] with concurrent set.
[09Dec2025 04:11:53.627] [Server thread/INFO] [de.teamlapen.vampirism.GeneralEventHandler/]: Replacing DistanceManager.chunksToUpdateFutures for level ResourceKey[minecraft:dimension / minecraft:the_nether] with concurrent set.
[09Dec2025 04:11:53.630] [Server thread/INFO] [Ksyxis/MinecraftServerMixin/MOD_KSYXIS]: Ksyxis: Hey. This is Ksyxis. We will now load the world and will try to do it quickly. If the game is not responding after this, it's probably us to blame or delete for good. This message appears always, even if the mod works flawlessly. (injector: modern, ci: CallbackInfo[TYPE=CallbackInfo,NAME=m_129940_,CANCELLABLE=false], server: net.minecraft.server.dedicated.DedicatedServer@71eee2a8)
[09Dec2025 04:11:53.638] [Server thread/INFO] [net.minecraft.server.MinecraftServer/]: Preparing start region for dimension minecraft:overworld
[09Dec2025 04:11:53.650] [Server thread/DEBUG] [Ksyxis/MinecraftServerMixin/MOD_KSYXIS]: Ksyxis: Adding zero-level ticket in MinecraftServerMixin. (previousTicketLevel: 11, expectedPreviousTicketLevel: 11, server: net.minecraft.server.dedicated.DedicatedServer@71eee2a8)
[09Dec2025 04:11:53.657] [Server thread/DEBUG] [mixin/]: Mixing world.chunk_tickets.SortedArraySetMixin from lithium.mixins.json into net.minecraft.util.SortedArraySet
[09Dec2025 04:11:53.657] [Server thread/DEBUG] [mixin/]: lithium.mixins.json:world.chunk_tickets.SortedArraySetMixin: Class version 61 required is higher than the class version supported by the current version of Mixin (JAVA_16 supports class version 60)
[09Dec2025 04:11:53.658] [Server thread/DEBUG] [mixin/]: Mixing bugfix.paper_chunk_patches.SortedArraySetMixin from modernfix-common.mixins.json into net.minecraft.util.SortedArraySet
[09Dec2025 04:11:53.662] [Server thread/WARN] [mixin/]: Method overwrite conflict for removeIf in modernfix-common.mixins.json:bugfix.paper_chunk_patches.SortedArraySetMixin, previously written by me.jellysquid.mods.lithium.mixin.world.chunk_tickets.SortedArraySetMixin. Skipping method.
[09Dec2025 04:11:53.665] [Server thread/DEBUG] [mixin/]: Unexpected: Registered method removeIf(Ljava/util/function/Predicate;)Z in net.minecraft.util.SortedArraySet was not merged
[09Dec2025 04:11:53.667] [Server thread/DEBUG] [Ksyxis/MinecraftServerMixin/MOD_KSYXIS]: Ksyxis: Reporting fake loaded chunks in MinecraftServerMixin. (fakeLoaded: 0, expectedFakeLoaded: 0 or 441, reallyLoaded: 441, expectedReallyLoaded: 441, server: net.minecraft.server.dedicated.DedicatedServer@71eee2a8)
[09Dec2025 04:11:53.727] [Server thread/INFO] [net.minecraft.server.level.progress.LoggerChunkProgressListener/]: Time elapsed: 85 ms
[09Dec2025 04:11:53.727] [Server thread/INFO] [net.minecraft.server.dedicated.DedicatedServer/]: Done (1.758s)! For help, type "help"
[09Dec2025 04:11:53.897] [Server thread/DEBUG] [net.minecraftforge.network.DualStackUtils/]: Detected IPv6 address: "0:0:0:0:0:0:0:0"
[09Dec2025 04:11:53.942] [Server thread/DEBUG] [net.minecraftforge.common.ForgeI18n/CORE]: Loading I18N data entries: 3635
[09Dec2025 04:11:53.948] [Server thread/INFO] [net.minecraftforge.server.permission.PermissionAPI/]: Successfully initialized permission handler forge:default_handler
[09Dec2025 04:11:53.950] [Server thread/WARN] [ModernFix/]: Dedicated server took 38.508 seconds to load
[09Dec2025 04:11:54.009] [Server thread/DEBUG] [net.minecraftforge.coremod.transformer.CoreModBaseTransformer/COREMOD]: Transforming net/minecraft/world/level/NaturalSpawner
[09Dec2025 04:11:54.059] [Server thread/DEBUG] [mixin/]: Mixing chunk.palette.PalettedContainerMixin from lithium.mixins.json into net.minecraft.world.level.chunk.PalettedContainer$Strategy
[09Dec2025 04:11:54.061] [Server thread/DEBUG] [mixin/]: lithium.mixins.json:chunk.palette.PalettedContainerMixin: Class version 61 required is higher than the class version supported by the current version of Mixin (JAVA_16 supports class version 60)
[09Dec2025 04:11:54.064] [Server thread/DEBUG] [mixin/]: Generating mapped inner class net/minecraft/world/level/chunk/PalettedContainer$Strategy$Anonymous$bc15a40ac712436db126a3c3e1d7bb90 (originally me/jellysquid/mods/lithium/mixin/chunk/palette/PalettedContainerMixin$1)
[09Dec2025 04:11:54.068] [Server thread/DEBUG] [mixin/]: Generating mapped inner class net/minecraft/world/level/chunk/PalettedContainer$Strategy$Anonymous$f485c648f3b3480c891fbec6cac9edd6 (originally me/jellysquid/mods/lithium/mixin/chunk/palette/PalettedContainerMixin$2)
[09Dec2025 04:11:54.072] [Server thread/DEBUG] [mixin/]: Mixing chunk.no_locking.PalettedContainerMixin from lithium.mixins.json into net.minecraft.world.level.chunk.PalettedContainer
[09Dec2025 04:11:54.072] [Server thread/DEBUG] [mixin/]: lithium.mixins.json:chunk.no_locking.PalettedContainerMixin: Class version 61 required is higher than the class version supported by the current version of Mixin (JAVA_16 supports class version 60)
[09Dec2025 04:11:54.072] [Server thread/DEBUG] [mixin/]: Mixing chunk.serialization.PalettedContainerMixin from lithium.mixins.json into net.minecraft.world.level.chunk.PalettedContainer
[09Dec2025 04:11:54.072] [Server thread/DEBUG] [mixin/]: lithium.mixins.json:chunk.serialization.PalettedContainerMixin: Class version 61 required is higher than the class version supported by the current version of Mixin (JAVA_16 supports class version 60)
[09Dec2025 04:11:54.073] [Server thread/DEBUG] [mixin/]: Renaming synthetic method lambda$count$2([SI)V to mddb3497$lambda$count$2$0 in lithium.mixins.json:chunk.serialization.PalettedContainerMixin
[09Dec2025 04:11:54.073] [Server thread/DEBUG] [mixin/]: Renaming synthetic method lambda$static$1()[S to mddb3497$lambda$static$1$1 in lithium.mixins.json:chunk.serialization.PalettedContainerMixin
[09Dec2025 04:11:54.073] [Server thread/DEBUG] [mixin/]: Renaming synthetic method lambda$static$0()[S to mddb3497$lambda$static$0$2 in lithium.mixins.json:chunk.serialization.PalettedContainerMixin
[09Dec2025 04:11:54.075] [Server thread/DEBUG] [mixin/]: Mixing perf.compact_bit_storage.PalettedContainerMixin from modernfix-common.mixins.json into net.minecraft.world.level.chunk.PalettedContainer
[09Dec2025 04:11:54.102] [Server thread/DEBUG] [mixin/]: Mixing chunk.no_locking.ChunkSectionMixin from lithium.mixins.json into net.minecraft.world.level.chunk.LevelChunkSection
[09Dec2025 04:11:54.102] [Server thread/DEBUG] [mixin/]: lithium.mixins.json:chunk.no_locking.ChunkSectionMixin: Class version 61 required is higher than the class version supported by the current version of Mixin (JAVA_16 supports class version 60)
[09Dec2025 04:11:54.102] [Server thread/DEBUG] [mixin/]: Mixing util.block_tracking.ChunkSectionMixin from lithium.mixins.json into net.minecraft.world.level.chunk.LevelChunkSection
[09Dec2025 04:11:54.102] [Server thread/DEBUG] [mixin/]: lithium.mixins.json:util.block_tracking.ChunkSectionMixin: Class version 61 required is higher than the class version supported by the current version of Mixin (JAVA_16 supports class version 60)
[09Dec2025 04:11:54.103] [Server thread/DEBUG] [mixin/]: Renaming synthetic method lambda$initFlagCounters$0(Lnet/minecraft/world/level/chunk/PalettedContainer$CountConsumer;Lnet/minecraft/world/level/block/state/BlockState;I)V to mddb3497$lambda$initFlagCounters$0$0 in lithium.mixins.json:util.block_tracking.ChunkSectionMixin
[09Dec2025 04:11:54.135] [Server thread/DEBUG] [mixin/]: Mixing BlockStateCacheMixin from ferritecore.blockstatecache.mixin.json into net.minecraft.world.level.block.state.BlockBehaviour$BlockStateBase$Cache
[09Dec2025 04:11:54.135] [Server thread/DEBUG] [mixin/]: Mixing perf.cache_blockstate_cache_arrays.AbstractBlockStateCacheMixin from modernfix-common.mixins.json into net.minecraft.world.level.block.state.BlockBehaviour$BlockStateBase$Cache
[09Dec2025 04:11:54.140] [Server thread/DEBUG] [mixin/]: Mixing shapes.lazy_shape_context.EntityShapeContextMixin from lithium.mixins.json into net.minecraft.world.phys.shapes.EntityCollisionContext
[09Dec2025 04:11:54.140] [Server thread/DEBUG] [mixin/]: lithium.mixins.json:shapes.lazy_shape_context.EntityShapeContextMixin: Class version 61 required is higher than the class version supported by the current version of Mixin (JAVA_16 supports class version 60)
[09Dec2025 04:11:54.140] [Server thread/DEBUG] [mixin/]: Renaming synthetic method lambda$canWalkOnFluid$0(Lnet/minecraft/world/level/material/FluidState;)Z to mddb3497$lambda$canWalkOnFluid$0$0 in lithium.mixins.json:shapes.lazy_shape_context.EntityShapeContextMixin
[09Dec2025 04:11:54.147] [Server thread/DEBUG] [mixin/]: Mixing ai.pathing.LandPathNodeMakerMixin from lithium.mixins.json into net.minecraft.world.level.pathfinder.WalkNodeEvaluator
[09Dec2025 04:11:54.147] [Server thread/DEBUG] [mixin/]: lithium.mixins.json:ai.pathing.LandPathNodeMakerMixin: Class version 61 required is higher than the class version supported by the current version of Mixin (JAVA_16 supports class version 60)
[09Dec2025 04:11:54.163] [Server thread/DEBUG] [mixin/]: Mixing chunk.no_validation.EmptyPaletteStorageMixin from lithium.mixins.json into net.minecraft.util.ZeroBitStorage
[09Dec2025 04:11:54.163] [Server thread/DEBUG] [mixin/]: lithium.mixins.json:chunk.no_validation.EmptyPaletteStorageMixin: Class version 61 required is higher than the class version supported by the current version of Mixin (JAVA_16 supports class version 60)
[09Dec2025 04:11:54.179] [Server thread/DEBUG] [mixin/]: Mixing SubShapeAccess from ferritecore.blockstatecache.mixin.json into net.minecraft.world.phys.shapes.SubShape
[09Dec2025 04:11:54.488] [Server thread/DEBUG] [mixin/]: Mixing chunk.entity_class_groups.EntityTrackingSectionAccessor from lithium.mixins.json into net.minecraft.world.level.entity.EntitySection
[09Dec2025 04:11:54.488] [Server thread/DEBUG] [mixin/]: lithium.mixins.json:chunk.entity_class_groups.EntityTrackingSectionAccessor: Class version 61 required is higher than the class version supported by the current version of Mixin (JAVA_16 supports class version 60)
[09Dec2025 04:11:54.488] [Server thread/DEBUG] [mixin/]: Mixing entity.collisions.unpushable_cramming.EntityTrackingSectionMixin from lithium.mixins.json into net.minecraft.world.level.entity.EntitySection
[09Dec2025 04:11:54.488] [Server thread/DEBUG] [mixin/]: lithium.mixins.json:entity.collisions.unpushable_cramming.EntityTrackingSectionMixin: Class version 61 required is higher than the class version supported by the current version of Mixin (JAVA_16 supports class version 60)
[09Dec2025 04:11:54.492] [Server thread/DEBUG] [mixin/]: Mixing util.entity_movement_tracking.EntityTrackingSectionMixin from lithium.mixins.json into net.minecraft.world.level.entity.EntitySection
[09Dec2025 04:11:54.492] [Server thread/DEBUG] [mixin/]: lithium.mixins.json:util.entity_movement_tracking.EntityTrackingSectionMixin: Class version 61 required is higher than the class version supported by the current version of Mixin (JAVA_16 supports class version 60)
[09Dec2025 04:11:54.494] [Server thread/DEBUG] [mixin/]: Mixing util.entity_section_position.EntityTrackingSectionMixin from lithium.mixins.json into net.minecraft.world.level.entity.EntitySection
[09Dec2025 04:11:54.494] [Server thread/DEBUG] [mixin/]: lithium.mixins.json:util.entity_section_position.EntityTrackingSectionMixin: Class version 61 required is higher than the class version supported by the current version of Mixin (JAVA_16 supports class version 60)
[09Dec2025 04:11:54.519] [Server thread/DEBUG] [mixin/]: Mixing WalkAnimationStateAccessor from vampirism.mixins.json into net.minecraft.world.entity.WalkAnimationState
[09Dec2025 04:11:54.534] [Server thread/DEBUG] [mixin/]: Mixing collections.goals.GoalSelectorMixin from lithium.mixins.json into net.minecraft.world.entity.ai.goal.GoalSelector
[09Dec2025 04:11:54.534] [Server thread/DEBUG] [mixin/]: lithium.mixins.json:collections.goals.GoalSelectorMixin: Class version 61 required is higher than the class version supported by the current version of Mixin (JAVA_16 supports class version 60)
[09Dec2025 04:11:54.537] [Server thread/DEBUG] [mixin/]: Mixing GoalSelectorMixin from vampirism.mixins.json into net.minecraft.world.entity.ai.goal.GoalSelector
[09Dec2025 04:11:54.622] [Server thread/DEBUG] [mixin/]: Mixing chunk.entity_class_groups.TypeFilterableListMixin from lithium.mixins.json into net.minecraft.util.ClassInstanceMultiMap
[09Dec2025 04:11:54.622] [Server thread/DEBUG] [mixin/]: lithium.mixins.json:chunk.entity_class_groups.TypeFilterableListMixin: Class version 61 required is higher than the class version supported by the current version of Mixin (JAVA_16 supports class version 60)
[09Dec2025 04:11:54.625] [Server thread/DEBUG] [mixin/]: Mixing collections.entity_by_type.TypeFilterableListMixin from lithium.mixins.json into net.minecraft.util.ClassInstanceMultiMap
[09Dec2025 04:11:54.626] [Server thread/DEBUG] [mixin/]: lithium.mixins.json:collections.entity_by_type.TypeFilterableListMixin: Class version 61 required is higher than the class version supported by the current version of Mixin (JAVA_16 supports class version 60)
[09Dec2025 04:11:54.626] [Server thread/DEBUG] [mixin/]: Mixing collections.entity_filtering.TypeFilterableListMixin from lithium.mixins.json into net.minecraft.util.ClassInstanceMultiMap
[09Dec2025 04:11:54.626] [Server thread/DEBUG] [mixin/]: lithium.mixins.json:collections.entity_filtering.TypeFilterableListMixin: Class version 61 required is higher than the class version supported by the current version of Mixin (JAVA_16 supports class version 60)
[09Dec2025 04:11:54.665] [Server thread/DEBUG] [mixin/]: Mixing util.entity_movement_tracking.ServerEntityManagerListenerMixin from lithium.mixins.json into net.minecraft.world.level.entity.PersistentEntitySectionManager$Callback
[09Dec2025 04:11:54.666] [Server thread/DEBUG] [mixin/]: lithium.mixins.json:util.entity_movement_tracking.ServerEntityManagerListenerMixin: Class version 61 required is higher than the class version supported by the current version of Mixin (JAVA_16 supports class version 60)
[09Dec2025 04:11:54.674] [Server thread/DEBUG] [mixin/]: Mixing alloc.entity_tracker.EntityTrackerMixin from lithium.mixins.json into net.minecraft.server.level.ChunkMap$TrackedEntity
[09Dec2025 04:11:54.675] [Server thread/DEBUG] [mixin/]: lithium.mixins.json:alloc.entity_tracker.EntityTrackerMixin: Class version 61 required is higher than the class version supported by the current version of Mixin (JAVA_16 supports class version 60)
[09Dec2025 04:12:51.030] [Netty Epoll Server IO #1/DEBUG] [io.netty.util.Recycler/]: -Dio.netty.recycler.maxCapacityPerThread: 4096
[09Dec2025 04:12:51.030] [Netty Epoll Server IO #1/DEBUG] [io.netty.util.Recycler/]: -Dio.netty.recycler.ratio: 8
[09Dec2025 04:12:51.030] [Netty Epoll Server IO #1/DEBUG] [io.netty.util.Recycler/]: -Dio.netty.recycler.chunkSize: 32
[09Dec2025 04:12:51.030] [Netty Epoll Server IO #1/DEBUG] [io.netty.util.Recycler/]: -Dio.netty.recycler.blocking: false
[09Dec2025 04:12:51.043] [Netty Epoll Server IO #1/DEBUG] [mixin/]: Mixing core.NetworkHooksMixin from modernfix-forge.mixins.json into net.minecraftforge.network.NetworkHooks
[09Dec2025 04:12:52.505] [Netty Epoll Server IO #2/DEBUG] [net.minecraftforge.network.HandshakeHandler/FMLHANDSHAKE]: Starting new modded impl connection. Found 38 messages to dispatch.
[09Dec2025 04:12:52.652] [Server thread/DEBUG] [net.minecraftforge.network.HandshakeHandler/FMLHANDSHAKE]: Sending ticking packet info 'net.minecraftforge.network.HandshakeMessages$S2CModData' to 'fml:handshake' sequence 0
[09Dec2025 04:12:52.702] [Server thread/DEBUG] [net.minecraftforge.network.HandshakeHandler/FMLHANDSHAKE]: Sending ticking packet info 'net.minecraftforge.network.HandshakeMessages$S2CModList' to 'fml:handshake' sequence 1
[09Dec2025 04:12:52.752] [Server thread/DEBUG] [net.minecraftforge.network.HandshakeHandler/FMLHANDSHAKE]: Sending ticking packet info 'Registry minecraft:command_argument_type' to 'fml:handshake' sequence 2
[09Dec2025 04:12:52.802] [Server thread/DEBUG] [net.minecraftforge.network.HandshakeHandler/FMLHANDSHAKE]: Sending ticking packet info 'Registry minecraft:villager_profession' to 'fml:handshake' sequence 3
[09Dec2025 04:12:52.848] [Netty Epoll Server IO #2/DEBUG] [net.minecraftforge.network.LoginWrapper/FMLHANDSHAKE]: Recieved login wrapper packet event for channel fml:handshake with index 1
[09Dec2025 04:12:52.851] [Netty Epoll Server IO #2/DEBUG] [net.minecraftforge.network.HandshakeHandler/FMLHANDSHAKE]: Received client indexed reply 1 of type net.minecraftforge.network.HandshakeMessages$C2SModListReply
[09Dec2025 04:12:52.852] [Netty Epoll Server IO #2/DEBUG] [net.minecraftforge.network.HandshakeHandler/FMLHANDSHAKE]: Received client connection with modlist [minecraft, attributeslib, radium, mixinextras, shw, mowziesmobs, geckolib, apotheosis, ferritecore, culllessleaves, jei, vampirism, teamlapenlib, ksyxis, forge, embeddium, rubidium, placebo, modernfix]
[09Dec2025 04:12:52.852] [Server thread/DEBUG] [net.minecraftforge.network.HandshakeHandler/FMLHANDSHAKE]: Sending ticking packet info 'Registry minecraft:item' to 'fml:handshake' sequence 4
[09Dec2025 04:12:52.853] [Netty Epoll Server IO #2/DEBUG] [net.minecraftforge.network.NetworkRegistry/NETREGISTRY]: Channel 'shw:messages' : Version test of '1.0' from client : ACCEPTED
[09Dec2025 04:12:52.853] [Netty Epoll Server IO #2/DEBUG] [net.minecraftforge.network.NetworkRegistry/NETREGISTRY]: Channel 'fml:loginwrapper' : Version test of 'FML3' from client : ACCEPTED
[09Dec2025 04:12:52.853] [Netty Epoll Server IO #2/DEBUG] [net.minecraftforge.network.NetworkRegistry/NETREGISTRY]: Channel 'teamlapenlib:main' : Version test of '1' from client : ACCEPTED
[09Dec2025 04:12:52.853] [Netty Epoll Server IO #2/DEBUG] [net.minecraftforge.network.NetworkRegistry/NETREGISTRY]: Channel 'forge:tier_sorting' : Version test of '1.0' from client : ACCEPTED
[09Dec2025 04:12:52.853] [Netty Epoll Server IO #2/DEBUG] [net.minecraftforge.network.NetworkRegistry/NETREGISTRY]: Channel 'apotheosis:apotheosis' : Version test of '1.0.0' from client : ACCEPTED
[09Dec2025 04:12:52.853] [Netty Epoll Server IO #2/DEBUG] [net.minecraftforge.network.NetworkRegistry/NETREGISTRY]: Channel 'jei:channel' : Version test of '1.0.0' from client : ACCEPTED
[09Dec2025 04:12:52.854] [Netty Epoll Server IO #2/DEBUG] [net.minecraftforge.network.NetworkRegistry/NETREGISTRY]: Channel 'mowziesmobs:net' : Version test of '1' from client : ACCEPTED
[09Dec2025 04:12:52.854] [Netty Epoll Server IO #2/DEBUG] [net.minecraftforge.network.NetworkRegistry/NETREGISTRY]: Channel 'minecraft:unregister' : Version test of 'FML3' from client : ACCEPTED
[09Dec2025 04:12:52.854] [Netty Epoll Server IO #2/DEBUG] [net.minecraftforge.network.NetworkRegistry/NETREGISTRY]: Channel 'fml:play' : Version test of 'FML3' from client : ACCEPTED
[09Dec2025 04:12:52.854] [Netty Epoll Server IO #2/DEBUG] [net.minecraftforge.network.NetworkRegistry/NETREGISTRY]: Channel 'fml:handshake' : Version test of 'FML3' from client : ACCEPTED
[09Dec2025 04:12:52.854] [Netty Epoll Server IO #2/DEBUG] [net.minecraftforge.network.NetworkRegistry/NETREGISTRY]: Channel 'modernfix:main' : Version test of '1' from client : ACCEPTED
[09Dec2025 04:12:52.855] [Netty Epoll Server IO #2/DEBUG] [net.minecraftforge.network.NetworkRegistry/NETREGISTRY]: Channel 'vampirism:main' : Version test of '1' from client : ACCEPTED
[09Dec2025 04:12:52.855] [Netty Epoll Server IO #2/DEBUG] [net.minecraftforge.network.NetworkRegistry/NETREGISTRY]: Channel 'placebo:placebo' : Version test of '1.0.0' from client : ACCEPTED
[09Dec2025 04:12:52.855] [Netty Epoll Server IO #2/DEBUG] [net.minecraftforge.network.NetworkRegistry/NETREGISTRY]: Channel 'modernfix:ingredient_sync' : Version test of '1' from client : ACCEPTED
[09Dec2025 04:12:52.855] [Netty Epoll Server IO #2/DEBUG] [net.minecraftforge.network.NetworkRegistry/NETREGISTRY]: Channel 'minecraft:register' : Version test of 'FML3' from client : ACCEPTED
[09Dec2025 04:12:52.855] [Netty Epoll Server IO #2/DEBUG] [net.minecraftforge.network.NetworkRegistry/NETREGISTRY]: Channel 'forge:split' : Version test of '1.1' from client : ACCEPTED
[09Dec2025 04:12:52.855] [Netty Epoll Server IO #2/DEBUG] [net.minecraftforge.network.NetworkRegistry/NETREGISTRY]: Channel 'attributeslib:attributeslib' : Version test of '1.0.0' from client : ACCEPTED
[09Dec2025 04:12:52.855] [Netty Epoll Server IO #2/DEBUG] [net.minecraftforge.network.NetworkRegistry/NETREGISTRY]: Channel 'geckolib:main' : Version test of '1' from client : ACCEPTED
[09Dec2025 04:12:52.855] [Netty Epoll Server IO #2/DEBUG] [net.minecraftforge.network.NetworkRegistry/NETREGISTRY]: Accepting channel list from client
[09Dec2025 04:12:52.856] [Netty Epoll Server IO #2/DEBUG] [net.minecraftforge.network.HandshakeHandler/FMLHANDSHAKE]: Accepted client connection mod list
[09Dec2025 04:12:52.878] [Netty Epoll Server IO #2/DEBUG] [net.minecraftforge.network.LoginWrapper/FMLHANDSHAKE]: Recieved login wrapper packet event for channel fml:handshake with index 2
[09Dec2025 04:12:52.879] [Netty Epoll Server IO #2/DEBUG] [net.minecraftforge.network.HandshakeHandler/FMLHANDSHAKE]: Received client indexed reply 2 of type net.minecraftforge.network.HandshakeMessages$C2SAcknowledge
[09Dec2025 04:12:52.879] [Netty Epoll Server IO #2/DEBUG] [net.minecraftforge.network.HandshakeHandler/FMLHANDSHAKE]: Received acknowledgement from client
[09Dec2025 04:12:52.900] [Netty Epoll Server IO #2/DEBUG] [net.minecraftforge.network.LoginWrapper/FMLHANDSHAKE]: Recieved login wrapper packet event for channel fml:handshake with index 3
[09Dec2025 04:12:52.900] [Netty Epoll Server IO #2/DEBUG] [net.minecraftforge.network.HandshakeHandler/FMLHANDSHAKE]: Received client indexed reply 3 of type net.minecraftforge.network.HandshakeMessages$C2SAcknowledge
[09Dec2025 04:12:52.900] [Netty Epoll Server IO #2/DEBUG] [net.minecraftforge.network.HandshakeHandler/FMLHANDSHAKE]: Received acknowledgement from client
[09Dec2025 04:12:52.902] [Server thread/DEBUG] [net.minecraftforge.network.HandshakeHandler/FMLHANDSHAKE]: Sending ticking packet info 'Registry minecraft:potion' to 'fml:handshake' sequence 5
[09Dec2025 04:12:52.952] [Server thread/DEBUG] [net.minecraftforge.network.HandshakeHandler/FMLHANDSHAKE]: Sending ticking packet info 'Registry vampirism:refinement' to 'fml:handshake' sequence 6
[09Dec2025 04:12:53.002] [Server thread/DEBUG] [net.minecraftforge.network.HandshakeHandler/FMLHANDSHAKE]: Sending ticking packet info 'Registry minecraft:block_entity_type' to 'fml:handshake' sequence 7
[09Dec2025 04:12:53.052] [Server thread/DEBUG] [net.minecraftforge.network.HandshakeHandler/FMLHANDSHAKE]: Sending ticking packet info 'Registry forge:display_contexts' to 'fml:handshake' sequence 8
[09Dec2025 04:12:53.102] [Server thread/DEBUG] [net.minecraftforge.network.HandshakeHandler/FMLHANDSHAKE]: Sending ticking packet info 'Registry vampirism:task_unlocker' to 'fml:handshake' sequence 9
[09Dec2025 04:12:53.135] [Netty Epoll Server IO #2/DEBUG] [net.minecraftforge.network.LoginWrapper/FMLHANDSHAKE]: Recieved login wrapper packet event for channel fml:handshake with index 4
[09Dec2025 04:12:53.135] [Netty Epoll Server IO #2/DEBUG] [net.minecraftforge.network.HandshakeHandler/FMLHANDSHAKE]: Received client indexed reply 4 of type net.minecraftforge.network.HandshakeMessages$C2SAcknowledge
[09Dec2025 04:12:53.135] [Netty Epoll Server IO #2/DEBUG] [net.minecraftforge.network.HandshakeHandler/FMLHANDSHAKE]: Received acknowledgement from client
[09Dec2025 04:12:53.152] [Server thread/DEBUG] [net.minecraftforge.network.HandshakeHandler/FMLHANDSHAKE]: Sending ticking packet info 'Registry vampirism:miniontasks' to 'fml:handshake' sequence 10
[09Dec2025 04:12:53.167] [Netty Epoll Server IO #2/DEBUG] [net.minecraftforge.network.LoginWrapper/FMLHANDSHAKE]: Recieved login wrapper packet event for channel fml:handshake with index 5
[09Dec2025 04:12:53.167] [Netty Epoll Server IO #2/DEBUG] [net.minecraftforge.network.HandshakeHandler/FMLHANDSHAKE]: Received client indexed reply 5 of type net.minecraftforge.network.HandshakeMessages$C2SAcknowledge
[09Dec2025 04:12:53.167] [Netty Epoll Server IO #2/DEBUG] [net.minecraftforge.network.HandshakeHandler/FMLHANDSHAKE]: Received acknowledgement from client
[09Dec2025 04:12:53.173] [Netty Epoll Server IO #2/DEBUG] [net.minecraftforge.network.LoginWrapper/FMLHANDSHAKE]: Recieved login wrapper packet event for channel fml:handshake with index 6
[09Dec2025 04:12:53.174] [Netty Epoll Server IO #2/DEBUG] [net.minecraftforge.network.HandshakeHandler/FMLHANDSHAKE]: Received client indexed reply 6 of type net.minecraftforge.network.HandshakeMessages$C2SAcknowledge
[09Dec2025 04:12:53.174] [Netty Epoll Server IO #2/DEBUG] [net.minecraftforge.network.HandshakeHandler/FMLHANDSHAKE]: Received acknowledgement from client
[09Dec2025 04:12:53.174] [Netty Epoll Server IO #2/DEBUG] [net.minecraftforge.network.LoginWrapper/FMLHANDSHAKE]: Recieved login wrapper packet event for channel fml:handshake with index 7
[09Dec2025 04:12:53.174] [Netty Epoll Server IO #2/DEBUG] [net.minecraftforge.network.HandshakeHandler/FMLHANDSHAKE]: Received client indexed reply 7 of type net.minecraftforge.network.HandshakeMessages$C2SAcknowledge
[09Dec2025 04:12:53.174] [Netty Epoll Server IO #2/DEBUG] [net.minecraftforge.network.HandshakeHandler/FMLHANDSHAKE]: Received acknowledgement from client
[09Dec2025 04:12:53.181] [Netty Epoll Server IO #2/DEBUG] [net.minecraftforge.network.LoginWrapper/FMLHANDSHAKE]: Recieved login wrapper packet event for channel fml:handshake with index 8
[09Dec2025 04:12:53.181] [Netty Epoll Server IO #2/DEBUG] [net.minecraftforge.network.HandshakeHandler/FMLHANDSHAKE]: Received client indexed reply 8 of type net.minecraftforge.network.HandshakeMessages$C2SAcknowledge
[09Dec2025 04:12:53.181] [Netty Epoll Server IO #2/DEBUG] [net.minecraftforge.network.HandshakeHandler/FMLHANDSHAKE]: Received acknowledgement from client
[09Dec2025 04:12:53.200] [Netty Epoll Server IO #2/DEBUG] [net.minecraftforge.network.LoginWrapper/FMLHANDSHAKE]: Recieved login wrapper packet event for channel fml:handshake with index 9
[09Dec2025 04:12:53.200] [Netty Epoll Server IO #2/DEBUG] [net.minecraftforge.network.HandshakeHandler/FMLHANDSHAKE]: Received client indexed reply 9 of type net.minecraftforge.network.HandshakeMessages$C2SAcknowledge
[09Dec2025 04:12:53.200] [Netty Epoll Server IO #2/DEBUG] [net.minecraftforge.network.HandshakeHandler/FMLHANDSHAKE]: Received acknowledgement from client
[09Dec2025 04:12:53.202] [Server thread/DEBUG] [net.minecraftforge.network.HandshakeHandler/FMLHANDSHAKE]: Sending ticking packet info 'Registry minecraft:stat_type' to 'fml:handshake' sequence 11
[09Dec2025 04:12:53.252] [Server thread/DEBUG] [net.minecraftforge.network.HandshakeHandler/FMLHANDSHAKE]: Sending ticking packet info 'Registry vampirism:skills' to 'fml:handshake' sequence 12
[09Dec2025 04:12:53.256] [Netty Epoll Server IO #2/DEBUG] [net.minecraftforge.network.LoginWrapper/FMLHANDSHAKE]: Recieved login wrapper packet event for channel fml:handshake with index 10
[09Dec2025 04:12:53.256] [Netty Epoll Server IO #2/DEBUG] [net.minecraftforge.network.HandshakeHandler/FMLHANDSHAKE]: Received client indexed reply 10 of type net.minecraftforge.network.HandshakeMessages$C2SAcknowledge
[09Dec2025 04:12:53.256] [Netty Epoll Server IO #2/DEBUG] [net.minecraftforge.network.HandshakeHandler/FMLHANDSHAKE]: Received acknowledgement from client
[09Dec2025 04:12:53.298] [Netty Epoll Server IO #2/DEBUG] [net.minecraftforge.network.LoginWrapper/FMLHANDSHAKE]: Recieved login wrapper packet event for channel fml:handshake with index 11
[09Dec2025 04:12:53.298] [Netty Epoll Server IO #2/DEBUG] [net.minecraftforge.network.HandshakeHandler/FMLHANDSHAKE]: Received client indexed reply 11 of type net.minecraftforge.network.HandshakeMessages$C2SAcknowledge
[09Dec2025 04:12:53.298] [Netty Epoll Server IO #2/DEBUG] [net.minecraftforge.network.HandshakeHandler/FMLHANDSHAKE]: Received acknowledgement from client
[09Dec2025 04:12:53.302] [Server thread/DEBUG] [net.minecraftforge.network.HandshakeHandler/FMLHANDSHAKE]: Sending ticking packet info 'Registry minecraft:menu' to 'fml:handshake' sequence 13
[09Dec2025 04:12:53.352] [Netty Epoll Server IO #2/DEBUG] [net.minecraftforge.network.LoginWrapper/FMLHANDSHAKE]: Recieved login wrapper packet event for channel fml:handshake with index 12
[09Dec2025 04:12:53.352] [Netty Epoll Server IO #2/DEBUG] [net.minecraftforge.network.HandshakeHandler/FMLHANDSHAKE]: Received client indexed reply 12 of type net.minecraftforge.network.HandshakeMessages$C2SAcknowledge
[09Dec2025 04:12:53.352] [Server thread/DEBUG] [net.minecraftforge.network.HandshakeHandler/FMLHANDSHAKE]: Sending ticking packet info 'Registry vampirism:actions' to 'fml:handshake' sequence 14
[09Dec2025 04:12:53.353] [Netty Epoll Server IO #2/DEBUG] [net.minecraftforge.network.HandshakeHandler/FMLHANDSHAKE]: Received acknowledgement from client
[09Dec2025 04:12:53.400] [Netty Epoll Server IO #2/DEBUG] [net.minecraftforge.network.LoginWrapper/FMLHANDSHAKE]: Recieved login wrapper packet event for channel fml:handshake with index 13
[09Dec2025 04:12:53.400] [Netty Epoll Server IO #2/DEBUG] [net.minecraftforge.network.HandshakeHandler/FMLHANDSHAKE]: Received client indexed reply 13 of type net.minecraftforge.network.HandshakeMessages$C2SAcknowledge
[09Dec2025 04:12:53.400] [Netty Epoll Server IO #2/DEBUG] [net.minecraftforge.network.HandshakeHandler/FMLHANDSHAKE]: Received acknowledgement from client
[09Dec2025 04:12:53.402] [Server thread/DEBUG] [net.minecraftforge.network.HandshakeHandler/FMLHANDSHAKE]: Sending ticking packet info 'Registry vampirism:refinement_set' to 'fml:handshake' sequence 15
[09Dec2025 04:12:53.452] [Netty Epoll Server IO #2/DEBUG] [net.minecraftforge.network.LoginWrapper/FMLHANDSHAKE]: Recieved login wrapper packet event for channel fml:handshake with index 14
[09Dec2025 04:12:53.452] [Netty Epoll Server IO #2/DEBUG] [net.minecraftforge.network.HandshakeHandler/FMLHANDSHAKE]: Received client indexed reply 14 of type net.minecraftforge.network.HandshakeMessages$C2SAcknowledge
[09Dec2025 04:12:53.452] [Netty Epoll Server IO #2/DEBUG] [net.minecraftforge.network.HandshakeHandler/FMLHANDSHAKE]: Received acknowledgement from client
[09Dec2025 04:12:53.452] [Server thread/DEBUG] [net.minecraftforge.network.HandshakeHandler/FMLHANDSHAKE]: Sending ticking packet info 'Registry minecraft:fluid' to 'fml:handshake' sequence 16
[09Dec2025 04:12:53.501] [Netty Epoll Server IO #2/DEBUG] [net.minecraftforge.network.LoginWrapper/FMLHANDSHAKE]: Recieved login wrapper packet event for channel fml:handshake with index 15
[09Dec2025 04:12:53.501] [Netty Epoll Server IO #2/DEBUG] [net.minecraftforge.network.HandshakeHandler/FMLHANDSHAKE]: Received client indexed reply 15 of type net.minecraftforge.network.HandshakeMessages$C2SAcknowledge
[09Dec2025 04:12:53.501] [Netty Epoll Server IO #2/DEBUG] [net.minecraftforge.network.HandshakeHandler/FMLHANDSHAKE]: Received acknowledgement from client
[09Dec2025 04:12:53.502] [Server thread/DEBUG] [net.minecraftforge.network.HandshakeHandler/FMLHANDSHAKE]: Sending ticking packet info 'Registry vampirism:task_requirement' to 'fml:handshake' sequence 17
[09Dec2025 04:12:53.548] [Netty Epoll Server IO #2/DEBUG] [net.minecraftforge.network.LoginWrapper/FMLHANDSHAKE]: Recieved login wrapper packet event for channel fml:handshake with index 16
[09Dec2025 04:12:53.548] [Netty Epoll Server IO #2/DEBUG] [net.minecraftforge.network.HandshakeHandler/FMLHANDSHAKE]: Received client indexed reply 16 of type net.minecraftforge.network.HandshakeMessages$C2SAcknowledge
[09Dec2025 04:12:53.548] [Netty Epoll Server IO #2/DEBUG] [net.minecraftforge.network.HandshakeHandler/FMLHANDSHAKE]: Received acknowledgement from client
[09Dec2025 04:12:53.552] [Server thread/DEBUG] [net.minecraftforge.network.HandshakeHandler/FMLHANDSHAKE]: Sending ticking packet info 'Registry minecraft:recipe_serializer' to 'fml:handshake' sequence 18
[09Dec2025 04:12:53.601] [Netty Epoll Server IO #2/DEBUG] [net.minecraftforge.network.LoginWrapper/FMLHANDSHAKE]: Recieved login wrapper packet event for channel fml:handshake with index 17
[09Dec2025 04:12:53.601] [Netty Epoll Server IO #2/DEBUG] [net.minecraftforge.network.HandshakeHandler/FMLHANDSHAKE]: Received client indexed reply 17 of type net.minecraftforge.network.HandshakeMessages$C2SAcknowledge
[09Dec2025 04:12:53.601] [Netty Epoll Server IO #2/DEBUG] [net.minecraftforge.network.HandshakeHandler/FMLHANDSHAKE]: Received acknowledgement from client
[09Dec2025 04:12:53.602] [Server thread/DEBUG] [net.minecraftforge.network.HandshakeHandler/FMLHANDSHAKE]: Sending ticking packet info 'Registry minecraft:sound_event' to 'fml:handshake' sequence 19
[09Dec2025 04:12:53.652] [Server thread/DEBUG] [net.minecraftforge.network.HandshakeHandler/FMLHANDSHAKE]: Sending ticking packet info 'Registry minecraft:particle_type' to 'fml:handshake' sequence 20
[09Dec2025 04:12:53.652] [Netty Epoll Server IO #2/DEBUG] [net.minecraftforge.network.LoginWrapper/FMLHANDSHAKE]: Recieved login wrapper packet event for channel fml:handshake with index 18
[09Dec2025 04:12:53.653] [Netty Epoll Server IO #2/DEBUG] [net.minecraftforge.network.HandshakeHandler/FMLHANDSHAKE]: Received client indexed reply 18 of type net.minecraftforge.network.HandshakeMessages$C2SAcknowledge
[09Dec2025 04:12:53.653] [Netty Epoll Server IO #2/DEBUG] [net.minecraftforge.network.HandshakeHandler/FMLHANDSHAKE]: Received acknowledgement from client
[09Dec2025 04:12:53.702] [Server thread/DEBUG] [net.minecraftforge.network.HandshakeHandler/FMLHANDSHAKE]: Sending ticking packet info 'Registry minecraft:painting_variant' to 'fml:handshake' sequence 21
[09Dec2025 04:12:53.721] [Netty Epoll Server IO #2/DEBUG] [net.minecraftforge.network.LoginWrapper/FMLHANDSHAKE]: Recieved login wrapper packet event for channel fml:handshake with index 19
[09Dec2025 04:12:53.721] [Netty Epoll Server IO #2/DEBUG] [net.minecraftforge.network.HandshakeHandler/FMLHANDSHAKE]: Received client indexed reply 19 of type net.minecraftforge.network.HandshakeMessages$C2SAcknowledge
[09Dec2025 04:12:53.721] [Netty Epoll Server IO #2/DEBUG] [net.minecraftforge.network.HandshakeHandler/FMLHANDSHAKE]: Received acknowledgement from client
[09Dec2025 04:12:53.752] [Server thread/DEBUG] [net.minecraftforge.network.HandshakeHandler/FMLHANDSHAKE]: Sending ticking packet info 'Registry forge:fluid_type' to 'fml:handshake' sequence 22
[09Dec2025 04:12:53.754] [Netty Epoll Server IO #2/DEBUG] [net.minecraftforge.network.LoginWrapper/FMLHANDSHAKE]: Recieved login wrapper packet event for channel fml:handshake with index 20
[09Dec2025 04:12:53.754] [Netty Epoll Server IO #2/DEBUG] [net.minecraftforge.network.HandshakeHandler/FMLHANDSHAKE]: Received client indexed reply 20 of type net.minecraftforge.network.HandshakeMessages$C2SAcknowledge
[09Dec2025 04:12:53.754] [Netty Epoll Server IO #2/DEBUG] [net.minecraftforge.network.HandshakeHandler/FMLHANDSHAKE]: Received acknowledgement from client
[09Dec2025 04:12:53.802] [Server thread/DEBUG] [net.minecraftforge.network.HandshakeHandler/FMLHANDSHAKE]: Sending ticking packet info 'Registry minecraft:block' to 'fml:handshake' sequence 23
[09Dec2025 04:12:53.804] [Netty Epoll Server IO #2/DEBUG] [net.minecraftforge.network.LoginWrapper/FMLHANDSHAKE]: Recieved login wrapper packet event for channel fml:handshake with index 21
[09Dec2025 04:12:53.804] [Netty Epoll Server IO #2/DEBUG] [net.minecraftforge.network.HandshakeHandler/FMLHANDSHAKE]: Received client indexed reply 21 of type net.minecraftforge.network.HandshakeMessages$C2SAcknowledge
[09Dec2025 04:12:53.804] [Netty Epoll Server IO #2/DEBUG] [net.minecraftforge.network.HandshakeHandler/FMLHANDSHAKE]: Received acknowledgement from client
[09Dec2025 04:12:53.851] [Netty Epoll Server IO #2/DEBUG] [net.minecraftforge.network.LoginWrapper/FMLHANDSHAKE]: Recieved login wrapper packet event for channel fml:handshake with index 22
[09Dec2025 04:12:53.851] [Netty Epoll Server IO #2/DEBUG] [net.minecraftforge.network.HandshakeHandler/FMLHANDSHAKE]: Received client indexed reply 22 of type net.minecraftforge.network.HandshakeMessages$C2SAcknowledge
[09Dec2025 04:12:53.851] [Netty Epoll Server IO #2/DEBUG] [net.minecraftforge.network.HandshakeHandler/FMLHANDSHAKE]: Received acknowledgement from client
[09Dec2025 04:12:53.852] [Server thread/DEBUG] [net.minecraftforge.network.HandshakeHandler/FMLHANDSHAKE]: Sending ticking packet info 'Registry forge:entity_data_serializers' to 'fml:handshake' sequence 24
[09Dec2025 04:12:53.902] [Server thread/DEBUG] [net.minecraftforge.network.HandshakeHandler/FMLHANDSHAKE]: Sending ticking packet info 'Registry vampirism:task_reward' to 'fml:handshake' sequence 25
[09Dec2025 04:12:53.936] [Netty Epoll Server IO #2/DEBUG] [net.minecraftforge.network.LoginWrapper/FMLHANDSHAKE]: Recieved login wrapper packet event for channel fml:handshake with index 23
[09Dec2025 04:12:53.936] [Netty Epoll Server IO #2/DEBUG] [net.minecraftforge.network.HandshakeHandler/FMLHANDSHAKE]: Received client indexed reply 23 of type net.minecraftforge.network.HandshakeMessages$C2SAcknowledge
[09Dec2025 04:12:53.936] [Netty Epoll Server IO #2/DEBUG] [net.minecraftforge.network.HandshakeHandler/FMLHANDSHAKE]: Received acknowledgement from client
[09Dec2025 04:12:53.952] [Server thread/DEBUG] [net.minecraftforge.network.HandshakeHandler/FMLHANDSHAKE]: Sending ticking packet info 'Registry vampirism:oil' to 'fml:handshake' sequence 26
[09Dec2025 04:12:53.958] [Netty Epoll Server IO #2/DEBUG] [net.minecraftforge.network.LoginWrapper/FMLHANDSHAKE]: Recieved login wrapper packet event for channel fml:handshake with index 24
[09Dec2025 04:12:53.958] [Netty Epoll Server IO #2/DEBUG] [net.minecraftforge.network.HandshakeHandler/FMLHANDSHAKE]: Received client indexed reply 24 of type net.minecraftforge.network.HandshakeMessages$C2SAcknowledge
[09Dec2025 04:12:53.958] [Netty Epoll Server IO #2/DEBUG] [net.minecraftforge.network.HandshakeHandler/FMLHANDSHAKE]: Received acknowledgement from client
[09Dec2025 04:12:53.996] [Netty Epoll Server IO #2/DEBUG] [net.minecraftforge.network.LoginWrapper/FMLHANDSHAKE]: Recieved login wrapper packet event for channel fml:handshake with index 25
[09Dec2025 04:12:53.996] [Netty Epoll Server IO #2/DEBUG] [net.minecraftforge.network.HandshakeHandler/FMLHANDSHAKE]: Received client indexed reply 25 of type net.minecraftforge.network.HandshakeMessages$C2SAcknowledge
[09Dec2025 04:12:53.996] [Netty Epoll Server IO #2/DEBUG] [net.minecraftforge.network.HandshakeHandler/FMLHANDSHAKE]: Received acknowledgement from client
[09Dec2025 04:12:54.002] [Server thread/DEBUG] [net.minecraftforge.network.HandshakeHandler/FMLHANDSHAKE]: Sending ticking packet info 'Registry vampirism:converting_handler' to 'fml:handshake' sequence 27
[09Dec2025 04:12:54.047] [Netty Epoll Server IO #2/DEBUG] [net.minecraftforge.network.LoginWrapper/FMLHANDSHAKE]: Recieved login wrapper packet event for channel fml:handshake with index 26
[09Dec2025 04:12:54.047] [Netty Epoll Server IO #2/DEBUG] [net.minecraftforge.network.HandshakeHandler/FMLHANDSHAKE]: Received client indexed reply 26 of type net.minecraftforge.network.HandshakeMessages$C2SAcknowledge
[09Dec2025 04:12:54.047] [Netty Epoll Server IO #2/DEBUG] [net.minecraftforge.network.HandshakeHandler/FMLHANDSHAKE]: Received acknowledgement from client
[09Dec2025 04:12:54.052] [Server thread/DEBUG] [net.minecraftforge.network.HandshakeHandler/FMLHANDSHAKE]: Sending ticking packet info 'Registry minecraft:mob_effect' to 'fml:handshake' sequence 28
[09Dec2025 04:12:54.097] [Netty Epoll Server IO #2/DEBUG] [net.minecraftforge.network.LoginWrapper/FMLHANDSHAKE]: Recieved login wrapper packet event for channel fml:handshake with index 27
[09Dec2025 04:12:54.097] [Netty Epoll Server IO #2/DEBUG] [net.minecraftforge.network.HandshakeHandler/FMLHANDSHAKE]: Received client indexed reply 27 of type net.minecraftforge.network.HandshakeMessages$C2SAcknowledge
[09Dec2025 04:12:54.097] [Netty Epoll Server IO #2/DEBUG] [net.minecraftforge.network.HandshakeHandler/FMLHANDSHAKE]: Received acknowledgement from client
[09Dec2025 04:12:54.102] [Server thread/DEBUG] [net.minecraftforge.network.HandshakeHandler/FMLHANDSHAKE]: Sending ticking packet info 'Registry vampirism:entityactions' to 'fml:handshake' sequence 29
[09Dec2025 04:12:54.148] [Netty Epoll Server IO #2/DEBUG] [net.minecraftforge.network.LoginWrapper/FMLHANDSHAKE]: Recieved login wrapper packet event for channel fml:handshake with index 28
[09Dec2025 04:12:54.148] [Netty Epoll Server IO #2/DEBUG] [net.minecraftforge.network.HandshakeHandler/FMLHANDSHAKE]: Received client indexed reply 28 of type net.minecraftforge.network.HandshakeMessages$C2SAcknowledge
[09Dec2025 04:12:54.148] [Netty Epoll Server IO #2/DEBUG] [net.minecraftforge.network.HandshakeHandler/FMLHANDSHAKE]: Received acknowledgement from client
[09Dec2025 04:12:54.152] [Server thread/DEBUG] [net.minecraftforge.network.HandshakeHandler/FMLHANDSHAKE]: Sending ticking packet info 'Registry minecraft:enchantment' to 'fml:handshake' sequence 30
[09Dec2025 04:12:54.202] [Server thread/DEBUG] [net.minecraftforge.network.HandshakeHandler/FMLHANDSHAKE]: Sending ticking packet info 'Registry vampirism:task_reward_instance' to 'fml:handshake' sequence 31
[09Dec2025 04:12:54.203] [Netty Epoll Server IO #2/DEBUG] [net.minecraftforge.network.LoginWrapper/FMLHANDSHAKE]: Recieved login wrapper packet event for channel fml:handshake with index 29
[09Dec2025 04:12:54.203] [Netty Epoll Server IO #2/DEBUG] [net.minecraftforge.network.HandshakeHandler/FMLHANDSHAKE]: Received client indexed reply 29 of type net.minecraftforge.network.HandshakeMessages$C2SAcknowledge
[09Dec2025 04:12:54.203] [Netty Epoll Server IO #2/DEBUG] [net.minecraftforge.network.HandshakeHandler/FMLHANDSHAKE]: Received acknowledgement from client
[09Dec2025 04:12:54.250] [Netty Epoll Server IO #2/DEBUG] [net.minecraftforge.network.LoginWrapper/FMLHANDSHAKE]: Recieved login wrapper packet event for channel fml:handshake with index 30
[09Dec2025 04:12:54.250] [Netty Epoll Server IO #2/DEBUG] [net.minecraftforge.network.HandshakeHandler/FMLHANDSHAKE]: Received client indexed reply 30 of type net.minecraftforge.network.HandshakeMessages$C2SAcknowledge
[09Dec2025 04:12:54.250] [Netty Epoll Server IO #2/DEBUG] [net.minecraftforge.network.HandshakeHandler/FMLHANDSHAKE]: Received acknowledgement from client
[09Dec2025 04:12:54.252] [Server thread/DEBUG] [net.minecraftforge.network.HandshakeHandler/FMLHANDSHAKE]: Sending ticking packet info 'Registry minecraft:entity_type' to 'fml:handshake' sequence 32
[09Dec2025 04:12:54.297] [Netty Epoll Server IO #2/DEBUG] [net.minecraftforge.network.LoginWrapper/FMLHANDSHAKE]: Recieved login wrapper packet event for channel fml:handshake with index 31
[09Dec2025 04:12:54.297] [Netty Epoll Server IO #2/DEBUG] [net.minecraftforge.network.HandshakeHandler/FMLHANDSHAKE]: Received client indexed reply 31 of type net.minecraftforge.network.HandshakeMessages$C2SAcknowledge
[09Dec2025 04:12:54.297] [Netty Epoll Server IO #2/DEBUG] [net.minecraftforge.network.HandshakeHandler/FMLHANDSHAKE]: Received acknowledgement from client
[09Dec2025 04:12:54.302] [Server thread/DEBUG] [net.minecraftforge.network.HandshakeHandler/FMLHANDSHAKE]: Sending ticking packet info 'Config shw-server.toml' to 'fml:handshake' sequence 33
[09Dec2025 04:12:54.352] [Server thread/DEBUG] [net.minecraftforge.network.HandshakeHandler/FMLHANDSHAKE]: Sending ticking packet info 'Config vampirism-server.toml' to 'fml:handshake' sequence 34
[09Dec2025 04:12:54.402] [Server thread/DEBUG] [net.minecraftforge.network.HandshakeHandler/FMLHANDSHAKE]: Sending ticking packet info 'Config vampirism-balance.toml' to 'fml:handshake' sequence 35
[09Dec2025 04:12:54.452] [Server thread/DEBUG] [net.minecraftforge.network.HandshakeHandler/FMLHANDSHAKE]: Sending ticking packet info 'Config jei-server.toml' to 'fml:handshake' sequence 36
[09Dec2025 04:12:54.502] [Server thread/DEBUG] [net.minecraftforge.network.HandshakeHandler/FMLHANDSHAKE]: Sending ticking packet info 'Config forge-server.toml' to 'fml:handshake' sequence 37
[09Dec2025 04:12:54.564] [Netty Epoll Server IO #2/DEBUG] [net.minecraftforge.network.LoginWrapper/FMLHANDSHAKE]: Recieved login wrapper packet event for channel fml:handshake with index 32
[09Dec2025 04:12:54.564] [Netty Epoll Server IO #2/DEBUG] [net.minecraftforge.network.HandshakeHandler/FMLHANDSHAKE]: Received client indexed reply 32 of type net.minecraftforge.network.HandshakeMessages$C2SAcknowledge
[09Dec2025 04:12:54.564] [Netty Epoll Server IO #2/DEBUG] [net.minecraftforge.network.HandshakeHandler/FMLHANDSHAKE]: Received acknowledgement from client
[09Dec2025 04:12:54.568] [Netty Epoll Server IO #2/DEBUG] [net.minecraftforge.network.LoginWrapper/FMLHANDSHAKE]: Recieved login wrapper packet event for channel fml:handshake with index 33
[09Dec2025 04:12:54.568] [Netty Epoll Server IO #2/DEBUG] [net.minecraftforge.network.HandshakeHandler/FMLHANDSHAKE]: Received client indexed reply 33 of type net.minecraftforge.network.HandshakeMessages$C2SAcknowledge
[09Dec2025 04:12:54.569] [Netty Epoll Server IO #2/DEBUG] [net.minecraftforge.network.HandshakeHandler/FMLHANDSHAKE]: Received acknowledgement from client
[09Dec2025 04:12:54.573] [Netty Epoll Server IO #2/DEBUG] [net.minecraftforge.network.LoginWrapper/FMLHANDSHAKE]: Recieved login wrapper packet event for channel fml:handshake with index 34
[09Dec2025 04:12:54.573] [Netty Epoll Server IO #2/DEBUG] [net.minecraftforge.network.HandshakeHandler/FMLHANDSHAKE]: Received client indexed reply 34 of type net.minecraftforge.network.HandshakeMessages$C2SAcknowledge
[09Dec2025 04:12:54.574] [Netty Epoll Server IO #2/DEBUG] [net.minecraftforge.network.HandshakeHandler/FMLHANDSHAKE]: Received acknowledgement from client
[09Dec2025 04:12:54.581] [Netty Epoll Server IO #2/DEBUG] [net.minecraftforge.network.LoginWrapper/FMLHANDSHAKE]: Recieved login wrapper packet event for channel fml:handshake with index 35
[09Dec2025 04:12:54.581] [Netty Epoll Server IO #2/DEBUG] [net.minecraftforge.network.HandshakeHandler/FMLHANDSHAKE]: Received client indexed reply 35 of type net.minecraftforge.network.HandshakeMessages$C2SAcknowledge
[09Dec2025 04:12:54.582] [Netty Epoll Server IO #2/DEBUG] [net.minecraftforge.network.HandshakeHandler/FMLHANDSHAKE]: Received acknowledgement from client
[09Dec2025 04:12:54.586] [Netty Epoll Server IO #2/DEBUG] [net.minecraftforge.network.LoginWrapper/FMLHANDSHAKE]: Recieved login wrapper packet event for channel fml:handshake with index 36
[09Dec2025 04:12:54.586] [Netty Epoll Server IO #2/DEBUG] [net.minecraftforge.network.HandshakeHandler/FMLHANDSHAKE]: Received client indexed reply 36 of type net.minecraftforge.network.HandshakeMessages$C2SAcknowledge
[09Dec2025 04:12:54.586] [Netty Epoll Server IO #2/DEBUG] [net.minecraftforge.network.HandshakeHandler/FMLHANDSHAKE]: Received acknowledgement from client
[09Dec2025 04:12:54.598] [Netty Epoll Server IO #2/DEBUG] [net.minecraftforge.network.LoginWrapper/FMLHANDSHAKE]: Recieved login wrapper packet event for channel fml:handshake with index 37
[09Dec2025 04:12:54.598] [Netty Epoll Server IO #2/DEBUG] [net.minecraftforge.network.HandshakeHandler/FMLHANDSHAKE]: Received client indexed reply 37 of type net.minecraftforge.network.HandshakeMessages$C2SAcknowledge
[09Dec2025 04:12:54.599] [Netty Epoll Server IO #2/DEBUG] [net.minecraftforge.network.HandshakeHandler/FMLHANDSHAKE]: Received acknowledgement from client
[09Dec2025 04:12:54.603] [Server thread/DEBUG] [net.minecraftforge.network.HandshakeHandler/FMLHANDSHAKE]: Handshake complete!
[09Dec2025 04:12:54.717] [Server thread/DEBUG] [mixin/]: Mixing AbilitiesMixin from attributeslib.mixins.json into net.minecraft.world.entity.player.Abilities
[09Dec2025 04:12:54.777] [Server thread/DEBUG] [mixin/]: Mixing PlayerAdvancementsAccessor from vampirism.mixins.json into net.minecraft.server.PlayerAdvancements
[09Dec2025 04:12:54.988] [Server thread/DEBUG] [de.teamlapen.vampirism.entity.factions.FactionPlayerHandler/FACTIONS]: PARCHES_666 has new faction level vampirism:hunter 6
[09Dec2025 04:12:55.005] [Server thread/INFO] [net.minecraft.server.players.PlayerList/]: PARCHES_666[/127.253.126.56:35579] logged in with entity id 34 at (4015.518046692639, -12.0, -6624.903015943805)
[09Dec2025 04:12:55.020] [Server thread/DEBUG] [net.minecraftforge.network.filters.NetworkFilters/]: Injected net.minecraftforge.network.filters.ForgeConnectionNetworkFilter@690034fb into net.minecraft.network.Connection@4f5e51e
[09Dec2025 04:12:55.059] [Server thread/DEBUG] [ModernFix/]: Sending ID correction packet to client with 88 classes
[09Dec2025 04:12:55.162] [Server thread/INFO] [ModernFix/]: Using enhanced recipe sync for player PARCHES_666
[09Dec2025 04:12:55.206] [Server thread/INFO] [net.minecraft.server.MinecraftServer/]: PARCHES_666 joined the game
[09Dec2025 04:12:56.545] [Server thread/DEBUG] [net.minecraftforge.coremod.transformer.CoreModBaseTransformer/COREMOD]: Transforming net/minecraft/world/level/levelgen/structure/templatesystem/StructureTemplate
[09Dec2025 04:12:56.708] [Server thread/DEBUG] [ModernFix/]: Using cached upgraded version of vampirism:village/totem
[09Dec2025 04:12:57.013] [Server thread/DEBUG] [mixin/]: Mixing EnchantmentHelperMixin from apotheosis.mixins.json into net.minecraft.world.item.enchantment.EnchantmentHelper
[09Dec2025 04:12:57.036] [Server thread/DEBUG] [mixin/]: Mixing world.block_entity_ticking.world_border.DirectBlockEntityTickInvokerMixin from lithium.mixins.json into net.minecraft.world.level.chunk.LevelChunk$BoundTickingBlockEntity
[09Dec2025 04:12:57.036] [Server thread/DEBUG] [mixin/]: lithium.mixins.json:world.block_entity_ticking.world_border.DirectBlockEntityTickInvokerMixin: Class version 61 required is higher than the class version supported by the current version of Mixin (JAVA_16 supports class version 60)
[09Dec2025 04:12:57.088] [Server thread/WARN] [net.minecraft.server.MinecraftServer/]: Can't keep up! Is the server overloaded? Running 2336ms or 46 ticks behind
[09Dec2025 04:12:58.583] [Server thread/DEBUG] [mixin/]: Mixing ai.pathing.ChunkCacheMixin from lithium.mixins.json into net.minecraft.world.level.PathNavigationRegion
[09Dec2025 04:12:58.583] [Server thread/DEBUG] [mixin/]: lithium.mixins.json:ai.pathing.ChunkCacheMixin: Class version 61 required is higher than the class version supported by the current version of Mixin (JAVA_16 supports class version 60)
[09Dec2025 04:12:58.585] [Server thread/DEBUG] [mixin/]: Mixing util.chunk_access.ChunkCacheMixin from lithium.mixins.json into net.minecraft.world.level.PathNavigationRegion
[09Dec2025 04:12:58.586] [Server thread/DEBUG] [mixin/]: lithium.mixins.json:util.chunk_access.ChunkCacheMixin: Class version 61 required is higher than the class version supported by the current version of Mixin (JAVA_16 supports class version 60)
[09Dec2025 04:13:00.255] [Server thread/DEBUG] [mixin/]: Mixing cached_hashcode.BlockNeighborGroupMixin from lithium.mixins.json into net.minecraft.world.level.block.Block$BlockStatePairKey
[09Dec2025 04:13:00.255] [Server thread/DEBUG] [mixin/]: lithium.mixins.json:cached_hashcode.BlockNeighborGroupMixin: Class version 61 required is higher than the class version supported by the current version of Mixin (JAVA_16 supports class version 60)
[09Dec2025 04:13:02.532] [Server thread/DEBUG] [mixin/]: Mixing ai.task.memory_change_counting.MultiTickTaskMixin from lithium.mixins.json into net.minecraft.world.entity.ai.behavior.Behavior
[09Dec2025 04:13:02.533] [Server thread/DEBUG] [mixin/]: lithium.mixins.json:ai.task.memory_change_counting.MultiTickTaskMixin: Class version 61 required is higher than the class version supported by the current version of Mixin (JAVA_16 supports class version 60)
[09Dec2025 04:13:02.566] [Server thread/DEBUG] [mixin/]: Mixing ai.task.replace_streams.CompositeTaskMixin from lithium.mixins.json into net.minecraft.world.entity.ai.behavior.GateBehavior
[09Dec2025 04:13:02.566] [Server thread/DEBUG] [mixin/]: lithium.mixins.json:ai.task.replace_streams.CompositeTaskMixin: Class version 61 required is higher than the class version supported by the current version of Mixin (JAVA_16 supports class version 60)
[09Dec2025 04:13:02.594] [Server thread/DEBUG] [mixin/]: Mixing ai.task.replace_streams.WeightedListMixin from lithium.mixins.json into net.minecraft.world.entity.ai.behavior.ShufflingList
[09Dec2025 04:13:02.594] [Server thread/DEBUG] [mixin/]: lithium.mixins.json:ai.task.replace_streams.WeightedListMixin: Class version 61 required is higher than the class version supported by the current version of Mixin (JAVA_16 supports class version 60)
[09Dec2025 04:13:02.705] [Server thread/DEBUG] [mixin/]: Mixing ai.poi.tasks.HideInHomeTaskMixin from lithium.mixins.json into net.minecraft.world.entity.ai.behavior.LocateHidingPlace
[09Dec2025 04:13:02.706] [Server thread/DEBUG] [mixin/]: lithium.mixins.json:ai.poi.tasks.HideInHomeTaskMixin: Class version 61 required is higher than the class version supported by the current version of Mixin (JAVA_16 supports class version 60)
[09Dec2025 04:13:03.178] [Server thread/DEBUG] [mixin/]: Mixing BeaconBeamSectionyMixin from vampirism.mixins.json into net.minecraft.world.level.block.entity.BeaconBlockEntity$BeaconBeamSection
[09Dec2025 04:13:05.615] [Server thread/DEBUG] [ModernFix/]: Using cached upgraded version of mowziesmobs:wroughtnaut_chamber
[09Dec2025 04:13:45.939] [Server thread/DEBUG] [mixin/]: Mixing ai.pathing.BirdPathNodeMakerMixin from lithium.mixins.json into net.minecraft.world.level.pathfinder.FlyNodeEvaluator
[09Dec2025 04:13:45.939] [Server thread/DEBUG] [mixin/]: lithium.mixins.json:ai.pathing.BirdPathNodeMakerMixin: Class version 61 required is higher than the class version supported by the current version of Mixin (JAVA_16 supports class version 60)
[09Dec2025 04:16:56.401] [Server thread/DEBUG] [net.minecraftforge.common.ForgeHooks/WP]: Gathering id map for writing to world save world
[09Dec2025 04:16:56.496] [Server thread/DEBUG] [net.minecraftforge.common.ForgeHooks/WP]: ID Map collection complete world
[09Dec2025 04:18:43.408] [Server thread/WARN] [net.minecraft.server.network.ServerGamePacketListenerImpl/]: PARCHES_666 was kicked for floating too long!
[09Dec2025 04:18:43.457] [Server thread/INFO] [net.minecraft.server.network.ServerGamePacketListenerImpl/]: PARCHES_666 lost connection: Flying is not enabled on this server
[09Dec2025 04:18:43.458] [Server thread/INFO] [net.minecraft.server.MinecraftServer/]: PARCHES_666 left the game
[09Dec2025 04:18:47.612] [Netty Epoll Server IO #3/DEBUG] [net.minecraftforge.network.HandshakeHandler/FMLHANDSHAKE]: Starting new modded impl connection. Found 38 messages to dispatch.
[09Dec2025 04:18:47.702] [Server thread/DEBUG] [net.minecraftforge.network.HandshakeHandler/FMLHANDSHAKE]: Sending ticking packet info 'net.minecraftforge.network.HandshakeMessages$S2CModData' to 'fml:handshake' sequence 0
[09Dec2025 04:18:47.752] [Server thread/DEBUG] [net.minecraftforge.network.HandshakeHandler/FMLHANDSHAKE]: Sending ticking packet info 'net.minecraftforge.network.HandshakeMessages$S2CModList' to 'fml:handshake' sequence 1
[09Dec2025 04:18:47.802] [Server thread/DEBUG] [net.minecraftforge.network.HandshakeHandler/FMLHANDSHAKE]: Sending ticking packet info 'Registry minecraft:command_argument_type' to 'fml:handshake' sequence 2
[09Dec2025 04:18:47.837] [Netty Epoll Server IO #3/DEBUG] [net.minecraftforge.network.LoginWrapper/FMLHANDSHAKE]: Recieved login wrapper packet event for channel fml:handshake with index 1
[09Dec2025 04:18:47.837] [Netty Epoll Server IO #3/DEBUG] [net.minecraftforge.network.HandshakeHandler/FMLHANDSHAKE]: Received client indexed reply 1 of type net.minecraftforge.network.HandshakeMessages$C2SModListReply
[09Dec2025 04:18:47.837] [Netty Epoll Server IO #3/DEBUG] [net.minecraftforge.network.HandshakeHandler/FMLHANDSHAKE]: Received client connection with modlist [minecraft, attributeslib, radium, mixinextras, shw, mowziesmobs, geckolib, apotheosis, ferritecore, culllessleaves, jei, vampirism, teamlapenlib, ksyxis, forge, embeddium, rubidium, placebo, modernfix]
[09Dec2025 04:18:47.837] [Netty Epoll Server IO #3/DEBUG] [net.minecraftforge.network.NetworkRegistry/NETREGISTRY]: Channel 'shw:messages' : Version test of '1.0' from client : ACCEPTED
[09Dec2025 04:18:47.837] [Netty Epoll Server IO #3/DEBUG] [net.minecraftforge.network.NetworkRegistry/NETREGISTRY]: Channel 'fml:loginwrapper' : Version test of 'FML3' from client : ACCEPTED
[09Dec2025 04:18:47.837] [Netty Epoll Server IO #3/DEBUG] [net.minecraftforge.network.NetworkRegistry/NETREGISTRY]: Channel 'teamlapenlib:main' : Version test of '1' from client : ACCEPTED
[09Dec2025 04:18:47.837] [Netty Epoll Server IO #3/DEBUG] [net.minecraftforge.network.NetworkRegistry/NETREGISTRY]: Channel 'forge:tier_sorting' : Version test of '1.0' from client : ACCEPTED
[09Dec2025 04:18:47.837] [Netty Epoll Server IO #3/DEBUG] [net.minecraftforge.network.NetworkRegistry/NETREGISTRY]: Channel 'apotheosis:apotheosis' : Version test of '1.0.0' from client : ACCEPTED
[09Dec2025 04:18:47.837] [Netty Epoll Server IO #3/DEBUG] [net.minecraftforge.network.NetworkRegistry/NETREGISTRY]: Channel 'jei:channel' : Version test of '1.0.0' from client : ACCEPTED
[09Dec2025 04:18:47.837] [Netty Epoll Server IO #3/DEBUG] [net.minecraftforge.network.NetworkRegistry/NETREGISTRY]: Channel 'mowziesmobs:net' : Version test of '1' from client : ACCEPTED
[09Dec2025 04:18:47.837] [Netty Epoll Server IO #3/DEBUG] [net.minecraftforge.network.NetworkRegistry/NETREGISTRY]: Channel 'minecraft:unregister' : Version test of 'FML3' from client : ACCEPTED
[09Dec2025 04:18:47.837] [Netty Epoll Server IO #3/DEBUG] [net.minecraftforge.network.NetworkRegistry/NETREGISTRY]: Channel 'fml:play' : Version test of 'FML3' from client : ACCEPTED
[09Dec2025 04:18:47.837] [Netty Epoll Server IO #3/DEBUG] [net.minecraftforge.network.NetworkRegistry/NETREGISTRY]: Channel 'fml:handshake' : Version test of 'FML3' from client : ACCEPTED
[09Dec2025 04:18:47.837] [Netty Epoll Server IO #3/DEBUG] [net.minecraftforge.network.NetworkRegistry/NETREGISTRY]: Channel 'modernfix:main' : Version test of '1' from client : ACCEPTED
[09Dec2025 04:18:47.837] [Netty Epoll Server IO #3/DEBUG] [net.minecraftforge.network.NetworkRegistry/NETREGISTRY]: Channel 'vampirism:main' : Version test of '1' from client : ACCEPTED
[09Dec2025 04:18:47.837] [Netty Epoll Server IO #3/DEBUG] [net.minecraftforge.network.NetworkRegistry/NETREGISTRY]: Channel 'placebo:placebo' : Version test of '1.0.0' from client : ACCEPTED
[09Dec2025 04:18:47.837] [Netty Epoll Server IO #3/DEBUG] [net.minecraftforge.network.NetworkRegistry/NETREGISTRY]: Channel 'modernfix:ingredient_sync' : Version test of '1' from client : ACCEPTED
[09Dec2025 04:18:47.838] [Netty Epoll Server IO #3/DEBUG] [net.minecraftforge.network.NetworkRegistry/NETREGISTRY]: Channel 'minecraft:register' : Version test of 'FML3' from client : ACCEPTED
[09Dec2025 04:18:47.838] [Netty Epoll Server IO #3/DEBUG] [net.minecraftforge.network.NetworkRegistry/NETREGISTRY]: Channel 'forge:split' : Version test of '1.1' from client : ACCEPTED
[09Dec2025 04:18:47.838] [Netty Epoll Server IO #3/DEBUG] [net.minecraftforge.network.NetworkRegistry/NETREGISTRY]: Channel 'attributeslib:attributeslib' : Version test of '1.0.0' from client : ACCEPTED
[09Dec2025 04:18:47.838] [Netty Epoll Server IO #3/DEBUG] [net.minecraftforge.network.NetworkRegistry/NETREGISTRY]: Channel 'geckolib:main' : Version test of '1' from client : ACCEPTED
[09Dec2025 04:18:47.838] [Netty Epoll Server IO #3/DEBUG] [net.minecraftforge.network.NetworkRegistry/NETREGISTRY]: Accepting channel list from client
[09Dec2025 04:18:47.838] [Netty Epoll Server IO #3/DEBUG] [net.minecraftforge.network.HandshakeHandler/FMLHANDSHAKE]: Accepted client connection mod list
[09Dec2025 04:18:47.852] [Server thread/DEBUG] [net.minecraftforge.network.HandshakeHandler/FMLHANDSHAKE]: Sending ticking packet info 'Registry minecraft:villager_profession' to 'fml:handshake' sequence 3
[09Dec2025 04:18:47.902] [Server thread/DEBUG] [net.minecraftforge.network.HandshakeHandler/FMLHANDSHAKE]: Sending ticking packet info 'Registry minecraft:item' to 'fml:handshake' sequence 4
[09Dec2025 04:18:47.952] [Server thread/DEBUG] [net.minecraftforge.network.HandshakeHandler/FMLHANDSHAKE]: Sending ticking packet info 'Registry minecraft:potion' to 'fml:handshake' sequence 5
[09Dec2025 04:18:47.962] [Netty Epoll Server IO #3/DEBUG] [net.minecraftforge.network.LoginWrapper/FMLHANDSHAKE]: Recieved login wrapper packet event for channel fml:handshake with index 2
[09Dec2025 04:18:47.962] [Netty Epoll Server IO #3/DEBUG] [net.minecraftforge.network.HandshakeHandler/FMLHANDSHAKE]: Received client indexed reply 2 of type net.minecraftforge.network.HandshakeMessages$C2SAcknowledge
[09Dec2025 04:18:47.962] [Netty Epoll Server IO #3/DEBUG] [net.minecraftforge.network.HandshakeHandler/FMLHANDSHAKE]: Received acknowledgement from client
[09Dec2025 04:18:47.962] [Netty Epoll Server IO #3/DEBUG] [net.minecraftforge.network.LoginWrapper/FMLHANDSHAKE]: Recieved login wrapper packet event for channel fml:handshake with index 3
[09Dec2025 04:18:47.962] [Netty Epoll Server IO #3/DEBUG] [net.minecraftforge.network.HandshakeHandler/FMLHANDSHAKE]: Received client indexed reply 3 of type net.minecraftforge.network.HandshakeMessages$C2SAcknowledge
[09Dec2025 04:18:47.962] [Netty Epoll Server IO #3/DEBUG] [net.minecraftforge.network.HandshakeHandler/FMLHANDSHAKE]: Received acknowledgement from client
[09Dec2025 04:18:48.002] [Server thread/DEBUG] [net.minecraftforge.network.HandshakeHandler/FMLHANDSHAKE]: Sending ticking packet info 'Registry vampirism:refinement' to 'fml:handshake' sequence 6
[09Dec2025 04:18:48.052] [Server thread/DEBUG] [net.minecraftforge.network.HandshakeHandler/FMLHANDSHAKE]: Sending ticking packet info 'Registry minecraft:block_entity_type' to 'fml:handshake' sequence 7
[09Dec2025 04:18:48.102] [Server thread/DEBUG] [net.minecraftforge.network.HandshakeHandler/FMLHANDSHAKE]: Sending ticking packet info 'Registry forge:display_contexts' to 'fml:handshake' sequence 8
[09Dec2025 04:18:48.152] [Server thread/DEBUG] [net.minecraftforge.network.HandshakeHandler/FMLHANDSHAKE]: Sending ticking packet info 'Registry vampirism:task_unlocker' to 'fml:handshake' sequence 9
[09Dec2025 04:18:48.176] [Netty Epoll Server IO #3/DEBUG] [net.minecraftforge.network.LoginWrapper/FMLHANDSHAKE]: Recieved login wrapper packet event for channel fml:handshake with index 4
[09Dec2025 04:18:48.176] [Netty Epoll Server IO #3/DEBUG] [net.minecraftforge.network.HandshakeHandler/FMLHANDSHAKE]: Received client indexed reply 4 of type net.minecraftforge.network.HandshakeMessages$C2SAcknowledge
[09Dec2025 04:18:48.176] [Netty Epoll Server IO #3/DEBUG] [net.minecraftforge.network.HandshakeHandler/FMLHANDSHAKE]: Received acknowledgement from client
[09Dec2025 04:18:48.202] [Server thread/DEBUG] [net.minecraftforge.network.HandshakeHandler/FMLHANDSHAKE]: Sending ticking packet info 'Registry vampirism:miniontasks' to 'fml:handshake' sequence 10
[09Dec2025 04:18:48.252] [Server thread/DEBUG] [net.minecraftforge.network.HandshakeHandler/FMLHANDSHAKE]: Sending ticking packet info 'Registry minecraft:stat_type' to 'fml:handshake' sequence 11
[09Dec2025 04:18:48.262] [Netty Epoll Server IO #3/DEBUG] [net.minecraftforge.network.LoginWrapper/FMLHANDSHAKE]: Recieved login wrapper packet event for channel fml:handshake with index 5
[09Dec2025 04:18:48.262] [Netty Epoll Server IO #3/DEBUG] [net.minecraftforge.network.HandshakeHandler/FMLHANDSHAKE]: Received client indexed reply 5 of type net.minecraftforge.network.HandshakeMessages$C2SAcknowledge
[09Dec2025 04:18:48.262] [Netty Epoll Server IO #3/DEBUG] [net.minecraftforge.network.HandshakeHandler/FMLHANDSHAKE]: Received acknowledgement from client
[09Dec2025 04:18:48.262] [Netty Epoll Server IO #3/DEBUG] [net.minecraftforge.network.LoginWrapper/FMLHANDSHAKE]: Recieved login wrapper packet event for channel fml:handshake with index 6
[09Dec2025 04:18:48.263] [Netty Epoll Server IO #3/DEBUG] [net.minecraftforge.network.HandshakeHandler/FMLHANDSHAKE]: Received client indexed reply 6 of type net.minecraftforge.network.HandshakeMessages$C2SAcknowledge
[09Dec2025 04:18:48.263] [Netty Epoll Server IO #3/DEBUG] [net.minecraftforge.network.HandshakeHandler/FMLHANDSHAKE]: Received acknowledgement from client
[09Dec2025 04:18:48.267] [Netty Epoll Server IO #3/DEBUG] [net.minecraftforge.network.LoginWrapper/FMLHANDSHAKE]: Recieved login wrapper packet event for channel fml:handshake with index 7
[09Dec2025 04:18:48.267] [Netty Epoll Server IO #3/DEBUG] [net.minecraftforge.network.HandshakeHandler/FMLHANDSHAKE]: Received client indexed reply 7 of type net.minecraftforge.network.HandshakeMessages$C2SAcknowledge
[09Dec2025 04:18:48.267] [Netty Epoll Server IO #3/DEBUG] [net.minecraftforge.network.HandshakeHandler/FMLHANDSHAKE]: Received acknowledgement from client
[09Dec2025 04:18:48.267] [Netty Epoll Server IO #3/DEBUG] [net.minecraftforge.network.LoginWrapper/FMLHANDSHAKE]: Recieved login wrapper packet event for channel fml:handshake with index 8
[09Dec2025 04:18:48.267] [Netty Epoll Server IO #3/DEBUG] [net.minecraftforge.network.HandshakeHandler/FMLHANDSHAKE]: Received client indexed reply 8 of type net.minecraftforge.network.HandshakeMessages$C2SAcknowledge
[09Dec2025 04:18:48.267] [Netty Epoll Server IO #3/DEBUG] [net.minecraftforge.network.HandshakeHandler/FMLHANDSHAKE]: Received acknowledgement from client
[09Dec2025 04:18:48.267] [Netty Epoll Server IO #3/DEBUG] [net.minecraftforge.network.LoginWrapper/FMLHANDSHAKE]: Recieved login wrapper packet event for channel fml:handshake with index 9
[09Dec2025 04:18:48.267] [Netty Epoll Server IO #3/DEBUG] [net.minecraftforge.network.HandshakeHandler/FMLHANDSHAKE]: Received client indexed reply 9 of type net.minecraftforge.network.HandshakeMessages$C2SAcknowledge
[09Dec2025 04:18:48.267] [Netty Epoll Server IO #3/DEBUG] [net.minecraftforge.network.HandshakeHandler/FMLHANDSHAKE]: Received acknowledgement from client
[09Dec2025 04:18:48.282] [Netty Epoll Server IO #3/DEBUG] [net.minecraftforge.network.LoginWrapper/FMLHANDSHAKE]: Recieved login wrapper packet event for channel fml:handshake with index 10
[09Dec2025 04:18:48.283] [Netty Epoll Server IO #3/DEBUG] [net.minecraftforge.network.HandshakeHandler/FMLHANDSHAKE]: Received client indexed reply 10 of type net.minecraftforge.network.HandshakeMessages$C2SAcknowledge
[09Dec2025 04:18:48.283] [Netty Epoll Server IO #3/DEBUG] [net.minecraftforge.network.HandshakeHandler/FMLHANDSHAKE]: Received acknowledgement from client
[09Dec2025 04:18:48.302] [Server thread/DEBUG] [net.minecraftforge.network.HandshakeHandler/FMLHANDSHAKE]: Sending ticking packet info 'Registry vampirism:skills' to 'fml:handshake' sequence 12
[09Dec2025 04:18:48.352] [Server thread/DEBUG] [net.minecraftforge.network.HandshakeHandler/FMLHANDSHAKE]: Sending ticking packet info 'Registry minecraft:menu' to 'fml:handshake' sequence 13
[09Dec2025 04:18:48.360] [Netty Epoll Server IO #3/DEBUG] [net.minecraftforge.network.LoginWrapper/FMLHANDSHAKE]: Recieved login wrapper packet event for channel fml:handshake with index 11
[09Dec2025 04:18:48.360] [Netty Epoll Server IO #3/DEBUG] [net.minecraftforge.network.HandshakeHandler/FMLHANDSHAKE]: Received client indexed reply 11 of type net.minecraftforge.network.HandshakeMessages$C2SAcknowledge
[09Dec2025 04:18:48.360] [Netty Epoll Server IO #3/DEBUG] [net.minecraftforge.network.HandshakeHandler/FMLHANDSHAKE]: Received acknowledgement from client
[09Dec2025 04:18:48.382] [Netty Epoll Server IO #3/DEBUG] [net.minecraftforge.network.LoginWrapper/FMLHANDSHAKE]: Recieved login wrapper packet event for channel fml:handshake with index 12
[09Dec2025 04:18:48.382] [Netty Epoll Server IO #3/DEBUG] [net.minecraftforge.network.HandshakeHandler/FMLHANDSHAKE]: Received client indexed reply 12 of type net.minecraftforge.network.HandshakeMessages$C2SAcknowledge
[09Dec2025 04:18:48.382] [Netty Epoll Server IO #3/DEBUG] [net.minecraftforge.network.HandshakeHandler/FMLHANDSHAKE]: Received acknowledgement from client
[09Dec2025 04:18:48.402] [Server thread/DEBUG] [net.minecraftforge.network.HandshakeHandler/FMLHANDSHAKE]: Sending ticking packet info 'Registry vampirism:actions' to 'fml:handshake' sequence 14
[09Dec2025 04:18:48.432] [Netty Epoll Server IO #3/DEBUG] [net.minecraftforge.network.LoginWrapper/FMLHANDSHAKE]: Recieved login wrapper packet event for channel fml:handshake with index 13
[09Dec2025 04:18:48.432] [Netty Epoll Server IO #3/DEBUG] [net.minecraftforge.network.HandshakeHandler/FMLHANDSHAKE]: Received client indexed reply 13 of type net.minecraftforge.network.HandshakeMessages$C2SAcknowledge
[09Dec2025 04:18:48.432] [Netty Epoll Server IO #3/DEBUG] [net.minecraftforge.network.HandshakeHandler/FMLHANDSHAKE]: Received acknowledgement from client
[09Dec2025 04:18:48.452] [Server thread/DEBUG] [net.minecraftforge.network.HandshakeHandler/FMLHANDSHAKE]: Sending ticking packet info 'Registry vampirism:refinement_set' to 'fml:handshake' sequence 15
[09Dec2025 04:18:48.502] [Server thread/DEBUG] [net.minecraftforge.network.HandshakeHandler/FMLHANDSHAKE]: Sending ticking packet info 'Registry minecraft:fluid' to 'fml:handshake' sequence 16
[09Dec2025 04:18:48.552] [Server thread/DEBUG] [net.minecraftforge.network.HandshakeHandler/FMLHANDSHAKE]: Sending ticking packet info 'Registry vampirism:task_requirement' to 'fml:handshake' sequence 17
[09Dec2025 04:18:48.569] [Netty Epoll Server IO #3/DEBUG] [net.minecraftforge.network.LoginWrapper/FMLHANDSHAKE]: Recieved login wrapper packet event for channel fml:handshake with index 14
[09Dec2025 04:18:48.569] [Netty Epoll Server IO #3/DEBUG] [net.minecraftforge.network.HandshakeHandler/FMLHANDSHAKE]: Received client indexed reply 14 of type net.minecraftforge.network.HandshakeMessages$C2SAcknowledge
[09Dec2025 04:18:48.569] [Netty Epoll Server IO #3/DEBUG] [net.minecraftforge.network.HandshakeHandler/FMLHANDSHAKE]: Received acknowledgement from client
[09Dec2025 04:18:48.569] [Netty Epoll Server IO #3/DEBUG] [net.minecraftforge.network.LoginWrapper/FMLHANDSHAKE]: Recieved login wrapper packet event for channel fml:handshake with index 15
[09Dec2025 04:18:48.569] [Netty Epoll Server IO #3/DEBUG] [net.minecraftforge.network.HandshakeHandler/FMLHANDSHAKE]: Received client indexed reply 15 of type net.minecraftforge.network.HandshakeMessages$C2SAcknowledge
[09Dec2025 04:18:48.569] [Netty Epoll Server IO #3/DEBUG] [net.minecraftforge.network.HandshakeHandler/FMLHANDSHAKE]: Received acknowledgement from client
[09Dec2025 04:18:48.583] [Netty Epoll Server IO #3/DEBUG] [net.minecraftforge.network.LoginWrapper/FMLHANDSHAKE]: Recieved login wrapper packet event for channel fml:handshake with index 16
[09Dec2025 04:18:48.583] [Netty Epoll Server IO #3/DEBUG] [net.minecraftforge.network.HandshakeHandler/FMLHANDSHAKE]: Received client indexed reply 16 of type net.minecraftforge.network.HandshakeMessages$C2SAcknowledge
[09Dec2025 04:18:48.583] [Netty Epoll Server IO #3/DEBUG] [net.minecraftforge.network.HandshakeHandler/FMLHANDSHAKE]: Received acknowledgement from client
[09Dec2025 04:18:48.602] [Server thread/DEBUG] [net.minecraftforge.network.HandshakeHandler/FMLHANDSHAKE]: Sending ticking packet info 'Registry minecraft:recipe_serializer' to 'fml:handshake' sequence 18
[09Dec2025 04:18:48.652] [Server thread/DEBUG] [net.minecraftforge.network.HandshakeHandler/FMLHANDSHAKE]: Sending ticking packet info 'Registry minecraft:sound_event' to 'fml:handshake' sequence 19
[09Dec2025 04:18:48.676] [Netty Epoll Server IO #3/DEBUG] [net.minecraftforge.network.LoginWrapper/FMLHANDSHAKE]: Recieved login wrapper packet event for channel fml:handshake with index 17
[09Dec2025 04:18:48.676] [Netty Epoll Server IO #3/DEBUG] [net.minecraftforge.network.HandshakeHandler/FMLHANDSHAKE]: Received client indexed reply 17 of type net.minecraftforge.network.HandshakeMessages$C2SAcknowledge
[09Dec2025 04:18:48.676] [Netty Epoll Server IO #3/DEBUG] [net.minecraftforge.network.HandshakeHandler/FMLHANDSHAKE]: Received acknowledgement from client
[09Dec2025 04:18:48.686] [Netty Epoll Server IO #3/DEBUG] [net.minecraftforge.network.LoginWrapper/FMLHANDSHAKE]: Recieved login wrapper packet event for channel fml:handshake with index 18
[09Dec2025 04:18:48.686] [Netty Epoll Server IO #3/DEBUG] [net.minecraftforge.network.HandshakeHandler/FMLHANDSHAKE]: Received client indexed reply 18 of type net.minecraftforge.network.HandshakeMessages$C2SAcknowledge
[09Dec2025 04:18:48.686] [Netty Epoll Server IO #3/DEBUG] [net.minecraftforge.network.HandshakeHandler/FMLHANDSHAKE]: Received acknowledgement from client
[09Dec2025 04:18:48.702] [Server thread/DEBUG] [net.minecraftforge.network.HandshakeHandler/FMLHANDSHAKE]: Sending ticking packet info 'Registry minecraft:particle_type' to 'fml:handshake' sequence 20
[09Dec2025 04:18:48.752] [Server thread/DEBUG] [net.minecraftforge.network.HandshakeHandler/FMLHANDSHAKE]: Sending ticking packet info 'Registry minecraft:painting_variant' to 'fml:handshake' sequence 21
[09Dec2025 04:18:48.802] [Server thread/DEBUG] [net.minecraftforge.network.HandshakeHandler/FMLHANDSHAKE]: Sending ticking packet info 'Registry forge:fluid_type' to 'fml:handshake' sequence 22
[09Dec2025 04:18:48.852] [Server thread/DEBUG] [net.minecraftforge.network.HandshakeHandler/FMLHANDSHAKE]: Sending ticking packet info 'Registry minecraft:block' to 'fml:handshake' sequence 23
[09Dec2025 04:18:48.902] [Server thread/DEBUG] [net.minecraftforge.network.HandshakeHandler/FMLHANDSHAKE]: Sending ticking packet info 'Registry forge:entity_data_serializers' to 'fml:handshake' sequence 24
[09Dec2025 04:18:48.952] [Server thread/DEBUG] [net.minecraftforge.network.HandshakeHandler/FMLHANDSHAKE]: Sending ticking packet info 'Registry vampirism:task_reward' to 'fml:handshake' sequence 25
[09Dec2025 04:18:48.986] [Netty Epoll Server IO #3/DEBUG] [net.minecraftforge.network.LoginWrapper/FMLHANDSHAKE]: Recieved login wrapper packet event for channel fml:handshake with index 19
[09Dec2025 04:18:48.986] [Netty Epoll Server IO #3/DEBUG] [net.minecraftforge.network.HandshakeHandler/FMLHANDSHAKE]: Received client indexed reply 19 of type net.minecraftforge.network.HandshakeMessages$C2SAcknowledge
[09Dec2025 04:18:48.986] [Netty Epoll Server IO #3/DEBUG] [net.minecraftforge.network.HandshakeHandler/FMLHANDSHAKE]: Received acknowledgement from client
[09Dec2025 04:18:48.986] [Netty Epoll Server IO #3/DEBUG] [net.minecraftforge.network.LoginWrapper/FMLHANDSHAKE]: Recieved login wrapper packet event for channel fml:handshake with index 20
[09Dec2025 04:18:48.986] [Netty Epoll Server IO #3/DEBUG] [net.minecraftforge.network.HandshakeHandler/FMLHANDSHAKE]: Received client indexed reply 20 of type net.minecraftforge.network.HandshakeMessages$C2SAcknowledge
[09Dec2025 04:18:48.987] [Netty Epoll Server IO #3/DEBUG] [net.minecraftforge.network.HandshakeHandler/FMLHANDSHAKE]: Received acknowledgement from client
[09Dec2025 04:18:48.987] [Netty Epoll Server IO #3/DEBUG] [net.minecraftforge.network.LoginWrapper/FMLHANDSHAKE]: Recieved login wrapper packet event for channel fml:handshake with index 21
[09Dec2025 04:18:48.987] [Netty Epoll Server IO #3/DEBUG] [net.minecraftforge.network.HandshakeHandler/FMLHANDSHAKE]: Received client indexed reply 21 of type net.minecraftforge.network.HandshakeMessages$C2SAcknowledge
[09Dec2025 04:18:48.987] [Netty Epoll Server IO #3/DEBUG] [net.minecraftforge.network.HandshakeHandler/FMLHANDSHAKE]: Received acknowledgement from client
[09Dec2025 04:18:49.002] [Server thread/DEBUG] [net.minecraftforge.network.HandshakeHandler/FMLHANDSHAKE]: Sending ticking packet info 'Registry vampirism:oil' to 'fml:handshake' sequence 26
[09Dec2025 04:18:49.052] [Server thread/DEBUG] [net.minecraftforge.network.HandshakeHandler/FMLHANDSHAKE]: Sending ticking packet info 'Registry vampirism:converting_handler' to 'fml:handshake' sequence 27
[09Dec2025 04:18:49.080] [Netty Epoll Server IO #3/DEBUG] [net.minecraftforge.network.LoginWrapper/FMLHANDSHAKE]: Recieved login wrapper packet event for channel fml:handshake with index 22
[09Dec2025 04:18:49.080] [Netty Epoll Server IO #3/DEBUG] [net.minecraftforge.network.HandshakeHandler/FMLHANDSHAKE]: Received client indexed reply 22 of type net.minecraftforge.network.HandshakeMessages$C2SAcknowledge
[09Dec2025 04:18:49.080] [Netty Epoll Server IO #3/DEBUG] [net.minecraftforge.network.HandshakeHandler/FMLHANDSHAKE]: Received acknowledgement from client
[09Dec2025 04:18:49.090] [Netty Epoll Server IO #3/DEBUG] [net.minecraftforge.network.LoginWrapper/FMLHANDSHAKE]: Recieved login wrapper packet event for channel fml:handshake with index 23
[09Dec2025 04:18:49.090] [Netty Epoll Server IO #3/DEBUG] [net.minecraftforge.network.HandshakeHandler/FMLHANDSHAKE]: Received client indexed reply 23 of type net.minecraftforge.network.HandshakeMessages$C2SAcknowledge
[09Dec2025 04:18:49.090] [Netty Epoll Server IO #3/DEBUG] [net.minecraftforge.network.HandshakeHandler/FMLHANDSHAKE]: Received acknowledgement from client
[09Dec2025 04:18:49.095] [Netty Epoll Server IO #3/DEBUG] [net.minecraftforge.network.LoginWrapper/FMLHANDSHAKE]: Recieved login wrapper packet event for channel fml:handshake with index 24
[09Dec2025 04:18:49.096] [Netty Epoll Server IO #3/DEBUG] [net.minecraftforge.network.HandshakeHandler/FMLHANDSHAKE]: Received client indexed reply 24 of type net.minecraftforge.network.HandshakeMessages$C2SAcknowledge
[09Dec2025 04:18:49.096] [Netty Epoll Server IO #3/DEBUG] [net.minecraftforge.network.HandshakeHandler/FMLHANDSHAKE]: Received acknowledgement from client
[09Dec2025 04:18:49.096] [Netty Epoll Server IO #3/DEBUG] [net.minecraftforge.network.LoginWrapper/FMLHANDSHAKE]: Recieved login wrapper packet event for channel fml:handshake with index 25
[09Dec2025 04:18:49.096] [Netty Epoll Server IO #3/DEBUG] [net.minecraftforge.network.HandshakeHandler/FMLHANDSHAKE]: Received client indexed reply 25 of type net.minecraftforge.network.HandshakeMessages$C2SAcknowledge
[09Dec2025 04:18:49.096] [Netty Epoll Server IO #3/DEBUG] [net.minecraftforge.network.HandshakeHandler/FMLHANDSHAKE]: Received acknowledgement from client
[09Dec2025 04:18:49.096] [Netty Epoll Server IO #3/DEBUG] [net.minecraftforge.network.LoginWrapper/FMLHANDSHAKE]: Recieved login wrapper packet event for channel fml:handshake with index 26
[09Dec2025 04:18:49.096] [Netty Epoll Server IO #3/DEBUG] [net.minecraftforge.network.HandshakeHandler/FMLHANDSHAKE]: Received client indexed reply 26 of type net.minecraftforge.network.HandshakeMessages$C2SAcknowledge
[09Dec2025 04:18:49.096] [Netty Epoll Server IO #3/DEBUG] [net.minecraftforge.network.HandshakeHandler/FMLHANDSHAKE]: Received acknowledgement from client
[09Dec2025 04:18:49.102] [Server thread/DEBUG] [net.minecraftforge.network.HandshakeHandler/FMLHANDSHAKE]: Sending ticking packet info 'Registry minecraft:mob_effect' to 'fml:handshake' sequence 28
[09Dec2025 04:18:49.138] [Netty Epoll Server IO #3/DEBUG] [net.minecraftforge.network.LoginWrapper/FMLHANDSHAKE]: Recieved login wrapper packet event for channel fml:handshake with index 27
[09Dec2025 04:18:49.138] [Netty Epoll Server IO #3/DEBUG] [net.minecraftforge.network.HandshakeHandler/FMLHANDSHAKE]: Received client indexed reply 27 of type net.minecraftforge.network.HandshakeMessages$C2SAcknowledge
[09Dec2025 04:18:49.138] [Netty Epoll Server IO #3/DEBUG] [net.minecraftforge.network.HandshakeHandler/FMLHANDSHAKE]: Received acknowledgement from client
[09Dec2025 04:18:49.152] [Server thread/DEBUG] [net.minecraftforge.network.HandshakeHandler/FMLHANDSHAKE]: Sending ticking packet info 'Registry vampirism:entityactions' to 'fml:handshake' sequence 29
[09Dec2025 04:18:49.184] [Netty Epoll Server IO #3/DEBUG] [net.minecraftforge.network.LoginWrapper/FMLHANDSHAKE]: Recieved login wrapper packet event for channel fml:handshake with index 28
[09Dec2025 04:18:49.184] [Netty Epoll Server IO #3/DEBUG] [net.minecraftforge.network.HandshakeHandler/FMLHANDSHAKE]: Received client indexed reply 28 of type net.minecraftforge.network.HandshakeMessages$C2SAcknowledge
[09Dec2025 04:18:49.184] [Netty Epoll Server IO #3/DEBUG] [net.minecraftforge.network.HandshakeHandler/FMLHANDSHAKE]: Received acknowledgement from client
[09Dec2025 04:18:49.202] [Server thread/DEBUG] [net.minecraftforge.network.HandshakeHandler/FMLHANDSHAKE]: Sending ticking packet info 'Registry minecraft:enchantment' to 'fml:handshake' sequence 30
[09Dec2025 04:18:49.240] [Netty Epoll Server IO #3/DEBUG] [net.minecraftforge.network.LoginWrapper/FMLHANDSHAKE]: Recieved login wrapper packet event for channel fml:handshake with index 29
[09Dec2025 04:18:49.240] [Netty Epoll Server IO #3/DEBUG] [net.minecraftforge.network.HandshakeHandler/FMLHANDSHAKE]: Received client indexed reply 29 of type net.minecraftforge.network.HandshakeMessages$C2SAcknowledge
[09Dec2025 04:18:49.240] [Netty Epoll Server IO #3/DEBUG] [net.minecraftforge.network.HandshakeHandler/FMLHANDSHAKE]: Received acknowledgement from client
[09Dec2025 04:18:49.252] [Server thread/DEBUG] [net.minecraftforge.network.HandshakeHandler/FMLHANDSHAKE]: Sending ticking packet info 'Registry vampirism:task_reward_instance' to 'fml:handshake' sequence 31
[09Dec2025 04:18:49.302] [Server thread/DEBUG] [net.minecraftforge.network.HandshakeHandler/FMLHANDSHAKE]: Sending ticking packet info 'Registry minecraft:entity_type' to 'fml:handshake' sequence 32
[09Dec2025 04:18:49.352] [Server thread/DEBUG] [net.minecraftforge.network.HandshakeHandler/FMLHANDSHAKE]: Sending ticking packet info 'Config shw-server.toml' to 'fml:handshake' sequence 33
[09Dec2025 04:18:49.384] [Netty Epoll Server IO #3/DEBUG] [net.minecraftforge.network.LoginWrapper/FMLHANDSHAKE]: Recieved login wrapper packet event for channel fml:handshake with index 30
[09Dec2025 04:18:49.384] [Netty Epoll Server IO #3/DEBUG] [net.minecraftforge.network.HandshakeHandler/FMLHANDSHAKE]: Received client indexed reply 30 of type net.minecraftforge.network.HandshakeMessages$C2SAcknowledge
[09Dec2025 04:18:49.384] [Netty Epoll Server IO #3/DEBUG] [net.minecraftforge.network.HandshakeHandler/FMLHANDSHAKE]: Received acknowledgement from client
[09Dec2025 04:18:49.388] [Netty Epoll Server IO #3/DEBUG] [net.minecraftforge.network.LoginWrapper/FMLHANDSHAKE]: Recieved login wrapper packet event for channel fml:handshake with index 31
[09Dec2025 04:18:49.389] [Netty Epoll Server IO #3/DEBUG] [net.minecraftforge.network.HandshakeHandler/FMLHANDSHAKE]: Received client indexed reply 31 of type net.minecraftforge.network.HandshakeMessages$C2SAcknowledge
[09Dec2025 04:18:49.389] [Netty Epoll Server IO #3/DEBUG] [net.minecraftforge.network.HandshakeHandler/FMLHANDSHAKE]: Received acknowledgement from client
[09Dec2025 04:18:49.402] [Server thread/DEBUG] [net.minecraftforge.network.HandshakeHandler/FMLHANDSHAKE]: Sending ticking packet info 'Config vampirism-server.toml' to 'fml:handshake' sequence 34
[09Dec2025 04:18:49.452] [Server thread/DEBUG] [net.minecraftforge.network.HandshakeHandler/FMLHANDSHAKE]: Sending ticking packet info 'Config vampirism-balance.toml' to 'fml:handshake' sequence 35
[09Dec2025 04:18:49.502] [Server thread/DEBUG] [net.minecraftforge.network.HandshakeHandler/FMLHANDSHAKE]: Sending ticking packet info 'Config jei-server.toml' to 'fml:handshake' sequence 36
[09Dec2025 04:18:49.522] [Netty Epoll Server IO #3/DEBUG] [net.minecraftforge.network.LoginWrapper/FMLHANDSHAKE]: Recieved login wrapper packet event for channel fml:handshake with index 32
[09Dec2025 04:18:49.522] [Netty Epoll Server IO #3/DEBUG] [net.minecraftforge.network.HandshakeHandler/FMLHANDSHAKE]: Received client indexed reply 32 of type net.minecraftforge.network.HandshakeMessages$C2SAcknowledge
[09Dec2025 04:18:49.522] [Netty Epoll Server IO #3/DEBUG] [net.minecraftforge.network.HandshakeHandler/FMLHANDSHAKE]: Received acknowledgement from client
[09Dec2025 04:18:49.522] [Netty Epoll Server IO #3/DEBUG] [net.minecraftforge.network.LoginWrapper/FMLHANDSHAKE]: Recieved login wrapper packet event for channel fml:handshake with index 33
[09Dec2025 04:18:49.522] [Netty Epoll Server IO #3/DEBUG] [net.minecraftforge.network.HandshakeHandler/FMLHANDSHAKE]: Received client indexed reply 33 of type net.minecraftforge.network.HandshakeMessages$C2SAcknowledge
[09Dec2025 04:18:49.522] [Netty Epoll Server IO #3/DEBUG] [net.minecraftforge.network.HandshakeHandler/FMLHANDSHAKE]: Received acknowledgement from client
[09Dec2025 04:18:49.526] [Netty Epoll Server IO #3/DEBUG] [net.minecraftforge.network.LoginWrapper/FMLHANDSHAKE]: Recieved login wrapper packet event for channel fml:handshake with index 34
[09Dec2025 04:18:49.526] [Netty Epoll Server IO #3/DEBUG] [net.minecraftforge.network.HandshakeHandler/FMLHANDSHAKE]: Received client indexed reply 34 of type net.minecraftforge.network.HandshakeMessages$C2SAcknowledge
[09Dec2025 04:18:49.526] [Netty Epoll Server IO #3/DEBUG] [net.minecraftforge.network.HandshakeHandler/FMLHANDSHAKE]: Received acknowledgement from client
[09Dec2025 04:18:49.547] [Netty Epoll Server IO #3/DEBUG] [net.minecraftforge.network.LoginWrapper/FMLHANDSHAKE]: Recieved login wrapper packet event for channel fml:handshake with index 35
[09Dec2025 04:18:49.547] [Netty Epoll Server IO #3/DEBUG] [net.minecraftforge.network.HandshakeHandler/FMLHANDSHAKE]: Received client indexed reply 35 of type net.minecraftforge.network.HandshakeMessages$C2SAcknowledge
[09Dec2025 04:18:49.547] [Netty Epoll Server IO #3/DEBUG] [net.minecraftforge.network.HandshakeHandler/FMLHANDSHAKE]: Received acknowledgement from client
[09Dec2025 04:18:49.552] [Server thread/DEBUG] [net.minecraftforge.network.HandshakeHandler/FMLHANDSHAKE]: Sending ticking packet info 'Config forge-server.toml' to 'fml:handshake' sequence 37
[09Dec2025 04:18:49.598] [Netty Epoll Server IO #3/DEBUG] [net.minecraftforge.network.LoginWrapper/FMLHANDSHAKE]: Recieved login wrapper packet event for channel fml:handshake with index 36
[09Dec2025 04:18:49.598] [Netty Epoll Server IO #3/DEBUG] [net.minecraftforge.network.HandshakeHandler/FMLHANDSHAKE]: Received client indexed reply 36 of type net.minecraftforge.network.HandshakeMessages$C2SAcknowledge
[09Dec2025 04:18:49.598] [Netty Epoll Server IO #3/DEBUG] [net.minecraftforge.network.HandshakeHandler/FMLHANDSHAKE]: Received acknowledgement from client
[09Dec2025 04:18:49.698] [Netty Epoll Server IO #3/DEBUG] [net.minecraftforge.network.LoginWrapper/FMLHANDSHAKE]: Recieved login wrapper packet event for channel fml:handshake with index 37
[09Dec2025 04:18:49.698] [Netty Epoll Server IO #3/DEBUG] [net.minecraftforge.network.HandshakeHandler/FMLHANDSHAKE]: Received client indexed reply 37 of type net.minecraftforge.network.HandshakeMessages$C2SAcknowledge
[09Dec2025 04:18:49.698] [Netty Epoll Server IO #3/DEBUG] [net.minecraftforge.network.HandshakeHandler/FMLHANDSHAKE]: Received acknowledgement from client
[09Dec2025 04:18:49.702] [Server thread/DEBUG] [net.minecraftforge.network.HandshakeHandler/FMLHANDSHAKE]: Handshake complete!
[09Dec2025 04:18:50.050] [Server thread/DEBUG] [de.teamlapen.vampirism.entity.factions.FactionPlayerHandler/FACTIONS]: PARCHES_666 has new faction level vampirism:hunter 6
[09Dec2025 04:18:50.054] [Server thread/INFO] [net.minecraft.server.players.PlayerList/]: PARCHES_666[/127.253.126.56:33197] logged in with entity id 2040 at (3953.1284729526083, 64.09249221076344, -6716.407520986204)
[09Dec2025 04:18:50.055] [Server thread/DEBUG] [net.minecraftforge.network.filters.NetworkFilters/]: Injected net.minecraftforge.network.filters.ForgeConnectionNetworkFilter@6345d6fe into net.minecraft.network.Connection@4ee94e05
[09Dec2025 04:18:50.056] [Server thread/DEBUG] [ModernFix/]: Sending ID correction packet to client with 88 classes
[09Dec2025 04:18:50.099] [Server thread/INFO] [ModernFix/]: Using enhanced recipe sync for player PARCHES_666
[09Dec2025 04:18:50.103] [Server thread/INFO] [net.minecraft.server.MinecraftServer/]: PARCHES_666 joined the game
